INFO 2026-06-29 16:11:14,834 services 8448 19020 Verification email sent to user 1
WARNING 2026-06-29 16:56:50,284 exceptions 11092 19764 API error 400: role: Only student self-registration is allowed.
INFO 2026-06-29 16:58:40,201 services 11092 19764 Verification email queued for user 1
WARNING 2026-06-29 16:58:42,363 exceptions 11092 19764 API error 404: No Course matches the given query.
WARNING 2026-06-29 16:58:45,381 exceptions 11092 19764 API error 404: No Course matches the given query.
WARNING 2026-06-29 17:11:29,379 exceptions 17668 21316 API error 400: role: Only student self-registration is allowed.
INFO 2026-06-29 17:13:18,629 services 17668 21316 Verification email queued for user 1
WARNING 2026-06-29 17:13:20,716 exceptions 17668 21316 API error 404: No Course matches the given query.
WARNING 2026-06-29 17:13:25,936 exceptions 17668 21316 API error 404: No Course matches the given query.
WARNING 2026-07-09 14:12:58,915 exceptions 16344 19408 API error 400: email: This field is required.
ERROR 2026-07-09 14:25:57,361 exceptions 11964 4524 Unhandled exception: relation "users" does not exist
LINE 1: SELECT 1 AS "a" FROM "users" WHERE "users"."email" = 'studen...
                             ^

Traceback (most recent call last):
  File "C:\Users\Ammar\OneDrive\Desktop\LMS_project\.venv\Lib\site-packages\django\db\backends\utils.py", line 105, in _execute
    return self.cursor.execute(sql, params)
           ~~~~~~~~~~~~~~~~~~~^^^^^^^^^^^^^
psycopg2.errors.UndefinedTable: relation "users" does not exist
LINE 1: SELECT 1 AS "a" FROM "users" WHERE "users"."email" = 'studen...
                             ^


The above exception was the direct cause of the following exception:

Traceback (most recent call last):
  File "C:\Users\Ammar\OneDrive\Desktop\LMS_project\.venv\Lib\site-packages\rest_framework\views.py", line 512, in dispatch
    response = handler(request, *args, **kwargs)
  File "C:\Users\Ammar\OneDrive\Desktop\LMS_project\apps\accounts\views.py", line 42, in post
    if serializer.is_valid():
       ~~~~~~~~~~~~~~~~~~~^^
  File "C:\Users\Ammar\OneDrive\Desktop\LMS_project\.venv\Lib\site-packages\rest_framework\serializers.py", line 225, in is_valid
    self._validated_data = self.run_validation(self.initial_data)
                           ~~~~~~~~~~~~~~~~~~~^^^^^^^^^^^^^^^^^^^
  File "C:\Users\Ammar\OneDrive\Desktop\LMS_project\.venv\Lib\site-packages\rest_framework\serializers.py", line 456, in run_validation
    value = self.to_internal_value(data)
  File "C:\Users\Ammar\OneDrive\Desktop\LMS_project\.venv\Lib\site-packages\rest_framework\serializers.py", line 513, in to_internal_value
    validated_value = field.run_validation(primitive_value)
  File "C:\Users\Ammar\OneDrive\Desktop\LMS_project\.venv\Lib\site-packages\rest_framework\fields.py", line 757, in run_validation
    return super().run_validation(data)
           ~~~~~~~~~~~~~~~~~~~~~~^^^^^^
  File "C:\Users\Ammar\OneDrive\Desktop\LMS_project\.venv\Lib\site-packages\rest_framework\fields.py", line 539, in run_validation
    self.run_validators(value)
    ~~~~~~~~~~~~~~~~~~~^^^^^^^
  File "C:\Users\Ammar\OneDrive\Desktop\LMS_project\.venv\Lib\site-packages\rest_framework\fields.py", line 551, in run_validators
    validator(value, self)
    ~~~~~~~~~^^^^^^^^^^^^^
  File "C:\Users\Ammar\OneDrive\Desktop\LMS_project\.venv\Lib\site-packages\rest_framework\validators.py", line 86, in __call__
    if qs_exists(queryset):
       ~~~~~~~~~^^^^^^^^^^
  File "C:\Users\Ammar\OneDrive\Desktop\LMS_project\.venv\Lib\site-packages\rest_framework\validators.py", line 23, in qs_exists
    return queryset.exists()
           ~~~~~~~~~~~~~~~^^
  File "C:\Users\Ammar\OneDrive\Desktop\LMS_project\.venv\Lib\site-packages\django\db\models\query.py", line 1298, in exists
    return self.query.has_results(using=self.db)
           ~~~~~~~~~~~~~~~~~~~~~~^^^^^^^^^^^^^^^
  File "C:\Users\Ammar\OneDrive\Desktop\LMS_project\.venv\Lib\site-packages\django\db\models\sql\query.py", line 676, in has_results
    return compiler.has_results()
           ~~~~~~~~~~~~~~~~~~~~^^
  File "C:\Users\Ammar\OneDrive\Desktop\LMS_project\.venv\Lib\site-packages\django\db\models\sql\compiler.py", line 1591, in has_results
    return bool(self.execute_sql(SINGLE))
                ~~~~~~~~~~~~~~~~^^^^^^^^
  File "C:\Users\Ammar\OneDrive\Desktop\LMS_project\.venv\Lib\site-packages\django\db\models\sql\compiler.py", line 1623, in execute_sql
    cursor.execute(sql, params)
    ~~~~~~~~~~~~~~^^^^^^^^^^^^^
  File "C:\Users\Ammar\OneDrive\Desktop\LMS_project\.venv\Lib\site-packages\django\db\backends\utils.py", line 122, in execute
    return super().execute(sql, params)
           ~~~~~~~~~~~~~~~^^^^^^^^^^^^^
  File "C:\Users\Ammar\OneDrive\Desktop\LMS_project\.venv\Lib\site-packages\django\db\backends\utils.py", line 79, in execute
    return self._execute_with_wrappers(
           ~~~~~~~~~~~~~~~~~~~~~~~~~~~^
        sql, params, many=False, executor=self._execute
        ^^^^^^^^^^^^^^^^^^^^^^^^^^^^^^^^^^^^^^^^^^^^^^^
    )
    ^
  File "C:\Users\Ammar\OneDrive\Desktop\LMS_project\.venv\Lib\site-packages\django\db\backends\utils.py", line 92, in _execute_with_wrappers
    return executor(sql, params, many, context)
  File "C:\Users\Ammar\OneDrive\Desktop\LMS_project\.venv\Lib\site-packages\django\db\backends\utils.py", line 100, in _execute
    with self.db.wrap_database_errors:
         ^^^^^^^^^^^^^^^^^^^^^^^^^^^^
  File "C:\Users\Ammar\OneDrive\Desktop\LMS_project\.venv\Lib\site-packages\django\db\utils.py", line 91, in __exit__
    raise dj_exc_value.with_traceback(traceback) from exc_value
  File "C:\Users\Ammar\OneDrive\Desktop\LMS_project\.venv\Lib\site-packages\django\db\backends\utils.py", line 105, in _execute
    return self.cursor.execute(sql, params)
           ~~~~~~~~~~~~~~~~~~~^^^^^^^^^^^^^
django.db.utils.ProgrammingError: relation "users" does not exist
LINE 1: SELECT 1 AS "a" FROM "users" WHERE "users"."email" = 'studen...
                             ^


ERROR 2026-07-09 14:52:09,979 exceptions 10192 2432 Unhandled exception: relation "users" does not exist
LINE 1: SELECT 1 AS "a" FROM "users" WHERE "users"."email" = 'studen...
                             ^

Traceback (most recent call last):
  File "C:\Users\Ammar\OneDrive\Desktop\LMS_project\.venv\Lib\site-packages\django\db\backends\utils.py", line 105, in _execute
    return self.cursor.execute(sql, params)
           ~~~~~~~~~~~~~~~~~~~^^^^^^^^^^^^^
psycopg2.errors.UndefinedTable: relation "users" does not exist
LINE 1: SELECT 1 AS "a" FROM "users" WHERE "users"."email" = 'studen...
                             ^


The above exception was the direct cause of the following exception:

Traceback (most recent call last):
  File "C:\Users\Ammar\OneDrive\Desktop\LMS_project\.venv\Lib\site-packages\rest_framework\views.py", line 512, in dispatch
    response = handler(request, *args, **kwargs)
  File "C:\Users\Ammar\OneDrive\Desktop\LMS_project\apps\accounts\views.py", line 42, in post
    if serializer.is_valid():
       ~~~~~~~~~~~~~~~~~~~^^
  File "C:\Users\Ammar\OneDrive\Desktop\LMS_project\.venv\Lib\site-packages\rest_framework\serializers.py", line 225, in is_valid
    self._validated_data = self.run_validation(self.initial_data)
                           ~~~~~~~~~~~~~~~~~~~^^^^^^^^^^^^^^^^^^^
  File "C:\Users\Ammar\OneDrive\Desktop\LMS_project\.venv\Lib\site-packages\rest_framework\serializers.py", line 456, in run_validation
    value = self.to_internal_value(data)
  File "C:\Users\Ammar\OneDrive\Desktop\LMS_project\.venv\Lib\site-packages\rest_framework\serializers.py", line 513, in to_internal_value
    validated_value = field.run_validation(primitive_value)
  File "C:\Users\Ammar\OneDrive\Desktop\LMS_project\.venv\Lib\site-packages\rest_framework\fields.py", line 757, in run_validation
    return super().run_validation(data)
           ~~~~~~~~~~~~~~~~~~~~~~^^^^^^
  File "C:\Users\Ammar\OneDrive\Desktop\LMS_project\.venv\Lib\site-packages\rest_framework\fields.py", line 539, in run_validation
    self.run_validators(value)
    ~~~~~~~~~~~~~~~~~~~^^^^^^^
  File "C:\Users\Ammar\OneDrive\Desktop\LMS_project\.venv\Lib\site-packages\rest_framework\fields.py", line 551, in run_validators
    validator(value, self)
    ~~~~~~~~~^^^^^^^^^^^^^
  File "C:\Users\Ammar\OneDrive\Desktop\LMS_project\.venv\Lib\site-packages\rest_framework\validators.py", line 86, in __call__
    if qs_exists(queryset):
       ~~~~~~~~~^^^^^^^^^^
  File "C:\Users\Ammar\OneDrive\Desktop\LMS_project\.venv\Lib\site-packages\rest_framework\validators.py", line 23, in qs_exists
    return queryset.exists()
           ~~~~~~~~~~~~~~~^^
  File "C:\Users\Ammar\OneDrive\Desktop\LMS_project\.venv\Lib\site-packages\django\db\models\query.py", line 1298, in exists
    return self.query.has_results(using=self.db)
           ~~~~~~~~~~~~~~~~~~~~~~^^^^^^^^^^^^^^^
  File "C:\Users\Ammar\OneDrive\Desktop\LMS_project\.venv\Lib\site-packages\django\db\models\sql\query.py", line 676, in has_results
    return compiler.has_results()
           ~~~~~~~~~~~~~~~~~~~~^^
  File "C:\Users\Ammar\OneDrive\Desktop\LMS_project\.venv\Lib\site-packages\django\db\models\sql\compiler.py", line 1591, in has_results
    return bool(self.execute_sql(SINGLE))
                ~~~~~~~~~~~~~~~~^^^^^^^^
  File "C:\Users\Ammar\OneDrive\Desktop\LMS_project\.venv\Lib\site-packages\django\db\models\sql\compiler.py", line 1623, in execute_sql
    cursor.execute(sql, params)
    ~~~~~~~~~~~~~~^^^^^^^^^^^^^
  File "C:\Users\Ammar\OneDrive\Desktop\LMS_project\.venv\Lib\site-packages\django\db\backends\utils.py", line 122, in execute
    return super().execute(sql, params)
           ~~~~~~~~~~~~~~~^^^^^^^^^^^^^
  File "C:\Users\Ammar\OneDrive\Desktop\LMS_project\.venv\Lib\site-packages\django\db\backends\utils.py", line 79, in execute
    return self._execute_with_wrappers(
           ~~~~~~~~~~~~~~~~~~~~~~~~~~~^
        sql, params, many=False, executor=self._execute
        ^^^^^^^^^^^^^^^^^^^^^^^^^^^^^^^^^^^^^^^^^^^^^^^
    )
    ^
  File "C:\Users\Ammar\OneDrive\Desktop\LMS_project\.venv\Lib\site-packages\django\db\backends\utils.py", line 92, in _execute_with_wrappers
    return executor(sql, params, many, context)
  File "C:\Users\Ammar\OneDrive\Desktop\LMS_project\.venv\Lib\site-packages\django\db\backends\utils.py", line 100, in _execute
    with self.db.wrap_database_errors:
         ^^^^^^^^^^^^^^^^^^^^^^^^^^^^
  File "C:\Users\Ammar\OneDrive\Desktop\LMS_project\.venv\Lib\site-packages\django\db\utils.py", line 91, in __exit__
    raise dj_exc_value.with_traceback(traceback) from exc_value
  File "C:\Users\Ammar\OneDrive\Desktop\LMS_project\.venv\Lib\site-packages\django\db\backends\utils.py", line 105, in _execute
    return self.cursor.execute(sql, params)
           ~~~~~~~~~~~~~~~~~~~^^^^^^^^^^^^^
django.db.utils.ProgrammingError: relation "users" does not exist
LINE 1: SELECT 1 AS "a" FROM "users" WHERE "users"."email" = 'studen...
                             ^


ERROR 2026-07-09 20:12:29,963 exceptions 988 7780 Unhandled exception: relation "users" does not exist
LINE 1: SELECT 1 AS "a" FROM "users" WHERE "users"."email" = 'studen...
                             ^

Traceback (most recent call last):
  File "C:\Users\Ammar\OneDrive\Desktop\LMS_project\.venv\Lib\site-packages\django\db\backends\utils.py", line 105, in _execute
    return self.cursor.execute(sql, params)
           ~~~~~~~~~~~~~~~~~~~^^^^^^^^^^^^^
psycopg2.errors.UndefinedTable: relation "users" does not exist
LINE 1: SELECT 1 AS "a" FROM "users" WHERE "users"."email" = 'studen...
                             ^


The above exception was the direct cause of the following exception:

Traceback (most recent call last):
  File "C:\Users\Ammar\OneDrive\Desktop\LMS_project\.venv\Lib\site-packages\rest_framework\views.py", line 512, in dispatch
    response = handler(request, *args, **kwargs)
  File "C:\Users\Ammar\OneDrive\Desktop\LMS_project\apps\users\views.py", line 42, in post
    if serializer.is_valid():
       ~~~~~~~~~~~~~~~~~~~^^
  File "C:\Users\Ammar\OneDrive\Desktop\LMS_project\.venv\Lib\site-packages\rest_framework\serializers.py", line 225, in is_valid
    self._validated_data = self.run_validation(self.initial_data)
                           ~~~~~~~~~~~~~~~~~~~^^^^^^^^^^^^^^^^^^^
  File "C:\Users\Ammar\OneDrive\Desktop\LMS_project\.venv\Lib\site-packages\rest_framework\serializers.py", line 456, in run_validation
    value = self.to_internal_value(data)
  File "C:\Users\Ammar\OneDrive\Desktop\LMS_project\.venv\Lib\site-packages\rest_framework\serializers.py", line 513, in to_internal_value
    validated_value = field.run_validation(primitive_value)
  File "C:\Users\Ammar\OneDrive\Desktop\LMS_project\.venv\Lib\site-packages\rest_framework\fields.py", line 757, in run_validation
    return super().run_validation(data)
           ~~~~~~~~~~~~~~~~~~~~~~^^^^^^
  File "C:\Users\Ammar\OneDrive\Desktop\LMS_project\.venv\Lib\site-packages\rest_framework\fields.py", line 539, in run_validation
    self.run_validators(value)
    ~~~~~~~~~~~~~~~~~~~^^^^^^^
  File "C:\Users\Ammar\OneDrive\Desktop\LMS_project\.venv\Lib\site-packages\rest_framework\fields.py", line 551, in run_validators
    validator(value, self)
    ~~~~~~~~~^^^^^^^^^^^^^
  File "C:\Users\Ammar\OneDrive\Desktop\LMS_project\.venv\Lib\site-packages\rest_framework\validators.py", line 86, in __call__
    if qs_exists(queryset):
       ~~~~~~~~~^^^^^^^^^^
  File "C:\Users\Ammar\OneDrive\Desktop\LMS_project\.venv\Lib\site-packages\rest_framework\validators.py", line 23, in qs_exists
    return queryset.exists()
           ~~~~~~~~~~~~~~~^^
  File "C:\Users\Ammar\OneDrive\Desktop\LMS_project\.venv\Lib\site-packages\django\db\models\query.py", line 1298, in exists
    return self.query.has_results(using=self.db)
           ~~~~~~~~~~~~~~~~~~~~~~^^^^^^^^^^^^^^^
  File "C:\Users\Ammar\OneDrive\Desktop\LMS_project\.venv\Lib\site-packages\django\db\models\sql\query.py", line 676, in has_results
    return compiler.has_results()
           ~~~~~~~~~~~~~~~~~~~~^^
  File "C:\Users\Ammar\OneDrive\Desktop\LMS_project\.venv\Lib\site-packages\django\db\models\sql\compiler.py", line 1591, in has_results
    return bool(self.execute_sql(SINGLE))
                ~~~~~~~~~~~~~~~~^^^^^^^^
  File "C:\Users\Ammar\OneDrive\Desktop\LMS_project\.venv\Lib\site-packages\django\db\models\sql\compiler.py", line 1623, in execute_sql
    cursor.execute(sql, params)
    ~~~~~~~~~~~~~~^^^^^^^^^^^^^
  File "C:\Users\Ammar\OneDrive\Desktop\LMS_project\.venv\Lib\site-packages\django\db\backends\utils.py", line 122, in execute
    return super().execute(sql, params)
           ~~~~~~~~~~~~~~~^^^^^^^^^^^^^
  File "C:\Users\Ammar\OneDrive\Desktop\LMS_project\.venv\Lib\site-packages\django\db\backends\utils.py", line 79, in execute
    return self._execute_with_wrappers(
           ~~~~~~~~~~~~~~~~~~~~~~~~~~~^
        sql, params, many=False, executor=self._execute
        ^^^^^^^^^^^^^^^^^^^^^^^^^^^^^^^^^^^^^^^^^^^^^^^
    )
    ^
  File "C:\Users\Ammar\OneDrive\Desktop\LMS_project\.venv\Lib\site-packages\django\db\backends\utils.py", line 92, in _execute_with_wrappers
    return executor(sql, params, many, context)
  File "C:\Users\Ammar\OneDrive\Desktop\LMS_project\.venv\Lib\site-packages\django\db\backends\utils.py", line 100, in _execute
    with self.db.wrap_database_errors:
         ^^^^^^^^^^^^^^^^^^^^^^^^^^^^
  File "C:\Users\Ammar\OneDrive\Desktop\LMS_project\.venv\Lib\site-packages\django\db\utils.py", line 91, in __exit__
    raise dj_exc_value.with_traceback(traceback) from exc_value
  File "C:\Users\Ammar\OneDrive\Desktop\LMS_project\.venv\Lib\site-packages\django\db\backends\utils.py", line 105, in _execute
    return self.cursor.execute(sql, params)
           ~~~~~~~~~~~~~~~~~~~^^^^^^^^^^^^^
django.db.utils.ProgrammingError: relation "users" does not exist
LINE 1: SELECT 1 AS "a" FROM "users" WHERE "users"."email" = 'studen...
                             ^


ERROR 2026-07-09 20:16:22,660 exceptions 988 16856 Unhandled exception: relation "users" does not exist
LINE 1: SELECT 1 AS "a" FROM "users" WHERE "users"."email" = 'studen...
                             ^

Traceback (most recent call last):
  File "C:\Users\Ammar\OneDrive\Desktop\LMS_project\.venv\Lib\site-packages\django\db\backends\utils.py", line 105, in _execute
    return self.cursor.execute(sql, params)
           ~~~~~~~~~~~~~~~~~~~^^^^^^^^^^^^^
psycopg2.errors.UndefinedTable: relation "users" does not exist
LINE 1: SELECT 1 AS "a" FROM "users" WHERE "users"."email" = 'studen...
                             ^


The above exception was the direct cause of the following exception:

Traceback (most recent call last):
  File "C:\Users\Ammar\OneDrive\Desktop\LMS_project\.venv\Lib\site-packages\rest_framework\views.py", line 512, in dispatch
    response = handler(request, *args, **kwargs)
  File "C:\Users\Ammar\OneDrive\Desktop\LMS_project\apps\users\views.py", line 42, in post
    if serializer.is_valid():
       ~~~~~~~~~~~~~~~~~~~^^
  File "C:\Users\Ammar\OneDrive\Desktop\LMS_project\.venv\Lib\site-packages\rest_framework\serializers.py", line 225, in is_valid
    self._validated_data = self.run_validation(self.initial_data)
                           ~~~~~~~~~~~~~~~~~~~^^^^^^^^^^^^^^^^^^^
  File "C:\Users\Ammar\OneDrive\Desktop\LMS_project\.venv\Lib\site-packages\rest_framework\serializers.py", line 456, in run_validation
    value = self.to_internal_value(data)
  File "C:\Users\Ammar\OneDrive\Desktop\LMS_project\.venv\Lib\site-packages\rest_framework\serializers.py", line 513, in to_internal_value
    validated_value = field.run_validation(primitive_value)
  File "C:\Users\Ammar\OneDrive\Desktop\LMS_project\.venv\Lib\site-packages\rest_framework\fields.py", line 757, in run_validation
    return super().run_validation(data)
           ~~~~~~~~~~~~~~~~~~~~~~^^^^^^
  File "C:\Users\Ammar\OneDrive\Desktop\LMS_project\.venv\Lib\site-packages\rest_framework\fields.py", line 539, in run_validation
    self.run_validators(value)
    ~~~~~~~~~~~~~~~~~~~^^^^^^^
  File "C:\Users\Ammar\OneDrive\Desktop\LMS_project\.venv\Lib\site-packages\rest_framework\fields.py", line 551, in run_validators
    validator(value, self)
    ~~~~~~~~~^^^^^^^^^^^^^
  File "C:\Users\Ammar\OneDrive\Desktop\LMS_project\.venv\Lib\site-packages\rest_framework\validators.py", line 86, in __call__
    if qs_exists(queryset):
       ~~~~~~~~~^^^^^^^^^^
  File "C:\Users\Ammar\OneDrive\Desktop\LMS_project\.venv\Lib\site-packages\rest_framework\validators.py", line 23, in qs_exists
    return queryset.exists()
           ~~~~~~~~~~~~~~~^^
  File "C:\Users\Ammar\OneDrive\Desktop\LMS_project\.venv\Lib\site-packages\django\db\models\query.py", line 1298, in exists
    return self.query.has_results(using=self.db)
           ~~~~~~~~~~~~~~~~~~~~~~^^^^^^^^^^^^^^^
  File "C:\Users\Ammar\OneDrive\Desktop\LMS_project\.venv\Lib\site-packages\django\db\models\sql\query.py", line 676, in has_results
    return compiler.has_results()
           ~~~~~~~~~~~~~~~~~~~~^^
  File "C:\Users\Ammar\OneDrive\Desktop\LMS_project\.venv\Lib\site-packages\django\db\models\sql\compiler.py", line 1591, in has_results
    return bool(self.execute_sql(SINGLE))
                ~~~~~~~~~~~~~~~~^^^^^^^^
  File "C:\Users\Ammar\OneDrive\Desktop\LMS_project\.venv\Lib\site-packages\django\db\models\sql\compiler.py", line 1623, in execute_sql
    cursor.execute(sql, params)
    ~~~~~~~~~~~~~~^^^^^^^^^^^^^
  File "C:\Users\Ammar\OneDrive\Desktop\LMS_project\.venv\Lib\site-packages\django\db\backends\utils.py", line 122, in execute
    return super().execute(sql, params)
           ~~~~~~~~~~~~~~~^^^^^^^^^^^^^
  File "C:\Users\Ammar\OneDrive\Desktop\LMS_project\.venv\Lib\site-packages\django\db\backends\utils.py", line 79, in execute
    return self._execute_with_wrappers(
           ~~~~~~~~~~~~~~~~~~~~~~~~~~~^
        sql, params, many=False, executor=self._execute
        ^^^^^^^^^^^^^^^^^^^^^^^^^^^^^^^^^^^^^^^^^^^^^^^
    )
    ^
  File "C:\Users\Ammar\OneDrive\Desktop\LMS_project\.venv\Lib\site-packages\django\db\backends\utils.py", line 92, in _execute_with_wrappers
    return executor(sql, params, many, context)
  File "C:\Users\Ammar\OneDrive\Desktop\LMS_project\.venv\Lib\site-packages\django\db\backends\utils.py", line 100, in _execute
    with self.db.wrap_database_errors:
         ^^^^^^^^^^^^^^^^^^^^^^^^^^^^
  File "C:\Users\Ammar\OneDrive\Desktop\LMS_project\.venv\Lib\site-packages\django\db\utils.py", line 91, in __exit__
    raise dj_exc_value.with_traceback(traceback) from exc_value
  File "C:\Users\Ammar\OneDrive\Desktop\LMS_project\.venv\Lib\site-packages\django\db\backends\utils.py", line 105, in _execute
    return self.cursor.execute(sql, params)
           ~~~~~~~~~~~~~~~~~~~^^^^^^^^^^^^^
django.db.utils.ProgrammingError: relation "users" does not exist
LINE 1: SELECT 1 AS "a" FROM "users" WHERE "users"."email" = 'studen...
                             ^


ERROR 2026-07-09 20:28:09,140 exceptions 3784 13644 Unhandled exception: column users_user.username does not exist
LINE 1: SELECT 1 AS "a" FROM "users_user" WHERE "users_user"."userna...
                                                ^

Traceback (most recent call last):
  File "C:\Users\Ammar\OneDrive\Desktop\LMS_project\.venv\Lib\site-packages\django\db\backends\utils.py", line 105, in _execute
    return self.cursor.execute(sql, params)
           ~~~~~~~~~~~~~~~~~~~^^^^^^^^^^^^^
psycopg2.errors.UndefinedColumn: column users_user.username does not exist
LINE 1: SELECT 1 AS "a" FROM "users_user" WHERE "users_user"."userna...
                                                ^


The above exception was the direct cause of the following exception:

Traceback (most recent call last):
  File "C:\Users\Ammar\OneDrive\Desktop\LMS_project\.venv\Lib\site-packages\rest_framework\views.py", line 512, in dispatch
    response = handler(request, *args, **kwargs)
  File "C:\Users\Ammar\OneDrive\Desktop\LMS_project\apps\users\views.py", line 42, in post
    if serializer.is_valid():
       ~~~~~~~~~~~~~~~~~~~^^
  File "C:\Users\Ammar\OneDrive\Desktop\LMS_project\.venv\Lib\site-packages\rest_framework\serializers.py", line 225, in is_valid
    self._validated_data = self.run_validation(self.initial_data)
                           ~~~~~~~~~~~~~~~~~~~^^^^^^^^^^^^^^^^^^^
  File "C:\Users\Ammar\OneDrive\Desktop\LMS_project\.venv\Lib\site-packages\rest_framework\serializers.py", line 456, in run_validation
    value = self.to_internal_value(data)
  File "C:\Users\Ammar\OneDrive\Desktop\LMS_project\.venv\Lib\site-packages\rest_framework\serializers.py", line 513, in to_internal_value
    validated_value = field.run_validation(primitive_value)
  File "C:\Users\Ammar\OneDrive\Desktop\LMS_project\.venv\Lib\site-packages\rest_framework\fields.py", line 757, in run_validation
    return super().run_validation(data)
           ~~~~~~~~~~~~~~~~~~~~~~^^^^^^
  File "C:\Users\Ammar\OneDrive\Desktop\LMS_project\.venv\Lib\site-packages\rest_framework\fields.py", line 539, in run_validation
    self.run_validators(value)
    ~~~~~~~~~~~~~~~~~~~^^^^^^^
  File "C:\Users\Ammar\OneDrive\Desktop\LMS_project\.venv\Lib\site-packages\rest_framework\fields.py", line 551, in run_validators
    validator(value, self)
    ~~~~~~~~~^^^^^^^^^^^^^
  File "C:\Users\Ammar\OneDrive\Desktop\LMS_project\.venv\Lib\site-packages\rest_framework\validators.py", line 86, in __call__
    if qs_exists(queryset):
       ~~~~~~~~~^^^^^^^^^^
  File "C:\Users\Ammar\OneDrive\Desktop\LMS_project\.venv\Lib\site-packages\rest_framework\validators.py", line 23, in qs_exists
    return queryset.exists()
           ~~~~~~~~~~~~~~~^^
  File "C:\Users\Ammar\OneDrive\Desktop\LMS_project\.venv\Lib\site-packages\django\db\models\query.py", line 1298, in exists
    return self.query.has_results(using=self.db)
           ~~~~~~~~~~~~~~~~~~~~~~^^^^^^^^^^^^^^^
  File "C:\Users\Ammar\OneDrive\Desktop\LMS_project\.venv\Lib\site-packages\django\db\models\sql\query.py", line 676, in has_results
    return compiler.has_results()
           ~~~~~~~~~~~~~~~~~~~~^^
  File "C:\Users\Ammar\OneDrive\Desktop\LMS_project\.venv\Lib\site-packages\django\db\models\sql\compiler.py", line 1591, in has_results
    return bool(self.execute_sql(SINGLE))
                ~~~~~~~~~~~~~~~~^^^^^^^^
  File "C:\Users\Ammar\OneDrive\Desktop\LMS_project\.venv\Lib\site-packages\django\db\models\sql\compiler.py", line 1623, in execute_sql
    cursor.execute(sql, params)
    ~~~~~~~~~~~~~~^^^^^^^^^^^^^
  File "C:\Users\Ammar\OneDrive\Desktop\LMS_project\.venv\Lib\site-packages\django\db\backends\utils.py", line 122, in execute
    return super().execute(sql, params)
           ~~~~~~~~~~~~~~~^^^^^^^^^^^^^
  File "C:\Users\Ammar\OneDrive\Desktop\LMS_project\.venv\Lib\site-packages\django\db\backends\utils.py", line 79, in execute
    return self._execute_with_wrappers(
           ~~~~~~~~~~~~~~~~~~~~~~~~~~~^
        sql, params, many=False, executor=self._execute
        ^^^^^^^^^^^^^^^^^^^^^^^^^^^^^^^^^^^^^^^^^^^^^^^
    )
    ^
  File "C:\Users\Ammar\OneDrive\Desktop\LMS_project\.venv\Lib\site-packages\django\db\backends\utils.py", line 92, in _execute_with_wrappers
    return executor(sql, params, many, context)
  File "C:\Users\Ammar\OneDrive\Desktop\LMS_project\.venv\Lib\site-packages\django\db\backends\utils.py", line 100, in _execute
    with self.db.wrap_database_errors:
         ^^^^^^^^^^^^^^^^^^^^^^^^^^^^
  File "C:\Users\Ammar\OneDrive\Desktop\LMS_project\.venv\Lib\site-packages\django\db\utils.py", line 91, in __exit__
    raise dj_exc_value.with_traceback(traceback) from exc_value
  File "C:\Users\Ammar\OneDrive\Desktop\LMS_project\.venv\Lib\site-packages\django\db\backends\utils.py", line 105, in _execute
    return self.cursor.execute(sql, params)
           ~~~~~~~~~~~~~~~~~~~^^^^^^^^^^^^^
django.db.utils.ProgrammingError: column users_user.username does not exist
LINE 1: SELECT 1 AS "a" FROM "users_user" WHERE "users_user"."userna...
                                                ^


ERROR 2026-07-09 20:41:36,691 exceptions 17940 7660 Unhandled exception: column users_user.username does not exist
LINE 1: SELECT 1 AS "a" FROM "users_user" WHERE "users_user"."userna...
                                                ^

Traceback (most recent call last):
  File "C:\Users\Ammar\OneDrive\Desktop\LMS_project\.venv\Lib\site-packages\django\db\backends\utils.py", line 105, in _execute
    return self.cursor.execute(sql, params)
           ~~~~~~~~~~~~~~~~~~~^^^^^^^^^^^^^
psycopg2.errors.UndefinedColumn: column users_user.username does not exist
LINE 1: SELECT 1 AS "a" FROM "users_user" WHERE "users_user"."userna...
                                                ^


The above exception was the direct cause of the following exception:

Traceback (most recent call last):
  File "C:\Users\Ammar\OneDrive\Desktop\LMS_project\.venv\Lib\site-packages\rest_framework\views.py", line 512, in dispatch
    response = handler(request, *args, **kwargs)
  File "C:\Users\Ammar\OneDrive\Desktop\LMS_project\apps\users\views.py", line 42, in post
    if serializer.is_valid():
       ~~~~~~~~~~~~~~~~~~~^^
  File "C:\Users\Ammar\OneDrive\Desktop\LMS_project\.venv\Lib\site-packages\rest_framework\serializers.py", line 225, in is_valid
    self._validated_data = self.run_validation(self.initial_data)
                           ~~~~~~~~~~~~~~~~~~~^^^^^^^^^^^^^^^^^^^
  File "C:\Users\Ammar\OneDrive\Desktop\LMS_project\.venv\Lib\site-packages\rest_framework\serializers.py", line 456, in run_validation
    value = self.to_internal_value(data)
  File "C:\Users\Ammar\OneDrive\Desktop\LMS_project\.venv\Lib\site-packages\rest_framework\serializers.py", line 513, in to_internal_value
    validated_value = field.run_validation(primitive_value)
  File "C:\Users\Ammar\OneDrive\Desktop\LMS_project\.venv\Lib\site-packages\rest_framework\fields.py", line 757, in run_validation
    return super().run_validation(data)
           ~~~~~~~~~~~~~~~~~~~~~~^^^^^^
  File "C:\Users\Ammar\OneDrive\Desktop\LMS_project\.venv\Lib\site-packages\rest_framework\fields.py", line 539, in run_validation
    self.run_validators(value)
    ~~~~~~~~~~~~~~~~~~~^^^^^^^
  File "C:\Users\Ammar\OneDrive\Desktop\LMS_project\.venv\Lib\site-packages\rest_framework\fields.py", line 551, in run_validators
    validator(value, self)
    ~~~~~~~~~^^^^^^^^^^^^^
  File "C:\Users\Ammar\OneDrive\Desktop\LMS_project\.venv\Lib\site-packages\rest_framework\validators.py", line 86, in __call__
    if qs_exists(queryset):
       ~~~~~~~~~^^^^^^^^^^
  File "C:\Users\Ammar\OneDrive\Desktop\LMS_project\.venv\Lib\site-packages\rest_framework\validators.py", line 23, in qs_exists
    return queryset.exists()
           ~~~~~~~~~~~~~~~^^
  File "C:\Users\Ammar\OneDrive\Desktop\LMS_project\.venv\Lib\site-packages\django\db\models\query.py", line 1298, in exists
    return self.query.has_results(using=self.db)
           ~~~~~~~~~~~~~~~~~~~~~~^^^^^^^^^^^^^^^
  File "C:\Users\Ammar\OneDrive\Desktop\LMS_project\.venv\Lib\site-packages\django\db\models\sql\query.py", line 676, in has_results
    return compiler.has_results()
           ~~~~~~~~~~~~~~~~~~~~^^
  File "C:\Users\Ammar\OneDrive\Desktop\LMS_project\.venv\Lib\site-packages\django\db\models\sql\compiler.py", line 1591, in has_results
    return bool(self.execute_sql(SINGLE))
                ~~~~~~~~~~~~~~~~^^^^^^^^
  File "C:\Users\Ammar\OneDrive\Desktop\LMS_project\.venv\Lib\site-packages\django\db\models\sql\compiler.py", line 1623, in execute_sql
    cursor.execute(sql, params)
    ~~~~~~~~~~~~~~^^^^^^^^^^^^^
  File "C:\Users\Ammar\OneDrive\Desktop\LMS_project\.venv\Lib\site-packages\django\db\backends\utils.py", line 122, in execute
    return super().execute(sql, params)
           ~~~~~~~~~~~~~~~^^^^^^^^^^^^^
  File "C:\Users\Ammar\OneDrive\Desktop\LMS_project\.venv\Lib\site-packages\django\db\backends\utils.py", line 79, in execute
    return self._execute_with_wrappers(
           ~~~~~~~~~~~~~~~~~~~~~~~~~~~^
        sql, params, many=False, executor=self._execute
        ^^^^^^^^^^^^^^^^^^^^^^^^^^^^^^^^^^^^^^^^^^^^^^^
    )
    ^
  File "C:\Users\Ammar\OneDrive\Desktop\LMS_project\.venv\Lib\site-packages\django\db\backends\utils.py", line 92, in _execute_with_wrappers
    return executor(sql, params, many, context)
  File "C:\Users\Ammar\OneDrive\Desktop\LMS_project\.venv\Lib\site-packages\django\db\backends\utils.py", line 100, in _execute
    with self.db.wrap_database_errors:
         ^^^^^^^^^^^^^^^^^^^^^^^^^^^^
  File "C:\Users\Ammar\OneDrive\Desktop\LMS_project\.venv\Lib\site-packages\django\db\utils.py", line 91, in __exit__
    raise dj_exc_value.with_traceback(traceback) from exc_value
  File "C:\Users\Ammar\OneDrive\Desktop\LMS_project\.venv\Lib\site-packages\django\db\backends\utils.py", line 105, in _execute
    return self.cursor.execute(sql, params)
           ~~~~~~~~~~~~~~~~~~~^^^^^^^^^^^^^
django.db.utils.ProgrammingError: column users_user.username does not exist
LINE 1: SELECT 1 AS "a" FROM "users_user" WHERE "users_user"."userna...
                                                ^


ERROR 2026-07-09 20:49:34,686 exceptions 16124 8208 Unhandled exception: column users_user.username does not exist
LINE 1: SELECT 1 AS "a" FROM "users_user" WHERE "users_user"."userna...
                                                ^

Traceback (most recent call last):
  File "C:\Users\Ammar\OneDrive\Desktop\LMS_project\.venv\Lib\site-packages\django\db\backends\utils.py", line 105, in _execute
    return self.cursor.execute(sql, params)
           ~~~~~~~~~~~~~~~~~~~^^^^^^^^^^^^^
psycopg2.errors.UndefinedColumn: column users_user.username does not exist
LINE 1: SELECT 1 AS "a" FROM "users_user" WHERE "users_user"."userna...
                                                ^


The above exception was the direct cause of the following exception:

Traceback (most recent call last):
  File "C:\Users\Ammar\OneDrive\Desktop\LMS_project\.venv\Lib\site-packages\rest_framework\views.py", line 512, in dispatch
    response = handler(request, *args, **kwargs)
  File "C:\Users\Ammar\OneDrive\Desktop\LMS_project\apps\users\views.py", line 42, in post
    if serializer.is_valid():
       ~~~~~~~~~~~~~~~~~~~^^
  File "C:\Users\Ammar\OneDrive\Desktop\LMS_project\.venv\Lib\site-packages\rest_framework\serializers.py", line 225, in is_valid
    self._validated_data = self.run_validation(self.initial_data)
                           ~~~~~~~~~~~~~~~~~~~^^^^^^^^^^^^^^^^^^^
  File "C:\Users\Ammar\OneDrive\Desktop\LMS_project\.venv\Lib\site-packages\rest_framework\serializers.py", line 456, in run_validation
    value = self.to_internal_value(data)
  File "C:\Users\Ammar\OneDrive\Desktop\LMS_project\.venv\Lib\site-packages\rest_framework\serializers.py", line 513, in to_internal_value
    validated_value = field.run_validation(primitive_value)
  File "C:\Users\Ammar\OneDrive\Desktop\LMS_project\.venv\Lib\site-packages\rest_framework\fields.py", line 757, in run_validation
    return super().run_validation(data)
           ~~~~~~~~~~~~~~~~~~~~~~^^^^^^
  File "C:\Users\Ammar\OneDrive\Desktop\LMS_project\.venv\Lib\site-packages\rest_framework\fields.py", line 539, in run_validation
    self.run_validators(value)
    ~~~~~~~~~~~~~~~~~~~^^^^^^^
  File "C:\Users\Ammar\OneDrive\Desktop\LMS_project\.venv\Lib\site-packages\rest_framework\fields.py", line 551, in run_validators
    validator(value, self)
    ~~~~~~~~~^^^^^^^^^^^^^
  File "C:\Users\Ammar\OneDrive\Desktop\LMS_project\.venv\Lib\site-packages\rest_framework\validators.py", line 86, in __call__
    if qs_exists(queryset):
       ~~~~~~~~~^^^^^^^^^^
  File "C:\Users\Ammar\OneDrive\Desktop\LMS_project\.venv\Lib\site-packages\rest_framework\validators.py", line 23, in qs_exists
    return queryset.exists()
           ~~~~~~~~~~~~~~~^^
  File "C:\Users\Ammar\OneDrive\Desktop\LMS_project\.venv\Lib\site-packages\django\db\models\query.py", line 1298, in exists
    return self.query.has_results(using=self.db)
           ~~~~~~~~~~~~~~~~~~~~~~^^^^^^^^^^^^^^^
  File "C:\Users\Ammar\OneDrive\Desktop\LMS_project\.venv\Lib\site-packages\django\db\models\sql\query.py", line 676, in has_results
    return compiler.has_results()
           ~~~~~~~~~~~~~~~~~~~~^^
  File "C:\Users\Ammar\OneDrive\Desktop\LMS_project\.venv\Lib\site-packages\django\db\models\sql\compiler.py", line 1591, in has_results
    return bool(self.execute_sql(SINGLE))
                ~~~~~~~~~~~~~~~~^^^^^^^^
  File "C:\Users\Ammar\OneDrive\Desktop\LMS_project\.venv\Lib\site-packages\django\db\models\sql\compiler.py", line 1623, in execute_sql
    cursor.execute(sql, params)
    ~~~~~~~~~~~~~~^^^^^^^^^^^^^
  File "C:\Users\Ammar\OneDrive\Desktop\LMS_project\.venv\Lib\site-packages\django\db\backends\utils.py", line 122, in execute
    return super().execute(sql, params)
           ~~~~~~~~~~~~~~~^^^^^^^^^^^^^
  File "C:\Users\Ammar\OneDrive\Desktop\LMS_project\.venv\Lib\site-packages\django\db\backends\utils.py", line 79, in execute
    return self._execute_with_wrappers(
           ~~~~~~~~~~~~~~~~~~~~~~~~~~~^
        sql, params, many=False, executor=self._execute
        ^^^^^^^^^^^^^^^^^^^^^^^^^^^^^^^^^^^^^^^^^^^^^^^
    )
    ^
  File "C:\Users\Ammar\OneDrive\Desktop\LMS_project\.venv\Lib\site-packages\django\db\backends\utils.py", line 92, in _execute_with_wrappers
    return executor(sql, params, many, context)
  File "C:\Users\Ammar\OneDrive\Desktop\LMS_project\.venv\Lib\site-packages\django\db\backends\utils.py", line 100, in _execute
    with self.db.wrap_database_errors:
         ^^^^^^^^^^^^^^^^^^^^^^^^^^^^
  File "C:\Users\Ammar\OneDrive\Desktop\LMS_project\.venv\Lib\site-packages\django\db\utils.py", line 91, in __exit__
    raise dj_exc_value.with_traceback(traceback) from exc_value
  File "C:\Users\Ammar\OneDrive\Desktop\LMS_project\.venv\Lib\site-packages\django\db\backends\utils.py", line 105, in _execute
    return self.cursor.execute(sql, params)
           ~~~~~~~~~~~~~~~~~~~^^^^^^^^^^^^^
django.db.utils.ProgrammingError: column users_user.username does not exist
LINE 1: SELECT 1 AS "a" FROM "users_user" WHERE "users_user"."userna...
                                                ^


ERROR 2026-07-09 20:49:44,594 exceptions 16124 8208 Unhandled exception: column users_user.username does not exist
LINE 1: SELECT 1 AS "a" FROM "users_user" WHERE "users_user"."userna...
                                                ^

Traceback (most recent call last):
  File "C:\Users\Ammar\OneDrive\Desktop\LMS_project\.venv\Lib\site-packages\django\db\backends\utils.py", line 105, in _execute
    return self.cursor.execute(sql, params)
           ~~~~~~~~~~~~~~~~~~~^^^^^^^^^^^^^
psycopg2.errors.UndefinedColumn: column users_user.username does not exist
LINE 1: SELECT 1 AS "a" FROM "users_user" WHERE "users_user"."userna...
                                                ^


The above exception was the direct cause of the following exception:

Traceback (most recent call last):
  File "C:\Users\Ammar\OneDrive\Desktop\LMS_project\.venv\Lib\site-packages\rest_framework\views.py", line 512, in dispatch
    response = handler(request, *args, **kwargs)
  File "C:\Users\Ammar\OneDrive\Desktop\LMS_project\apps\users\views.py", line 42, in post
    if serializer.is_valid():
       ~~~~~~~~~~~~~~~~~~~^^
  File "C:\Users\Ammar\OneDrive\Desktop\LMS_project\.venv\Lib\site-packages\rest_framework\serializers.py", line 225, in is_valid
    self._validated_data = self.run_validation(self.initial_data)
                           ~~~~~~~~~~~~~~~~~~~^^^^^^^^^^^^^^^^^^^
  File "C:\Users\Ammar\OneDrive\Desktop\LMS_project\.venv\Lib\site-packages\rest_framework\serializers.py", line 456, in run_validation
    value = self.to_internal_value(data)
  File "C:\Users\Ammar\OneDrive\Desktop\LMS_project\.venv\Lib\site-packages\rest_framework\serializers.py", line 513, in to_internal_value
    validated_value = field.run_validation(primitive_value)
  File "C:\Users\Ammar\OneDrive\Desktop\LMS_project\.venv\Lib\site-packages\rest_framework\fields.py", line 757, in run_validation
    return super().run_validation(data)
           ~~~~~~~~~~~~~~~~~~~~~~^^^^^^
  File "C:\Users\Ammar\OneDrive\Desktop\LMS_project\.venv\Lib\site-packages\rest_framework\fields.py", line 539, in run_validation
    self.run_validators(value)
    ~~~~~~~~~~~~~~~~~~~^^^^^^^
  File "C:\Users\Ammar\OneDrive\Desktop\LMS_project\.venv\Lib\site-packages\rest_framework\fields.py", line 551, in run_validators
    validator(value, self)
    ~~~~~~~~~^^^^^^^^^^^^^
  File "C:\Users\Ammar\OneDrive\Desktop\LMS_project\.venv\Lib\site-packages\rest_framework\validators.py", line 86, in __call__
    if qs_exists(queryset):
       ~~~~~~~~~^^^^^^^^^^
  File "C:\Users\Ammar\OneDrive\Desktop\LMS_project\.venv\Lib\site-packages\rest_framework\validators.py", line 23, in qs_exists
    return queryset.exists()
           ~~~~~~~~~~~~~~~^^
  File "C:\Users\Ammar\OneDrive\Desktop\LMS_project\.venv\Lib\site-packages\django\db\models\query.py", line 1298, in exists
    return self.query.has_results(using=self.db)
           ~~~~~~~~~~~~~~~~~~~~~~^^^^^^^^^^^^^^^
  File "C:\Users\Ammar\OneDrive\Desktop\LMS_project\.venv\Lib\site-packages\django\db\models\sql\query.py", line 676, in has_results
    return compiler.has_results()
           ~~~~~~~~~~~~~~~~~~~~^^
  File "C:\Users\Ammar\OneDrive\Desktop\LMS_project\.venv\Lib\site-packages\django\db\models\sql\compiler.py", line 1591, in has_results
    return bool(self.execute_sql(SINGLE))
                ~~~~~~~~~~~~~~~~^^^^^^^^
  File "C:\Users\Ammar\OneDrive\Desktop\LMS_project\.venv\Lib\site-packages\django\db\models\sql\compiler.py", line 1623, in execute_sql
    cursor.execute(sql, params)
    ~~~~~~~~~~~~~~^^^^^^^^^^^^^
  File "C:\Users\Ammar\OneDrive\Desktop\LMS_project\.venv\Lib\site-packages\django\db\backends\utils.py", line 122, in execute
    return super().execute(sql, params)
           ~~~~~~~~~~~~~~~^^^^^^^^^^^^^
  File "C:\Users\Ammar\OneDrive\Desktop\LMS_project\.venv\Lib\site-packages\django\db\backends\utils.py", line 79, in execute
    return self._execute_with_wrappers(
           ~~~~~~~~~~~~~~~~~~~~~~~~~~~^
        sql, params, many=False, executor=self._execute
        ^^^^^^^^^^^^^^^^^^^^^^^^^^^^^^^^^^^^^^^^^^^^^^^
    )
    ^
  File "C:\Users\Ammar\OneDrive\Desktop\LMS_project\.venv\Lib\site-packages\django\db\backends\utils.py", line 92, in _execute_with_wrappers
    return executor(sql, params, many, context)
  File "C:\Users\Ammar\OneDrive\Desktop\LMS_project\.venv\Lib\site-packages\django\db\backends\utils.py", line 100, in _execute
    with self.db.wrap_database_errors:
         ^^^^^^^^^^^^^^^^^^^^^^^^^^^^
  File "C:\Users\Ammar\OneDrive\Desktop\LMS_project\.venv\Lib\site-packages\django\db\utils.py", line 91, in __exit__
    raise dj_exc_value.with_traceback(traceback) from exc_value
  File "C:\Users\Ammar\OneDrive\Desktop\LMS_project\.venv\Lib\site-packages\django\db\backends\utils.py", line 105, in _execute
    return self.cursor.execute(sql, params)
           ~~~~~~~~~~~~~~~~~~~^^^^^^^^^^^^^
django.db.utils.ProgrammingError: column users_user.username does not exist
LINE 1: SELECT 1 AS "a" FROM "users_user" WHERE "users_user"."userna...
                                                ^


ERROR 2026-07-09 20:55:47,560 exceptions 16124 14580 Unhandled exception: column users_user.username does not exist
LINE 1: SELECT 1 AS "a" FROM "users_user" WHERE "users_user"."userna...
                                                ^

Traceback (most recent call last):
  File "C:\Users\Ammar\OneDrive\Desktop\LMS_project\.venv\Lib\site-packages\django\db\backends\utils.py", line 105, in _execute
    return self.cursor.execute(sql, params)
           ~~~~~~~~~~~~~~~~~~~^^^^^^^^^^^^^
psycopg2.errors.UndefinedColumn: column users_user.username does not exist
LINE 1: SELECT 1 AS "a" FROM "users_user" WHERE "users_user"."userna...
                                                ^


The above exception was the direct cause of the following exception:

Traceback (most recent call last):
  File "C:\Users\Ammar\OneDrive\Desktop\LMS_project\.venv\Lib\site-packages\rest_framework\views.py", line 512, in dispatch
    response = handler(request, *args, **kwargs)
  File "C:\Users\Ammar\OneDrive\Desktop\LMS_project\apps\users\views.py", line 42, in post
    if serializer.is_valid():
       ~~~~~~~~~~~~~~~~~~~^^
  File "C:\Users\Ammar\OneDrive\Desktop\LMS_project\.venv\Lib\site-packages\rest_framework\serializers.py", line 225, in is_valid
    self._validated_data = self.run_validation(self.initial_data)
                           ~~~~~~~~~~~~~~~~~~~^^^^^^^^^^^^^^^^^^^
  File "C:\Users\Ammar\OneDrive\Desktop\LMS_project\.venv\Lib\site-packages\rest_framework\serializers.py", line 456, in run_validation
    value = self.to_internal_value(data)
  File "C:\Users\Ammar\OneDrive\Desktop\LMS_project\.venv\Lib\site-packages\rest_framework\serializers.py", line 513, in to_internal_value
    validated_value = field.run_validation(primitive_value)
  File "C:\Users\Ammar\OneDrive\Desktop\LMS_project\.venv\Lib\site-packages\rest_framework\fields.py", line 757, in run_validation
    return super().run_validation(data)
           ~~~~~~~~~~~~~~~~~~~~~~^^^^^^
  File "C:\Users\Ammar\OneDrive\Desktop\LMS_project\.venv\Lib\site-packages\rest_framework\fields.py", line 539, in run_validation
    self.run_validators(value)
    ~~~~~~~~~~~~~~~~~~~^^^^^^^
  File "C:\Users\Ammar\OneDrive\Desktop\LMS_project\.venv\Lib\site-packages\rest_framework\fields.py", line 551, in run_validators
    validator(value, self)
    ~~~~~~~~~^^^^^^^^^^^^^
  File "C:\Users\Ammar\OneDrive\Desktop\LMS_project\.venv\Lib\site-packages\rest_framework\validators.py", line 86, in __call__
    if qs_exists(queryset):
       ~~~~~~~~~^^^^^^^^^^
  File "C:\Users\Ammar\OneDrive\Desktop\LMS_project\.venv\Lib\site-packages\rest_framework\validators.py", line 23, in qs_exists
    return queryset.exists()
           ~~~~~~~~~~~~~~~^^
  File "C:\Users\Ammar\OneDrive\Desktop\LMS_project\.venv\Lib\site-packages\django\db\models\query.py", line 1298, in exists
    return self.query.has_results(using=self.db)
           ~~~~~~~~~~~~~~~~~~~~~~^^^^^^^^^^^^^^^
  File "C:\Users\Ammar\OneDrive\Desktop\LMS_project\.venv\Lib\site-packages\django\db\models\sql\query.py", line 676, in has_results
    return compiler.has_results()
           ~~~~~~~~~~~~~~~~~~~~^^
  File "C:\Users\Ammar\OneDrive\Desktop\LMS_project\.venv\Lib\site-packages\django\db\models\sql\compiler.py", line 1591, in has_results
    return bool(self.execute_sql(SINGLE))
                ~~~~~~~~~~~~~~~~^^^^^^^^
  File "C:\Users\Ammar\OneDrive\Desktop\LMS_project\.venv\Lib\site-packages\django\db\models\sql\compiler.py", line 1623, in execute_sql
    cursor.execute(sql, params)
    ~~~~~~~~~~~~~~^^^^^^^^^^^^^
  File "C:\Users\Ammar\OneDrive\Desktop\LMS_project\.venv\Lib\site-packages\django\db\backends\utils.py", line 122, in execute
    return super().execute(sql, params)
           ~~~~~~~~~~~~~~~^^^^^^^^^^^^^
  File "C:\Users\Ammar\OneDrive\Desktop\LMS_project\.venv\Lib\site-packages\django\db\backends\utils.py", line 79, in execute
    return self._execute_with_wrappers(
           ~~~~~~~~~~~~~~~~~~~~~~~~~~~^
        sql, params, many=False, executor=self._execute
        ^^^^^^^^^^^^^^^^^^^^^^^^^^^^^^^^^^^^^^^^^^^^^^^
    )
    ^
  File "C:\Users\Ammar\OneDrive\Desktop\LMS_project\.venv\Lib\site-packages\django\db\backends\utils.py", line 92, in _execute_with_wrappers
    return executor(sql, params, many, context)
  File "C:\Users\Ammar\OneDrive\Desktop\LMS_project\.venv\Lib\site-packages\django\db\backends\utils.py", line 100, in _execute
    with self.db.wrap_database_errors:
         ^^^^^^^^^^^^^^^^^^^^^^^^^^^^
  File "C:\Users\Ammar\OneDrive\Desktop\LMS_project\.venv\Lib\site-packages\django\db\utils.py", line 91, in __exit__
    raise dj_exc_value.with_traceback(traceback) from exc_value
  File "C:\Users\Ammar\OneDrive\Desktop\LMS_project\.venv\Lib\site-packages\django\db\backends\utils.py", line 105, in _execute
    return self.cursor.execute(sql, params)
           ~~~~~~~~~~~~~~~~~~~^^^^^^^^^^^^^
django.db.utils.ProgrammingError: column users_user.username does not exist
LINE 1: SELECT 1 AS "a" FROM "users_user" WHERE "users_user"."userna...
                                                ^


ERROR 2026-07-09 20:58:10,656 exceptions 16124 5824 Unhandled exception: column users_user.username does not exist
LINE 1: SELECT 1 AS "a" FROM "users_user" WHERE "users_user"."userna...
                                                ^

Traceback (most recent call last):
  File "C:\Users\Ammar\OneDrive\Desktop\LMS_project\.venv\Lib\site-packages\django\db\backends\utils.py", line 105, in _execute
    return self.cursor.execute(sql, params)
           ~~~~~~~~~~~~~~~~~~~^^^^^^^^^^^^^
psycopg2.errors.UndefinedColumn: column users_user.username does not exist
LINE 1: SELECT 1 AS "a" FROM "users_user" WHERE "users_user"."userna...
                                                ^


The above exception was the direct cause of the following exception:

Traceback (most recent call last):
  File "C:\Users\Ammar\OneDrive\Desktop\LMS_project\.venv\Lib\site-packages\rest_framework\views.py", line 512, in dispatch
    response = handler(request, *args, **kwargs)
  File "C:\Users\Ammar\OneDrive\Desktop\LMS_project\apps\users\views.py", line 42, in post
    if serializer.is_valid():
       ~~~~~~~~~~~~~~~~~~~^^
  File "C:\Users\Ammar\OneDrive\Desktop\LMS_project\.venv\Lib\site-packages\rest_framework\serializers.py", line 225, in is_valid
    self._validated_data = self.run_validation(self.initial_data)
                           ~~~~~~~~~~~~~~~~~~~^^^^^^^^^^^^^^^^^^^
  File "C:\Users\Ammar\OneDrive\Desktop\LMS_project\.venv\Lib\site-packages\rest_framework\serializers.py", line 456, in run_validation
    value = self.to_internal_value(data)
  File "C:\Users\Ammar\OneDrive\Desktop\LMS_project\.venv\Lib\site-packages\rest_framework\serializers.py", line 513, in to_internal_value
    validated_value = field.run_validation(primitive_value)
  File "C:\Users\Ammar\OneDrive\Desktop\LMS_project\.venv\Lib\site-packages\rest_framework\fields.py", line 757, in run_validation
    return super().run_validation(data)
           ~~~~~~~~~~~~~~~~~~~~~~^^^^^^
  File "C:\Users\Ammar\OneDrive\Desktop\LMS_project\.venv\Lib\site-packages\rest_framework\fields.py", line 539, in run_validation
    self.run_validators(value)
    ~~~~~~~~~~~~~~~~~~~^^^^^^^
  File "C:\Users\Ammar\OneDrive\Desktop\LMS_project\.venv\Lib\site-packages\rest_framework\fields.py", line 551, in run_validators
    validator(value, self)
    ~~~~~~~~~^^^^^^^^^^^^^
  File "C:\Users\Ammar\OneDrive\Desktop\LMS_project\.venv\Lib\site-packages\rest_framework\validators.py", line 86, in __call__
    if qs_exists(queryset):
       ~~~~~~~~~^^^^^^^^^^
  File "C:\Users\Ammar\OneDrive\Desktop\LMS_project\.venv\Lib\site-packages\rest_framework\validators.py", line 23, in qs_exists
    return queryset.exists()
           ~~~~~~~~~~~~~~~^^
  File "C:\Users\Ammar\OneDrive\Desktop\LMS_project\.venv\Lib\site-packages\django\db\models\query.py", line 1298, in exists
    return self.query.has_results(using=self.db)
           ~~~~~~~~~~~~~~~~~~~~~~^^^^^^^^^^^^^^^
  File "C:\Users\Ammar\OneDrive\Desktop\LMS_project\.venv\Lib\site-packages\django\db\models\sql\query.py", line 676, in has_results
    return compiler.has_results()
           ~~~~~~~~~~~~~~~~~~~~^^
  File "C:\Users\Ammar\OneDrive\Desktop\LMS_project\.venv\Lib\site-packages\django\db\models\sql\compiler.py", line 1591, in has_results
    return bool(self.execute_sql(SINGLE))
                ~~~~~~~~~~~~~~~~^^^^^^^^
  File "C:\Users\Ammar\OneDrive\Desktop\LMS_project\.venv\Lib\site-packages\django\db\models\sql\compiler.py", line 1623, in execute_sql
    cursor.execute(sql, params)
    ~~~~~~~~~~~~~~^^^^^^^^^^^^^
  File "C:\Users\Ammar\OneDrive\Desktop\LMS_project\.venv\Lib\site-packages\django\db\backends\utils.py", line 122, in execute
    return super().execute(sql, params)
           ~~~~~~~~~~~~~~~^^^^^^^^^^^^^
  File "C:\Users\Ammar\OneDrive\Desktop\LMS_project\.venv\Lib\site-packages\django\db\backends\utils.py", line 79, in execute
    return self._execute_with_wrappers(
           ~~~~~~~~~~~~~~~~~~~~~~~~~~~^
        sql, params, many=False, executor=self._execute
        ^^^^^^^^^^^^^^^^^^^^^^^^^^^^^^^^^^^^^^^^^^^^^^^
    )
    ^
  File "C:\Users\Ammar\OneDrive\Desktop\LMS_project\.venv\Lib\site-packages\django\db\backends\utils.py", line 92, in _execute_with_wrappers
    return executor(sql, params, many, context)
  File "C:\Users\Ammar\OneDrive\Desktop\LMS_project\.venv\Lib\site-packages\django\db\backends\utils.py", line 100, in _execute
    with self.db.wrap_database_errors:
         ^^^^^^^^^^^^^^^^^^^^^^^^^^^^
  File "C:\Users\Ammar\OneDrive\Desktop\LMS_project\.venv\Lib\site-packages\django\db\utils.py", line 91, in __exit__
    raise dj_exc_value.with_traceback(traceback) from exc_value
  File "C:\Users\Ammar\OneDrive\Desktop\LMS_project\.venv\Lib\site-packages\django\db\backends\utils.py", line 105, in _execute
    return self.cursor.execute(sql, params)
           ~~~~~~~~~~~~~~~~~~~^^^^^^^^^^^^^
django.db.utils.ProgrammingError: column users_user.username does not exist
LINE 1: SELECT 1 AS "a" FROM "users_user" WHERE "users_user"."userna...
                                                ^


ERROR 2026-07-09 20:59:39,076 exceptions 16124 16100 Unhandled exception: column users_user.username does not exist
LINE 1: SELECT 1 AS "a" FROM "users_user" WHERE "users_user"."userna...
                                                ^

Traceback (most recent call last):
  File "C:\Users\Ammar\OneDrive\Desktop\LMS_project\.venv\Lib\site-packages\django\db\backends\utils.py", line 105, in _execute
    return self.cursor.execute(sql, params)
           ~~~~~~~~~~~~~~~~~~~^^^^^^^^^^^^^
psycopg2.errors.UndefinedColumn: column users_user.username does not exist
LINE 1: SELECT 1 AS "a" FROM "users_user" WHERE "users_user"."userna...
                                                ^


The above exception was the direct cause of the following exception:

Traceback (most recent call last):
  File "C:\Users\Ammar\OneDrive\Desktop\LMS_project\.venv\Lib\site-packages\rest_framework\views.py", line 512, in dispatch
    response = handler(request, *args, **kwargs)
  File "C:\Users\Ammar\OneDrive\Desktop\LMS_project\apps\users\views.py", line 42, in post
    if serializer.is_valid():
       ~~~~~~~~~~~~~~~~~~~^^
  File "C:\Users\Ammar\OneDrive\Desktop\LMS_project\.venv\Lib\site-packages\rest_framework\serializers.py", line 225, in is_valid
    self._validated_data = self.run_validation(self.initial_data)
                           ~~~~~~~~~~~~~~~~~~~^^^^^^^^^^^^^^^^^^^
  File "C:\Users\Ammar\OneDrive\Desktop\LMS_project\.venv\Lib\site-packages\rest_framework\serializers.py", line 456, in run_validation
    value = self.to_internal_value(data)
  File "C:\Users\Ammar\OneDrive\Desktop\LMS_project\.venv\Lib\site-packages\rest_framework\serializers.py", line 513, in to_internal_value
    validated_value = field.run_validation(primitive_value)
  File "C:\Users\Ammar\OneDrive\Desktop\LMS_project\.venv\Lib\site-packages\rest_framework\fields.py", line 757, in run_validation
    return super().run_validation(data)
           ~~~~~~~~~~~~~~~~~~~~~~^^^^^^
  File "C:\Users\Ammar\OneDrive\Desktop\LMS_project\.venv\Lib\site-packages\rest_framework\fields.py", line 539, in run_validation
    self.run_validators(value)
    ~~~~~~~~~~~~~~~~~~~^^^^^^^
  File "C:\Users\Ammar\OneDrive\Desktop\LMS_project\.venv\Lib\site-packages\rest_framework\fields.py", line 551, in run_validators
    validator(value, self)
    ~~~~~~~~~^^^^^^^^^^^^^
  File "C:\Users\Ammar\OneDrive\Desktop\LMS_project\.venv\Lib\site-packages\rest_framework\validators.py", line 86, in __call__
    if qs_exists(queryset):
       ~~~~~~~~~^^^^^^^^^^
  File "C:\Users\Ammar\OneDrive\Desktop\LMS_project\.venv\Lib\site-packages\rest_framework\validators.py", line 23, in qs_exists
    return queryset.exists()
           ~~~~~~~~~~~~~~~^^
  File "C:\Users\Ammar\OneDrive\Desktop\LMS_project\.venv\Lib\site-packages\django\db\models\query.py", line 1298, in exists
    return self.query.has_results(using=self.db)
           ~~~~~~~~~~~~~~~~~~~~~~^^^^^^^^^^^^^^^
  File "C:\Users\Ammar\OneDrive\Desktop\LMS_project\.venv\Lib\site-packages\django\db\models\sql\query.py", line 676, in has_results
    return compiler.has_results()
           ~~~~~~~~~~~~~~~~~~~~^^
  File "C:\Users\Ammar\OneDrive\Desktop\LMS_project\.venv\Lib\site-packages\django\db\models\sql\compiler.py", line 1591, in has_results
    return bool(self.execute_sql(SINGLE))
                ~~~~~~~~~~~~~~~~^^^^^^^^
  File "C:\Users\Ammar\OneDrive\Desktop\LMS_project\.venv\Lib\site-packages\django\db\models\sql\compiler.py", line 1623, in execute_sql
    cursor.execute(sql, params)
    ~~~~~~~~~~~~~~^^^^^^^^^^^^^
  File "C:\Users\Ammar\OneDrive\Desktop\LMS_project\.venv\Lib\site-packages\django\db\backends\utils.py", line 122, in execute
    return super().execute(sql, params)
           ~~~~~~~~~~~~~~~^^^^^^^^^^^^^
  File "C:\Users\Ammar\OneDrive\Desktop\LMS_project\.venv\Lib\site-packages\django\db\backends\utils.py", line 79, in execute
    return self._execute_with_wrappers(
           ~~~~~~~~~~~~~~~~~~~~~~~~~~~^
        sql, params, many=False, executor=self._execute
        ^^^^^^^^^^^^^^^^^^^^^^^^^^^^^^^^^^^^^^^^^^^^^^^
    )
    ^
  File "C:\Users\Ammar\OneDrive\Desktop\LMS_project\.venv\Lib\site-packages\django\db\backends\utils.py", line 92, in _execute_with_wrappers
    return executor(sql, params, many, context)
  File "C:\Users\Ammar\OneDrive\Desktop\LMS_project\.venv\Lib\site-packages\django\db\backends\utils.py", line 100, in _execute
    with self.db.wrap_database_errors:
         ^^^^^^^^^^^^^^^^^^^^^^^^^^^^
  File "C:\Users\Ammar\OneDrive\Desktop\LMS_project\.venv\Lib\site-packages\django\db\utils.py", line 91, in __exit__
    raise dj_exc_value.with_traceback(traceback) from exc_value
  File "C:\Users\Ammar\OneDrive\Desktop\LMS_project\.venv\Lib\site-packages\django\db\backends\utils.py", line 105, in _execute
    return self.cursor.execute(sql, params)
           ~~~~~~~~~~~~~~~~~~~^^^^^^^^^^^^^
django.db.utils.ProgrammingError: column users_user.username does not exist
LINE 1: SELECT 1 AS "a" FROM "users_user" WHERE "users_user"."userna...
                                                ^


ERROR 2026-07-09 21:01:21,908 exceptions 16124 11152 Unhandled exception: column users_user.username does not exist
LINE 1: SELECT 1 AS "a" FROM "users_user" WHERE "users_user"."userna...
                                                ^

Traceback (most recent call last):
  File "C:\Users\Ammar\OneDrive\Desktop\LMS_project\.venv\Lib\site-packages\django\db\backends\utils.py", line 105, in _execute
    return self.cursor.execute(sql, params)
           ~~~~~~~~~~~~~~~~~~~^^^^^^^^^^^^^
psycopg2.errors.UndefinedColumn: column users_user.username does not exist
LINE 1: SELECT 1 AS "a" FROM "users_user" WHERE "users_user"."userna...
                                                ^


The above exception was the direct cause of the following exception:

Traceback (most recent call last):
  File "C:\Users\Ammar\OneDrive\Desktop\LMS_project\.venv\Lib\site-packages\rest_framework\views.py", line 512, in dispatch
    response = handler(request, *args, **kwargs)
  File "C:\Users\Ammar\OneDrive\Desktop\LMS_project\apps\users\views.py", line 42, in post
    if serializer.is_valid():
       ~~~~~~~~~~~~~~~~~~~^^
  File "C:\Users\Ammar\OneDrive\Desktop\LMS_project\.venv\Lib\site-packages\rest_framework\serializers.py", line 225, in is_valid
    self._validated_data = self.run_validation(self.initial_data)
                           ~~~~~~~~~~~~~~~~~~~^^^^^^^^^^^^^^^^^^^
  File "C:\Users\Ammar\OneDrive\Desktop\LMS_project\.venv\Lib\site-packages\rest_framework\serializers.py", line 456, in run_validation
    value = self.to_internal_value(data)
  File "C:\Users\Ammar\OneDrive\Desktop\LMS_project\.venv\Lib\site-packages\rest_framework\serializers.py", line 513, in to_internal_value
    validated_value = field.run_validation(primitive_value)
  File "C:\Users\Ammar\OneDrive\Desktop\LMS_project\.venv\Lib\site-packages\rest_framework\fields.py", line 757, in run_validation
    return super().run_validation(data)
           ~~~~~~~~~~~~~~~~~~~~~~^^^^^^
  File "C:\Users\Ammar\OneDrive\Desktop\LMS_project\.venv\Lib\site-packages\rest_framework\fields.py", line 539, in run_validation
    self.run_validators(value)
    ~~~~~~~~~~~~~~~~~~~^^^^^^^
  File "C:\Users\Ammar\OneDrive\Desktop\LMS_project\.venv\Lib\site-packages\rest_framework\fields.py", line 551, in run_validators
    validator(value, self)
    ~~~~~~~~~^^^^^^^^^^^^^
  File "C:\Users\Ammar\OneDrive\Desktop\LMS_project\.venv\Lib\site-packages\rest_framework\validators.py", line 86, in __call__
    if qs_exists(queryset):
       ~~~~~~~~~^^^^^^^^^^
  File "C:\Users\Ammar\OneDrive\Desktop\LMS_project\.venv\Lib\site-packages\rest_framework\validators.py", line 23, in qs_exists
    return queryset.exists()
           ~~~~~~~~~~~~~~~^^
  File "C:\Users\Ammar\OneDrive\Desktop\LMS_project\.venv\Lib\site-packages\django\db\models\query.py", line 1298, in exists
    return self.query.has_results(using=self.db)
           ~~~~~~~~~~~~~~~~~~~~~~^^^^^^^^^^^^^^^
  File "C:\Users\Ammar\OneDrive\Desktop\LMS_project\.venv\Lib\site-packages\django\db\models\sql\query.py", line 676, in has_results
    return compiler.has_results()
           ~~~~~~~~~~~~~~~~~~~~^^
  File "C:\Users\Ammar\OneDrive\Desktop\LMS_project\.venv\Lib\site-packages\django\db\models\sql\compiler.py", line 1591, in has_results
    return bool(self.execute_sql(SINGLE))
                ~~~~~~~~~~~~~~~~^^^^^^^^
  File "C:\Users\Ammar\OneDrive\Desktop\LMS_project\.venv\Lib\site-packages\django\db\models\sql\compiler.py", line 1623, in execute_sql
    cursor.execute(sql, params)
    ~~~~~~~~~~~~~~^^^^^^^^^^^^^
  File "C:\Users\Ammar\OneDrive\Desktop\LMS_project\.venv\Lib\site-packages\django\db\backends\utils.py", line 122, in execute
    return super().execute(sql, params)
           ~~~~~~~~~~~~~~~^^^^^^^^^^^^^
  File "C:\Users\Ammar\OneDrive\Desktop\LMS_project\.venv\Lib\site-packages\django\db\backends\utils.py", line 79, in execute
    return self._execute_with_wrappers(
           ~~~~~~~~~~~~~~~~~~~~~~~~~~~^
        sql, params, many=False, executor=self._execute
        ^^^^^^^^^^^^^^^^^^^^^^^^^^^^^^^^^^^^^^^^^^^^^^^
    )
    ^
  File "C:\Users\Ammar\OneDrive\Desktop\LMS_project\.venv\Lib\site-packages\django\db\backends\utils.py", line 92, in _execute_with_wrappers
    return executor(sql, params, many, context)
  File "C:\Users\Ammar\OneDrive\Desktop\LMS_project\.venv\Lib\site-packages\django\db\backends\utils.py", line 100, in _execute
    with self.db.wrap_database_errors:
         ^^^^^^^^^^^^^^^^^^^^^^^^^^^^
  File "C:\Users\Ammar\OneDrive\Desktop\LMS_project\.venv\Lib\site-packages\django\db\utils.py", line 91, in __exit__
    raise dj_exc_value.with_traceback(traceback) from exc_value
  File "C:\Users\Ammar\OneDrive\Desktop\LMS_project\.venv\Lib\site-packages\django\db\backends\utils.py", line 105, in _execute
    return self.cursor.execute(sql, params)
           ~~~~~~~~~~~~~~~~~~~^^^^^^^^^^^^^
django.db.utils.ProgrammingError: column users_user.username does not exist
LINE 1: SELECT 1 AS "a" FROM "users_user" WHERE "users_user"."userna...
                                                ^


ERROR 2026-07-09 21:04:38,483 exceptions 16124 11940 Unhandled exception: column users_user.username does not exist
LINE 1: SELECT 1 AS "a" FROM "users_user" WHERE "users_user"."userna...
                                                ^

Traceback (most recent call last):
  File "C:\Users\Ammar\OneDrive\Desktop\LMS_project\.venv\Lib\site-packages\django\db\backends\utils.py", line 105, in _execute
    return self.cursor.execute(sql, params)
           ~~~~~~~~~~~~~~~~~~~^^^^^^^^^^^^^
psycopg2.errors.UndefinedColumn: column users_user.username does not exist
LINE 1: SELECT 1 AS "a" FROM "users_user" WHERE "users_user"."userna...
                                                ^


The above exception was the direct cause of the following exception:

Traceback (most recent call last):
  File "C:\Users\Ammar\OneDrive\Desktop\LMS_project\.venv\Lib\site-packages\rest_framework\views.py", line 512, in dispatch
    response = handler(request, *args, **kwargs)
  File "C:\Users\Ammar\OneDrive\Desktop\LMS_project\apps\users\views.py", line 42, in post
    if serializer.is_valid():
       ~~~~~~~~~~~~~~~~~~~^^
  File "C:\Users\Ammar\OneDrive\Desktop\LMS_project\.venv\Lib\site-packages\rest_framework\serializers.py", line 225, in is_valid
    self._validated_data = self.run_validation(self.initial_data)
                           ~~~~~~~~~~~~~~~~~~~^^^^^^^^^^^^^^^^^^^
  File "C:\Users\Ammar\OneDrive\Desktop\LMS_project\.venv\Lib\site-packages\rest_framework\serializers.py", line 456, in run_validation
    value = self.to_internal_value(data)
  File "C:\Users\Ammar\OneDrive\Desktop\LMS_project\.venv\Lib\site-packages\rest_framework\serializers.py", line 513, in to_internal_value
    validated_value = field.run_validation(primitive_value)
  File "C:\Users\Ammar\OneDrive\Desktop\LMS_project\.venv\Lib\site-packages\rest_framework\fields.py", line 757, in run_validation
    return super().run_validation(data)
           ~~~~~~~~~~~~~~~~~~~~~~^^^^^^
  File "C:\Users\Ammar\OneDrive\Desktop\LMS_project\.venv\Lib\site-packages\rest_framework\fields.py", line 539, in run_validation
    self.run_validators(value)
    ~~~~~~~~~~~~~~~~~~~^^^^^^^
  File "C:\Users\Ammar\OneDrive\Desktop\LMS_project\.venv\Lib\site-packages\rest_framework\fields.py", line 551, in run_validators
    validator(value, self)
    ~~~~~~~~~^^^^^^^^^^^^^
  File "C:\Users\Ammar\OneDrive\Desktop\LMS_project\.venv\Lib\site-packages\rest_framework\validators.py", line 86, in __call__
    if qs_exists(queryset):
       ~~~~~~~~~^^^^^^^^^^
  File "C:\Users\Ammar\OneDrive\Desktop\LMS_project\.venv\Lib\site-packages\rest_framework\validators.py", line 23, in qs_exists
    return queryset.exists()
           ~~~~~~~~~~~~~~~^^
  File "C:\Users\Ammar\OneDrive\Desktop\LMS_project\.venv\Lib\site-packages\django\db\models\query.py", line 1298, in exists
    return self.query.has_results(using=self.db)
           ~~~~~~~~~~~~~~~~~~~~~~^^^^^^^^^^^^^^^
  File "C:\Users\Ammar\OneDrive\Desktop\LMS_project\.venv\Lib\site-packages\django\db\models\sql\query.py", line 676, in has_results
    return compiler.has_results()
           ~~~~~~~~~~~~~~~~~~~~^^
  File "C:\Users\Ammar\OneDrive\Desktop\LMS_project\.venv\Lib\site-packages\django\db\models\sql\compiler.py", line 1591, in has_results
    return bool(self.execute_sql(SINGLE))
                ~~~~~~~~~~~~~~~~^^^^^^^^
  File "C:\Users\Ammar\OneDrive\Desktop\LMS_project\.venv\Lib\site-packages\django\db\models\sql\compiler.py", line 1623, in execute_sql
    cursor.execute(sql, params)
    ~~~~~~~~~~~~~~^^^^^^^^^^^^^
  File "C:\Users\Ammar\OneDrive\Desktop\LMS_project\.venv\Lib\site-packages\django\db\backends\utils.py", line 122, in execute
    return super().execute(sql, params)
           ~~~~~~~~~~~~~~~^^^^^^^^^^^^^
  File "C:\Users\Ammar\OneDrive\Desktop\LMS_project\.venv\Lib\site-packages\django\db\backends\utils.py", line 79, in execute
    return self._execute_with_wrappers(
           ~~~~~~~~~~~~~~~~~~~~~~~~~~~^
        sql, params, many=False, executor=self._execute
        ^^^^^^^^^^^^^^^^^^^^^^^^^^^^^^^^^^^^^^^^^^^^^^^
    )
    ^
  File "C:\Users\Ammar\OneDrive\Desktop\LMS_project\.venv\Lib\site-packages\django\db\backends\utils.py", line 92, in _execute_with_wrappers
    return executor(sql, params, many, context)
  File "C:\Users\Ammar\OneDrive\Desktop\LMS_project\.venv\Lib\site-packages\django\db\backends\utils.py", line 100, in _execute
    with self.db.wrap_database_errors:
         ^^^^^^^^^^^^^^^^^^^^^^^^^^^^
  File "C:\Users\Ammar\OneDrive\Desktop\LMS_project\.venv\Lib\site-packages\django\db\utils.py", line 91, in __exit__
    raise dj_exc_value.with_traceback(traceback) from exc_value
  File "C:\Users\Ammar\OneDrive\Desktop\LMS_project\.venv\Lib\site-packages\django\db\backends\utils.py", line 105, in _execute
    return self.cursor.execute(sql, params)
           ~~~~~~~~~~~~~~~~~~~^^^^^^^^^^^^^
django.db.utils.ProgrammingError: column users_user.username does not exist
LINE 1: SELECT 1 AS "a" FROM "users_user" WHERE "users_user"."userna...
                                                ^


ERROR 2026-07-09 21:04:41,749 exceptions 16124 11940 Unhandled exception: column users_user.username does not exist
LINE 1: SELECT 1 AS "a" FROM "users_user" WHERE "users_user"."userna...
                                                ^

Traceback (most recent call last):
  File "C:\Users\Ammar\OneDrive\Desktop\LMS_project\.venv\Lib\site-packages\django\db\backends\utils.py", line 105, in _execute
    return self.cursor.execute(sql, params)
           ~~~~~~~~~~~~~~~~~~~^^^^^^^^^^^^^
psycopg2.errors.UndefinedColumn: column users_user.username does not exist
LINE 1: SELECT 1 AS "a" FROM "users_user" WHERE "users_user"."userna...
                                                ^


The above exception was the direct cause of the following exception:

Traceback (most recent call last):
  File "C:\Users\Ammar\OneDrive\Desktop\LMS_project\.venv\Lib\site-packages\rest_framework\views.py", line 512, in dispatch
    response = handler(request, *args, **kwargs)
  File "C:\Users\Ammar\OneDrive\Desktop\LMS_project\apps\users\views.py", line 42, in post
    if serializer.is_valid():
       ~~~~~~~~~~~~~~~~~~~^^
  File "C:\Users\Ammar\OneDrive\Desktop\LMS_project\.venv\Lib\site-packages\rest_framework\serializers.py", line 225, in is_valid
    self._validated_data = self.run_validation(self.initial_data)
                           ~~~~~~~~~~~~~~~~~~~^^^^^^^^^^^^^^^^^^^
  File "C:\Users\Ammar\OneDrive\Desktop\LMS_project\.venv\Lib\site-packages\rest_framework\serializers.py", line 456, in run_validation
    value = self.to_internal_value(data)
  File "C:\Users\Ammar\OneDrive\Desktop\LMS_project\.venv\Lib\site-packages\rest_framework\serializers.py", line 513, in to_internal_value
    validated_value = field.run_validation(primitive_value)
  File "C:\Users\Ammar\OneDrive\Desktop\LMS_project\.venv\Lib\site-packages\rest_framework\fields.py", line 757, in run_validation
    return super().run_validation(data)
           ~~~~~~~~~~~~~~~~~~~~~~^^^^^^
  File "C:\Users\Ammar\OneDrive\Desktop\LMS_project\.venv\Lib\site-packages\rest_framework\fields.py", line 539, in run_validation
    self.run_validators(value)
    ~~~~~~~~~~~~~~~~~~~^^^^^^^
  File "C:\Users\Ammar\OneDrive\Desktop\LMS_project\.venv\Lib\site-packages\rest_framework\fields.py", line 551, in run_validators
    validator(value, self)
    ~~~~~~~~~^^^^^^^^^^^^^
  File "C:\Users\Ammar\OneDrive\Desktop\LMS_project\.venv\Lib\site-packages\rest_framework\validators.py", line 86, in __call__
    if qs_exists(queryset):
       ~~~~~~~~~^^^^^^^^^^
  File "C:\Users\Ammar\OneDrive\Desktop\LMS_project\.venv\Lib\site-packages\rest_framework\validators.py", line 23, in qs_exists
    return queryset.exists()
           ~~~~~~~~~~~~~~~^^
  File "C:\Users\Ammar\OneDrive\Desktop\LMS_project\.venv\Lib\site-packages\django\db\models\query.py", line 1298, in exists
    return self.query.has_results(using=self.db)
           ~~~~~~~~~~~~~~~~~~~~~~^^^^^^^^^^^^^^^
  File "C:\Users\Ammar\OneDrive\Desktop\LMS_project\.venv\Lib\site-packages\django\db\models\sql\query.py", line 676, in has_results
    return compiler.has_results()
           ~~~~~~~~~~~~~~~~~~~~^^
  File "C:\Users\Ammar\OneDrive\Desktop\LMS_project\.venv\Lib\site-packages\django\db\models\sql\compiler.py", line 1591, in has_results
    return bool(self.execute_sql(SINGLE))
                ~~~~~~~~~~~~~~~~^^^^^^^^
  File "C:\Users\Ammar\OneDrive\Desktop\LMS_project\.venv\Lib\site-packages\django\db\models\sql\compiler.py", line 1623, in execute_sql
    cursor.execute(sql, params)
    ~~~~~~~~~~~~~~^^^^^^^^^^^^^
  File "C:\Users\Ammar\OneDrive\Desktop\LMS_project\.venv\Lib\site-packages\django\db\backends\utils.py", line 122, in execute
    return super().execute(sql, params)
           ~~~~~~~~~~~~~~~^^^^^^^^^^^^^
  File "C:\Users\Ammar\OneDrive\Desktop\LMS_project\.venv\Lib\site-packages\django\db\backends\utils.py", line 79, in execute
    return self._execute_with_wrappers(
           ~~~~~~~~~~~~~~~~~~~~~~~~~~~^
        sql, params, many=False, executor=self._execute
        ^^^^^^^^^^^^^^^^^^^^^^^^^^^^^^^^^^^^^^^^^^^^^^^
    )
    ^
  File "C:\Users\Ammar\OneDrive\Desktop\LMS_project\.venv\Lib\site-packages\django\db\backends\utils.py", line 92, in _execute_with_wrappers
    return executor(sql, params, many, context)
  File "C:\Users\Ammar\OneDrive\Desktop\LMS_project\.venv\Lib\site-packages\django\db\backends\utils.py", line 100, in _execute
    with self.db.wrap_database_errors:
         ^^^^^^^^^^^^^^^^^^^^^^^^^^^^
  File "C:\Users\Ammar\OneDrive\Desktop\LMS_project\.venv\Lib\site-packages\django\db\utils.py", line 91, in __exit__
    raise dj_exc_value.with_traceback(traceback) from exc_value
  File "C:\Users\Ammar\OneDrive\Desktop\LMS_project\.venv\Lib\site-packages\django\db\backends\utils.py", line 105, in _execute
    return self.cursor.execute(sql, params)
           ~~~~~~~~~~~~~~~~~~~^^^^^^^^^^^^^
django.db.utils.ProgrammingError: column users_user.username does not exist
LINE 1: SELECT 1 AS "a" FROM "users_user" WHERE "users_user"."userna...
                                                ^


WARNING 2026-07-09 21:06:23,773 exceptions 16124 21408 API error 401: Given token not valid for any token type
WARNING 2026-07-09 21:06:51,441 exceptions 16124 21408 API error 401: Given token not valid for any token type
ERROR 2026-07-09 21:16:14,914 exceptions 16124 9556 Unhandled exception: column users_user.username does not exist
LINE 1: SELECT 1 AS "a" FROM "users_user" WHERE "users_user"."userna...
                                                ^

Traceback (most recent call last):
  File "C:\Users\Ammar\OneDrive\Desktop\LMS_project\.venv\Lib\site-packages\django\db\backends\utils.py", line 105, in _execute
    return self.cursor.execute(sql, params)
           ~~~~~~~~~~~~~~~~~~~^^^^^^^^^^^^^
psycopg2.errors.UndefinedColumn: column users_user.username does not exist
LINE 1: SELECT 1 AS "a" FROM "users_user" WHERE "users_user"."userna...
                                                ^


The above exception was the direct cause of the following exception:

Traceback (most recent call last):
  File "C:\Users\Ammar\OneDrive\Desktop\LMS_project\.venv\Lib\site-packages\rest_framework\views.py", line 512, in dispatch
    response = handler(request, *args, **kwargs)
  File "C:\Users\Ammar\OneDrive\Desktop\LMS_project\apps\users\views.py", line 42, in post
    if serializer.is_valid():
       ~~~~~~~~~~~~~~~~~~~^^
  File "C:\Users\Ammar\OneDrive\Desktop\LMS_project\.venv\Lib\site-packages\rest_framework\serializers.py", line 225, in is_valid
    self._validated_data = self.run_validation(self.initial_data)
                           ~~~~~~~~~~~~~~~~~~~^^^^^^^^^^^^^^^^^^^
  File "C:\Users\Ammar\OneDrive\Desktop\LMS_project\.venv\Lib\site-packages\rest_framework\serializers.py", line 456, in run_validation
    value = self.to_internal_value(data)
  File "C:\Users\Ammar\OneDrive\Desktop\LMS_project\.venv\Lib\site-packages\rest_framework\serializers.py", line 513, in to_internal_value
    validated_value = field.run_validation(primitive_value)
  File "C:\Users\Ammar\OneDrive\Desktop\LMS_project\.venv\Lib\site-packages\rest_framework\fields.py", line 757, in run_validation
    return super().run_validation(data)
           ~~~~~~~~~~~~~~~~~~~~~~^^^^^^
  File "C:\Users\Ammar\OneDrive\Desktop\LMS_project\.venv\Lib\site-packages\rest_framework\fields.py", line 539, in run_validation
    self.run_validators(value)
    ~~~~~~~~~~~~~~~~~~~^^^^^^^
  File "C:\Users\Ammar\OneDrive\Desktop\LMS_project\.venv\Lib\site-packages\rest_framework\fields.py", line 551, in run_validators
    validator(value, self)
    ~~~~~~~~~^^^^^^^^^^^^^
  File "C:\Users\Ammar\OneDrive\Desktop\LMS_project\.venv\Lib\site-packages\rest_framework\validators.py", line 86, in __call__
    if qs_exists(queryset):
       ~~~~~~~~~^^^^^^^^^^
  File "C:\Users\Ammar\OneDrive\Desktop\LMS_project\.venv\Lib\site-packages\rest_framework\validators.py", line 23, in qs_exists
    return queryset.exists()
           ~~~~~~~~~~~~~~~^^
  File "C:\Users\Ammar\OneDrive\Desktop\LMS_project\.venv\Lib\site-packages\django\db\models\query.py", line 1298, in exists
    return self.query.has_results(using=self.db)
           ~~~~~~~~~~~~~~~~~~~~~~^^^^^^^^^^^^^^^
  File "C:\Users\Ammar\OneDrive\Desktop\LMS_project\.venv\Lib\site-packages\django\db\models\sql\query.py", line 676, in has_results
    return compiler.has_results()
           ~~~~~~~~~~~~~~~~~~~~^^
  File "C:\Users\Ammar\OneDrive\Desktop\LMS_project\.venv\Lib\site-packages\django\db\models\sql\compiler.py", line 1591, in has_results
    return bool(self.execute_sql(SINGLE))
                ~~~~~~~~~~~~~~~~^^^^^^^^
  File "C:\Users\Ammar\OneDrive\Desktop\LMS_project\.venv\Lib\site-packages\django\db\models\sql\compiler.py", line 1623, in execute_sql
    cursor.execute(sql, params)
    ~~~~~~~~~~~~~~^^^^^^^^^^^^^
  File "C:\Users\Ammar\OneDrive\Desktop\LMS_project\.venv\Lib\site-packages\django\db\backends\utils.py", line 122, in execute
    return super().execute(sql, params)
           ~~~~~~~~~~~~~~~^^^^^^^^^^^^^
  File "C:\Users\Ammar\OneDrive\Desktop\LMS_project\.venv\Lib\site-packages\django\db\backends\utils.py", line 79, in execute
    return self._execute_with_wrappers(
           ~~~~~~~~~~~~~~~~~~~~~~~~~~~^
        sql, params, many=False, executor=self._execute
        ^^^^^^^^^^^^^^^^^^^^^^^^^^^^^^^^^^^^^^^^^^^^^^^
    )
    ^
  File "C:\Users\Ammar\OneDrive\Desktop\LMS_project\.venv\Lib\site-packages\django\db\backends\utils.py", line 92, in _execute_with_wrappers
    return executor(sql, params, many, context)
  File "C:\Users\Ammar\OneDrive\Desktop\LMS_project\.venv\Lib\site-packages\django\db\backends\utils.py", line 100, in _execute
    with self.db.wrap_database_errors:
         ^^^^^^^^^^^^^^^^^^^^^^^^^^^^
  File "C:\Users\Ammar\OneDrive\Desktop\LMS_project\.venv\Lib\site-packages\django\db\utils.py", line 91, in __exit__
    raise dj_exc_value.with_traceback(traceback) from exc_value
  File "C:\Users\Ammar\OneDrive\Desktop\LMS_project\.venv\Lib\site-packages\django\db\backends\utils.py", line 105, in _execute
    return self.cursor.execute(sql, params)
           ~~~~~~~~~~~~~~~~~~~^^^^^^^^^^^^^
django.db.utils.ProgrammingError: column users_user.username does not exist
LINE 1: SELECT 1 AS "a" FROM "users_user" WHERE "users_user"."userna...
                                                ^


ERROR 2026-07-09 21:18:14,795 exceptions 16124 19872 Unhandled exception: column users_user.username does not exist
LINE 1: SELECT 1 AS "a" FROM "users_user" WHERE "users_user"."userna...
                                                ^

Traceback (most recent call last):
  File "C:\Users\Ammar\OneDrive\Desktop\LMS_project\.venv\Lib\site-packages\django\db\backends\utils.py", line 105, in _execute
    return self.cursor.execute(sql, params)
           ~~~~~~~~~~~~~~~~~~~^^^^^^^^^^^^^
psycopg2.errors.UndefinedColumn: column users_user.username does not exist
LINE 1: SELECT 1 AS "a" FROM "users_user" WHERE "users_user"."userna...
                                                ^


The above exception was the direct cause of the following exception:

Traceback (most recent call last):
  File "C:\Users\Ammar\OneDrive\Desktop\LMS_project\.venv\Lib\site-packages\rest_framework\views.py", line 512, in dispatch
    response = handler(request, *args, **kwargs)
  File "C:\Users\Ammar\OneDrive\Desktop\LMS_project\apps\users\views.py", line 42, in post
    if serializer.is_valid():
       ~~~~~~~~~~~~~~~~~~~^^
  File "C:\Users\Ammar\OneDrive\Desktop\LMS_project\.venv\Lib\site-packages\rest_framework\serializers.py", line 225, in is_valid
    self._validated_data = self.run_validation(self.initial_data)
                           ~~~~~~~~~~~~~~~~~~~^^^^^^^^^^^^^^^^^^^
  File "C:\Users\Ammar\OneDrive\Desktop\LMS_project\.venv\Lib\site-packages\rest_framework\serializers.py", line 456, in run_validation
    value = self.to_internal_value(data)
  File "C:\Users\Ammar\OneDrive\Desktop\LMS_project\.venv\Lib\site-packages\rest_framework\serializers.py", line 513, in to_internal_value
    validated_value = field.run_validation(primitive_value)
  File "C:\Users\Ammar\OneDrive\Desktop\LMS_project\.venv\Lib\site-packages\rest_framework\fields.py", line 757, in run_validation
    return super().run_validation(data)
           ~~~~~~~~~~~~~~~~~~~~~~^^^^^^
  File "C:\Users\Ammar\OneDrive\Desktop\LMS_project\.venv\Lib\site-packages\rest_framework\fields.py", line 539, in run_validation
    self.run_validators(value)
    ~~~~~~~~~~~~~~~~~~~^^^^^^^
  File "C:\Users\Ammar\OneDrive\Desktop\LMS_project\.venv\Lib\site-packages\rest_framework\fields.py", line 551, in run_validators
    validator(value, self)
    ~~~~~~~~~^^^^^^^^^^^^^
  File "C:\Users\Ammar\OneDrive\Desktop\LMS_project\.venv\Lib\site-packages\rest_framework\validators.py", line 86, in __call__
    if qs_exists(queryset):
       ~~~~~~~~~^^^^^^^^^^
  File "C:\Users\Ammar\OneDrive\Desktop\LMS_project\.venv\Lib\site-packages\rest_framework\validators.py", line 23, in qs_exists
    return queryset.exists()
           ~~~~~~~~~~~~~~~^^
  File "C:\Users\Ammar\OneDrive\Desktop\LMS_project\.venv\Lib\site-packages\django\db\models\query.py", line 1298, in exists
    return self.query.has_results(using=self.db)
           ~~~~~~~~~~~~~~~~~~~~~~^^^^^^^^^^^^^^^
  File "C:\Users\Ammar\OneDrive\Desktop\LMS_project\.venv\Lib\site-packages\django\db\models\sql\query.py", line 676, in has_results
    return compiler.has_results()
           ~~~~~~~~~~~~~~~~~~~~^^
  File "C:\Users\Ammar\OneDrive\Desktop\LMS_project\.venv\Lib\site-packages\django\db\models\sql\compiler.py", line 1591, in has_results
    return bool(self.execute_sql(SINGLE))
                ~~~~~~~~~~~~~~~~^^^^^^^^
  File "C:\Users\Ammar\OneDrive\Desktop\LMS_project\.venv\Lib\site-packages\django\db\models\sql\compiler.py", line 1623, in execute_sql
    cursor.execute(sql, params)
    ~~~~~~~~~~~~~~^^^^^^^^^^^^^
  File "C:\Users\Ammar\OneDrive\Desktop\LMS_project\.venv\Lib\site-packages\django\db\backends\utils.py", line 122, in execute
    return super().execute(sql, params)
           ~~~~~~~~~~~~~~~^^^^^^^^^^^^^
  File "C:\Users\Ammar\OneDrive\Desktop\LMS_project\.venv\Lib\site-packages\django\db\backends\utils.py", line 79, in execute
    return self._execute_with_wrappers(
           ~~~~~~~~~~~~~~~~~~~~~~~~~~~^
        sql, params, many=False, executor=self._execute
        ^^^^^^^^^^^^^^^^^^^^^^^^^^^^^^^^^^^^^^^^^^^^^^^
    )
    ^
  File "C:\Users\Ammar\OneDrive\Desktop\LMS_project\.venv\Lib\site-packages\django\db\backends\utils.py", line 92, in _execute_with_wrappers
    return executor(sql, params, many, context)
  File "C:\Users\Ammar\OneDrive\Desktop\LMS_project\.venv\Lib\site-packages\django\db\backends\utils.py", line 100, in _execute
    with self.db.wrap_database_errors:
         ^^^^^^^^^^^^^^^^^^^^^^^^^^^^
  File "C:\Users\Ammar\OneDrive\Desktop\LMS_project\.venv\Lib\site-packages\django\db\utils.py", line 91, in __exit__
    raise dj_exc_value.with_traceback(traceback) from exc_value
  File "C:\Users\Ammar\OneDrive\Desktop\LMS_project\.venv\Lib\site-packages\django\db\backends\utils.py", line 105, in _execute
    return self.cursor.execute(sql, params)
           ~~~~~~~~~~~~~~~~~~~^^^^^^^^^^^^^
django.db.utils.ProgrammingError: column users_user.username does not exist
LINE 1: SELECT 1 AS "a" FROM "users_user" WHERE "users_user"."userna...
                                                ^


ERROR 2026-07-09 21:40:23,815 exceptions 15920 13764 Unhandled exception: column "profile_picture" of relation "users_user" does not exist
LINE 1: ..., "date_joined", "email", "role", "bio", "phone", "profile_p...
                                                             ^

Traceback (most recent call last):
  File "C:\Users\Ammar\OneDrive\Desktop\LMS_project\.venv\Lib\site-packages\django\db\backends\utils.py", line 105, in _execute
    return self.cursor.execute(sql, params)
           ~~~~~~~~~~~~~~~~~~~^^^^^^^^^^^^^
psycopg2.errors.UndefinedColumn: column "profile_picture" of relation "users_user" does not exist
LINE 1: ..., "date_joined", "email", "role", "bio", "phone", "profile_p...
                                                             ^


The above exception was the direct cause of the following exception:

Traceback (most recent call last):
  File "C:\Users\Ammar\OneDrive\Desktop\LMS_project\.venv\Lib\site-packages\rest_framework\views.py", line 512, in dispatch
    response = handler(request, *args, **kwargs)
  File "C:\Users\Ammar\OneDrive\Desktop\LMS_project\apps\users\views.py", line 43, in post
    user = serializer.save()
  File "C:\Users\Ammar\OneDrive\Desktop\LMS_project\.venv\Lib\site-packages\rest_framework\serializers.py", line 210, in save
    self.instance = self.create(validated_data)
                    ~~~~~~~~~~~^^^^^^^^^^^^^^^^
  File "C:\Users\Ammar\OneDrive\Desktop\LMS_project\apps\users\serializers.py", line 33, in create
    return AuthService.create_user(validated_data)
           ~~~~~~~~~~~~~~~~~~~~~~~^^^^^^^^^^^^^^^^
  File "C:\Users\Ammar\OneDrive\Desktop\LMS_project\apps\users\services.py", line 38, in create_user
    user.save()
    ~~~~~~~~~^^
  File "C:\Users\Ammar\OneDrive\Desktop\LMS_project\.venv\Lib\site-packages\django\contrib\auth\base_user.py", line 65, in save
    super().save(*args, **kwargs)
    ~~~~~~~~~~~~^^^^^^^^^^^^^^^^^
  File "C:\Users\Ammar\OneDrive\Desktop\LMS_project\.venv\Lib\site-packages\django\db\models\base.py", line 902, in save
    self.save_base(
    ~~~~~~~~~~~~~~^
        using=using,
        ^^^^^^^^^^^^
    ...<2 lines>...
        update_fields=update_fields,
        ^^^^^^^^^^^^^^^^^^^^^^^^^^^^
    )
    ^
  File "C:\Users\Ammar\OneDrive\Desktop\LMS_project\.venv\Lib\site-packages\django\db\models\base.py", line 1008, in save_base
    updated = self._save_table(
        raw,
    ...<4 lines>...
        update_fields,
    )
  File "C:\Users\Ammar\OneDrive\Desktop\LMS_project\.venv\Lib\site-packages\django\db\models\base.py", line 1169, in _save_table
    results = self._do_insert(
        cls._base_manager, using, fields, returning_fields, raw
    )
  File "C:\Users\Ammar\OneDrive\Desktop\LMS_project\.venv\Lib\site-packages\django\db\models\base.py", line 1210, in _do_insert
    return manager._insert(
           ~~~~~~~~~~~~~~~^
        [self],
        ^^^^^^^
    ...<3 lines>...
        raw=raw,
        ^^^^^^^^
    )
    ^
  File "C:\Users\Ammar\OneDrive\Desktop\LMS_project\.venv\Lib\site-packages\django\db\models\manager.py", line 87, in manager_method
    return getattr(self.get_queryset(), name)(*args, **kwargs)
           ~~~~~~~~~~~~~~~~~~~~~~~~~~~~~~~~~~^^^^^^^^^^^^^^^^^
  File "C:\Users\Ammar\OneDrive\Desktop\LMS_project\.venv\Lib\site-packages\django\db\models\query.py", line 1873, in _insert
    return query.get_compiler(using=using).execute_sql(returning_fields)
           ~~~~~~~~~~~~~~~~~~~~~~~~~~~~~~~~~~~~~~~~~~~^^^^^^^^^^^^^^^^^^
  File "C:\Users\Ammar\OneDrive\Desktop\LMS_project\.venv\Lib\site-packages\django\db\models\sql\compiler.py", line 1882, in execute_sql
    cursor.execute(sql, params)
    ~~~~~~~~~~~~~~^^^^^^^^^^^^^
  File "C:\Users\Ammar\OneDrive\Desktop\LMS_project\.venv\Lib\site-packages\django\db\backends\utils.py", line 122, in execute
    return super().execute(sql, params)
           ~~~~~~~~~~~~~~~^^^^^^^^^^^^^
  File "C:\Users\Ammar\OneDrive\Desktop\LMS_project\.venv\Lib\site-packages\django\db\backends\utils.py", line 79, in execute
    return self._execute_with_wrappers(
           ~~~~~~~~~~~~~~~~~~~~~~~~~~~^
        sql, params, many=False, executor=self._execute
        ^^^^^^^^^^^^^^^^^^^^^^^^^^^^^^^^^^^^^^^^^^^^^^^
    )
    ^
  File "C:\Users\Ammar\OneDrive\Desktop\LMS_project\.venv\Lib\site-packages\django\db\backends\utils.py", line 92, in _execute_with_wrappers
    return executor(sql, params, many, context)
  File "C:\Users\Ammar\OneDrive\Desktop\LMS_project\.venv\Lib\site-packages\django\db\backends\utils.py", line 100, in _execute
    with self.db.wrap_database_errors:
         ^^^^^^^^^^^^^^^^^^^^^^^^^^^^
  File "C:\Users\Ammar\OneDrive\Desktop\LMS_project\.venv\Lib\site-packages\django\db\utils.py", line 91, in __exit__
    raise dj_exc_value.with_traceback(traceback) from exc_value
  File "C:\Users\Ammar\OneDrive\Desktop\LMS_project\.venv\Lib\site-packages\django\db\backends\utils.py", line 105, in _execute
    return self.cursor.execute(sql, params)
           ~~~~~~~~~~~~~~~~~~~^^^^^^^^^^^^^
django.db.utils.ProgrammingError: column "profile_picture" of relation "users_user" does not exist
LINE 1: ..., "date_joined", "email", "role", "bio", "phone", "profile_p...
                                                             ^


ERROR 2026-07-09 21:41:34,719 exceptions 15368 4056 Unhandled exception: column "profile_picture" of relation "users_user" does not exist
LINE 1: ..., "date_joined", "email", "role", "bio", "phone", "profile_p...
                                                             ^

Traceback (most recent call last):
  File "C:\Users\Ammar\OneDrive\Desktop\LMS_project\.venv\Lib\site-packages\django\db\backends\utils.py", line 105, in _execute
    return self.cursor.execute(sql, params)
           ~~~~~~~~~~~~~~~~~~~^^^^^^^^^^^^^
psycopg2.errors.UndefinedColumn: column "profile_picture" of relation "users_user" does not exist
LINE 1: ..., "date_joined", "email", "role", "bio", "phone", "profile_p...
                                                             ^


The above exception was the direct cause of the following exception:

Traceback (most recent call last):
  File "C:\Users\Ammar\OneDrive\Desktop\LMS_project\.venv\Lib\site-packages\rest_framework\views.py", line 512, in dispatch
    response = handler(request, *args, **kwargs)
  File "C:\Users\Ammar\OneDrive\Desktop\LMS_project\apps\users\views.py", line 43, in post
    user = serializer.save()
  File "C:\Users\Ammar\OneDrive\Desktop\LMS_project\.venv\Lib\site-packages\rest_framework\serializers.py", line 210, in save
    self.instance = self.create(validated_data)
                    ~~~~~~~~~~~^^^^^^^^^^^^^^^^
  File "C:\Users\Ammar\OneDrive\Desktop\LMS_project\apps\users\serializers.py", line 33, in create
    return AuthService.create_user(validated_data)
           ~~~~~~~~~~~~~~~~~~~~~~~^^^^^^^^^^^^^^^^
  File "C:\Users\Ammar\OneDrive\Desktop\LMS_project\apps\users\services.py", line 38, in create_user
    user.save()
    ~~~~~~~~~^^
  File "C:\Users\Ammar\OneDrive\Desktop\LMS_project\.venv\Lib\site-packages\django\contrib\auth\base_user.py", line 65, in save
    super().save(*args, **kwargs)
    ~~~~~~~~~~~~^^^^^^^^^^^^^^^^^
  File "C:\Users\Ammar\OneDrive\Desktop\LMS_project\.venv\Lib\site-packages\django\db\models\base.py", line 902, in save
    self.save_base(
    ~~~~~~~~~~~~~~^
        using=using,
        ^^^^^^^^^^^^
    ...<2 lines>...
        update_fields=update_fields,
        ^^^^^^^^^^^^^^^^^^^^^^^^^^^^
    )
    ^
  File "C:\Users\Ammar\OneDrive\Desktop\LMS_project\.venv\Lib\site-packages\django\db\models\base.py", line 1008, in save_base
    updated = self._save_table(
        raw,
    ...<4 lines>...
        update_fields,
    )
  File "C:\Users\Ammar\OneDrive\Desktop\LMS_project\.venv\Lib\site-packages\django\db\models\base.py", line 1169, in _save_table
    results = self._do_insert(
        cls._base_manager, using, fields, returning_fields, raw
    )
  File "C:\Users\Ammar\OneDrive\Desktop\LMS_project\.venv\Lib\site-packages\django\db\models\base.py", line 1210, in _do_insert
    return manager._insert(
           ~~~~~~~~~~~~~~~^
        [self],
        ^^^^^^^
    ...<3 lines>...
        raw=raw,
        ^^^^^^^^
    )
    ^
  File "C:\Users\Ammar\OneDrive\Desktop\LMS_project\.venv\Lib\site-packages\django\db\models\manager.py", line 87, in manager_method
    return getattr(self.get_queryset(), name)(*args, **kwargs)
           ~~~~~~~~~~~~~~~~~~~~~~~~~~~~~~~~~~^^^^^^^^^^^^^^^^^
  File "C:\Users\Ammar\OneDrive\Desktop\LMS_project\.venv\Lib\site-packages\django\db\models\query.py", line 1873, in _insert
    return query.get_compiler(using=using).execute_sql(returning_fields)
           ~~~~~~~~~~~~~~~~~~~~~~~~~~~~~~~~~~~~~~~~~~~^^^^^^^^^^^^^^^^^^
  File "C:\Users\Ammar\OneDrive\Desktop\LMS_project\.venv\Lib\site-packages\django\db\models\sql\compiler.py", line 1882, in execute_sql
    cursor.execute(sql, params)
    ~~~~~~~~~~~~~~^^^^^^^^^^^^^
  File "C:\Users\Ammar\OneDrive\Desktop\LMS_project\.venv\Lib\site-packages\django\db\backends\utils.py", line 122, in execute
    return super().execute(sql, params)
           ~~~~~~~~~~~~~~~^^^^^^^^^^^^^
  File "C:\Users\Ammar\OneDrive\Desktop\LMS_project\.venv\Lib\site-packages\django\db\backends\utils.py", line 79, in execute
    return self._execute_with_wrappers(
           ~~~~~~~~~~~~~~~~~~~~~~~~~~~^
        sql, params, many=False, executor=self._execute
        ^^^^^^^^^^^^^^^^^^^^^^^^^^^^^^^^^^^^^^^^^^^^^^^
    )
    ^
  File "C:\Users\Ammar\OneDrive\Desktop\LMS_project\.venv\Lib\site-packages\django\db\backends\utils.py", line 92, in _execute_with_wrappers
    return executor(sql, params, many, context)
  File "C:\Users\Ammar\OneDrive\Desktop\LMS_project\.venv\Lib\site-packages\django\db\backends\utils.py", line 100, in _execute
    with self.db.wrap_database_errors:
         ^^^^^^^^^^^^^^^^^^^^^^^^^^^^
  File "C:\Users\Ammar\OneDrive\Desktop\LMS_project\.venv\Lib\site-packages\django\db\utils.py", line 91, in __exit__
    raise dj_exc_value.with_traceback(traceback) from exc_value
  File "C:\Users\Ammar\OneDrive\Desktop\LMS_project\.venv\Lib\site-packages\django\db\backends\utils.py", line 105, in _execute
    return self.cursor.execute(sql, params)
           ~~~~~~~~~~~~~~~~~~~^^^^^^^^^^^^^
django.db.utils.ProgrammingError: column "profile_picture" of relation "users_user" does not exist
LINE 1: ..., "date_joined", "email", "role", "bio", "phone", "profile_p...
                                                             ^


ERROR 2026-07-09 21:41:49,648 exceptions 15368 4056 Unhandled exception: column "profile_picture" of relation "users_user" does not exist
LINE 1: ..., "date_joined", "email", "role", "bio", "phone", "profile_p...
                                                             ^

Traceback (most recent call last):
  File "C:\Users\Ammar\OneDrive\Desktop\LMS_project\.venv\Lib\site-packages\django\db\backends\utils.py", line 105, in _execute
    return self.cursor.execute(sql, params)
           ~~~~~~~~~~~~~~~~~~~^^^^^^^^^^^^^
psycopg2.errors.UndefinedColumn: column "profile_picture" of relation "users_user" does not exist
LINE 1: ..., "date_joined", "email", "role", "bio", "phone", "profile_p...
                                                             ^


The above exception was the direct cause of the following exception:

Traceback (most recent call last):
  File "C:\Users\Ammar\OneDrive\Desktop\LMS_project\.venv\Lib\site-packages\rest_framework\views.py", line 512, in dispatch
    response = handler(request, *args, **kwargs)
  File "C:\Users\Ammar\OneDrive\Desktop\LMS_project\apps\users\views.py", line 43, in post
    user = serializer.save()
  File "C:\Users\Ammar\OneDrive\Desktop\LMS_project\.venv\Lib\site-packages\rest_framework\serializers.py", line 210, in save
    self.instance = self.create(validated_data)
                    ~~~~~~~~~~~^^^^^^^^^^^^^^^^
  File "C:\Users\Ammar\OneDrive\Desktop\LMS_project\apps\users\serializers.py", line 33, in create
    return AuthService.create_user(validated_data)
           ~~~~~~~~~~~~~~~~~~~~~~~^^^^^^^^^^^^^^^^
  File "C:\Users\Ammar\OneDrive\Desktop\LMS_project\apps\users\services.py", line 38, in create_user
    user.save()
    ~~~~~~~~~^^
  File "C:\Users\Ammar\OneDrive\Desktop\LMS_project\.venv\Lib\site-packages\django\contrib\auth\base_user.py", line 65, in save
    super().save(*args, **kwargs)
    ~~~~~~~~~~~~^^^^^^^^^^^^^^^^^
  File "C:\Users\Ammar\OneDrive\Desktop\LMS_project\.venv\Lib\site-packages\django\db\models\base.py", line 902, in save
    self.save_base(
    ~~~~~~~~~~~~~~^
        using=using,
        ^^^^^^^^^^^^
    ...<2 lines>...
        update_fields=update_fields,
        ^^^^^^^^^^^^^^^^^^^^^^^^^^^^
    )
    ^
  File "C:\Users\Ammar\OneDrive\Desktop\LMS_project\.venv\Lib\site-packages\django\db\models\base.py", line 1008, in save_base
    updated = self._save_table(
        raw,
    ...<4 lines>...
        update_fields,
    )
  File "C:\Users\Ammar\OneDrive\Desktop\LMS_project\.venv\Lib\site-packages\django\db\models\base.py", line 1169, in _save_table
    results = self._do_insert(
        cls._base_manager, using, fields, returning_fields, raw
    )
  File "C:\Users\Ammar\OneDrive\Desktop\LMS_project\.venv\Lib\site-packages\django\db\models\base.py", line 1210, in _do_insert
    return manager._insert(
           ~~~~~~~~~~~~~~~^
        [self],
        ^^^^^^^
    ...<3 lines>...
        raw=raw,
        ^^^^^^^^
    )
    ^
  File "C:\Users\Ammar\OneDrive\Desktop\LMS_project\.venv\Lib\site-packages\django\db\models\manager.py", line 87, in manager_method
    return getattr(self.get_queryset(), name)(*args, **kwargs)
           ~~~~~~~~~~~~~~~~~~~~~~~~~~~~~~~~~~^^^^^^^^^^^^^^^^^
  File "C:\Users\Ammar\OneDrive\Desktop\LMS_project\.venv\Lib\site-packages\django\db\models\query.py", line 1873, in _insert
    return query.get_compiler(using=using).execute_sql(returning_fields)
           ~~~~~~~~~~~~~~~~~~~~~~~~~~~~~~~~~~~~~~~~~~~^^^^^^^^^^^^^^^^^^
  File "C:\Users\Ammar\OneDrive\Desktop\LMS_project\.venv\Lib\site-packages\django\db\models\sql\compiler.py", line 1882, in execute_sql
    cursor.execute(sql, params)
    ~~~~~~~~~~~~~~^^^^^^^^^^^^^
  File "C:\Users\Ammar\OneDrive\Desktop\LMS_project\.venv\Lib\site-packages\django\db\backends\utils.py", line 122, in execute
    return super().execute(sql, params)
           ~~~~~~~~~~~~~~~^^^^^^^^^^^^^
  File "C:\Users\Ammar\OneDrive\Desktop\LMS_project\.venv\Lib\site-packages\django\db\backends\utils.py", line 79, in execute
    return self._execute_with_wrappers(
           ~~~~~~~~~~~~~~~~~~~~~~~~~~~^
        sql, params, many=False, executor=self._execute
        ^^^^^^^^^^^^^^^^^^^^^^^^^^^^^^^^^^^^^^^^^^^^^^^
    )
    ^
  File "C:\Users\Ammar\OneDrive\Desktop\LMS_project\.venv\Lib\site-packages\django\db\backends\utils.py", line 92, in _execute_with_wrappers
    return executor(sql, params, many, context)
  File "C:\Users\Ammar\OneDrive\Desktop\LMS_project\.venv\Lib\site-packages\django\db\backends\utils.py", line 100, in _execute
    with self.db.wrap_database_errors:
         ^^^^^^^^^^^^^^^^^^^^^^^^^^^^
  File "C:\Users\Ammar\OneDrive\Desktop\LMS_project\.venv\Lib\site-packages\django\db\utils.py", line 91, in __exit__
    raise dj_exc_value.with_traceback(traceback) from exc_value
  File "C:\Users\Ammar\OneDrive\Desktop\LMS_project\.venv\Lib\site-packages\django\db\backends\utils.py", line 105, in _execute
    return self.cursor.execute(sql, params)
           ~~~~~~~~~~~~~~~~~~~^^^^^^^^^^^^^
django.db.utils.ProgrammingError: column "profile_picture" of relation "users_user" does not exist
LINE 1: ..., "date_joined", "email", "role", "bio", "phone", "profile_p...
                                                             ^


ERROR 2026-07-09 21:44:43,249 exceptions 11180 6012 Unhandled exception: column "profile_picture" of relation "users_user" does not exist
LINE 1: ..., "date_joined", "email", "role", "bio", "phone", "profile_p...
                                                             ^

Traceback (most recent call last):
  File "C:\Users\Ammar\OneDrive\Desktop\LMS_project\.venv\Lib\site-packages\django\db\backends\utils.py", line 105, in _execute
    return self.cursor.execute(sql, params)
           ~~~~~~~~~~~~~~~~~~~^^^^^^^^^^^^^
psycopg2.errors.UndefinedColumn: column "profile_picture" of relation "users_user" does not exist
LINE 1: ..., "date_joined", "email", "role", "bio", "phone", "profile_p...
                                                             ^


The above exception was the direct cause of the following exception:

Traceback (most recent call last):
  File "C:\Users\Ammar\OneDrive\Desktop\LMS_project\.venv\Lib\site-packages\rest_framework\views.py", line 512, in dispatch
    response = handler(request, *args, **kwargs)
  File "C:\Users\Ammar\OneDrive\Desktop\LMS_project\apps\users\views.py", line 43, in post
    user = serializer.save()
  File "C:\Users\Ammar\OneDrive\Desktop\LMS_project\.venv\Lib\site-packages\rest_framework\serializers.py", line 210, in save
    self.instance = self.create(validated_data)
                    ~~~~~~~~~~~^^^^^^^^^^^^^^^^
  File "C:\Users\Ammar\OneDrive\Desktop\LMS_project\apps\users\serializers.py", line 33, in create
    return AuthService.create_user(validated_data)
           ~~~~~~~~~~~~~~~~~~~~~~~^^^^^^^^^^^^^^^^
  File "C:\Users\Ammar\OneDrive\Desktop\LMS_project\apps\users\services.py", line 38, in create_user
    user.save()
    ~~~~~~~~~^^
  File "C:\Users\Ammar\OneDrive\Desktop\LMS_project\.venv\Lib\site-packages\django\contrib\auth\base_user.py", line 65, in save
    super().save(*args, **kwargs)
    ~~~~~~~~~~~~^^^^^^^^^^^^^^^^^
  File "C:\Users\Ammar\OneDrive\Desktop\LMS_project\.venv\Lib\site-packages\django\db\models\base.py", line 902, in save
    self.save_base(
    ~~~~~~~~~~~~~~^
        using=using,
        ^^^^^^^^^^^^
    ...<2 lines>...
        update_fields=update_fields,
        ^^^^^^^^^^^^^^^^^^^^^^^^^^^^
    )
    ^
  File "C:\Users\Ammar\OneDrive\Desktop\LMS_project\.venv\Lib\site-packages\django\db\models\base.py", line 1008, in save_base
    updated = self._save_table(
        raw,
    ...<4 lines>...
        update_fields,
    )
  File "C:\Users\Ammar\OneDrive\Desktop\LMS_project\.venv\Lib\site-packages\django\db\models\base.py", line 1169, in _save_table
    results = self._do_insert(
        cls._base_manager, using, fields, returning_fields, raw
    )
  File "C:\Users\Ammar\OneDrive\Desktop\LMS_project\.venv\Lib\site-packages\django\db\models\base.py", line 1210, in _do_insert
    return manager._insert(
           ~~~~~~~~~~~~~~~^
        [self],
        ^^^^^^^
    ...<3 lines>...
        raw=raw,
        ^^^^^^^^
    )
    ^
  File "C:\Users\Ammar\OneDrive\Desktop\LMS_project\.venv\Lib\site-packages\django\db\models\manager.py", line 87, in manager_method
    return getattr(self.get_queryset(), name)(*args, **kwargs)
           ~~~~~~~~~~~~~~~~~~~~~~~~~~~~~~~~~~^^^^^^^^^^^^^^^^^
  File "C:\Users\Ammar\OneDrive\Desktop\LMS_project\.venv\Lib\site-packages\django\db\models\query.py", line 1873, in _insert
    return query.get_compiler(using=using).execute_sql(returning_fields)
           ~~~~~~~~~~~~~~~~~~~~~~~~~~~~~~~~~~~~~~~~~~~^^^^^^^^^^^^^^^^^^
  File "C:\Users\Ammar\OneDrive\Desktop\LMS_project\.venv\Lib\site-packages\django\db\models\sql\compiler.py", line 1882, in execute_sql
    cursor.execute(sql, params)
    ~~~~~~~~~~~~~~^^^^^^^^^^^^^
  File "C:\Users\Ammar\OneDrive\Desktop\LMS_project\.venv\Lib\site-packages\django\db\backends\utils.py", line 122, in execute
    return super().execute(sql, params)
           ~~~~~~~~~~~~~~~^^^^^^^^^^^^^
  File "C:\Users\Ammar\OneDrive\Desktop\LMS_project\.venv\Lib\site-packages\django\db\backends\utils.py", line 79, in execute
    return self._execute_with_wrappers(
           ~~~~~~~~~~~~~~~~~~~~~~~~~~~^
        sql, params, many=False, executor=self._execute
        ^^^^^^^^^^^^^^^^^^^^^^^^^^^^^^^^^^^^^^^^^^^^^^^
    )
    ^
  File "C:\Users\Ammar\OneDrive\Desktop\LMS_project\.venv\Lib\site-packages\django\db\backends\utils.py", line 92, in _execute_with_wrappers
    return executor(sql, params, many, context)
  File "C:\Users\Ammar\OneDrive\Desktop\LMS_project\.venv\Lib\site-packages\django\db\backends\utils.py", line 100, in _execute
    with self.db.wrap_database_errors:
         ^^^^^^^^^^^^^^^^^^^^^^^^^^^^
  File "C:\Users\Ammar\OneDrive\Desktop\LMS_project\.venv\Lib\site-packages\django\db\utils.py", line 91, in __exit__
    raise dj_exc_value.with_traceback(traceback) from exc_value
  File "C:\Users\Ammar\OneDrive\Desktop\LMS_project\.venv\Lib\site-packages\django\db\backends\utils.py", line 105, in _execute
    return self.cursor.execute(sql, params)
           ~~~~~~~~~~~~~~~~~~~^^^^^^^^^^^^^
django.db.utils.ProgrammingError: column "profile_picture" of relation "users_user" does not exist
LINE 1: ..., "date_joined", "email", "role", "bio", "phone", "profile_p...
                                                             ^


ERROR 2026-07-09 22:03:26,098 exceptions 5156 17268 Unhandled exception: relation "email_verification_tokens" does not exist
LINE 1: UPDATE "email_verification_tokens" SET "is_used" = true WHER...
               ^

Traceback (most recent call last):
  File "C:\Users\Ammar\OneDrive\Desktop\LMS_project\.venv\Lib\site-packages\django\db\backends\utils.py", line 105, in _execute
    return self.cursor.execute(sql, params)
           ~~~~~~~~~~~~~~~~~~~^^^^^^^^^^^^^
psycopg2.errors.UndefinedTable: relation "email_verification_tokens" does not exist
LINE 1: UPDATE "email_verification_tokens" SET "is_used" = true WHER...
               ^


The above exception was the direct cause of the following exception:

Traceback (most recent call last):
  File "C:\Users\Ammar\OneDrive\Desktop\LMS_project\.venv\Lib\site-packages\rest_framework\views.py", line 512, in dispatch
    response = handler(request, *args, **kwargs)
  File "C:\Users\Ammar\OneDrive\Desktop\LMS_project\apps\users\views.py", line 43, in post
    user = serializer.save()
  File "C:\Users\Ammar\OneDrive\Desktop\LMS_project\.venv\Lib\site-packages\rest_framework\serializers.py", line 210, in save
    self.instance = self.create(validated_data)
                    ~~~~~~~~~~~^^^^^^^^^^^^^^^^
  File "C:\Users\Ammar\OneDrive\Desktop\LMS_project\apps\users\serializers.py", line 33, in create
    return AuthService.create_user(validated_data)
           ~~~~~~~~~~~~~~~~~~~~~~~^^^^^^^^^^^^^^^^
  File "C:\Users\Ammar\OneDrive\Desktop\LMS_project\apps\users\services.py", line 39, in create_user
    AuthService.send_verification_email(user)
    ~~~~~~~~~~~~~~~~~~~~~~~~~~~~~~~~~~~^^^^^^
  File "C:\Users\Ammar\OneDrive\Desktop\LMS_project\apps\users\services.py", line 44, in send_verification_email
    EmailVerificationToken.objects.filter(user=user, is_used=False).update(is_used=True)
    ~~~~~~~~~~~~~~~~~~~~~~~~~~~~~~~~~~~~~~~~~~~~~~~~~~~~~~~~~~~~~~~~~~~~~~^^^^^^^^^^^^^^
  File "C:\Users\Ammar\OneDrive\Desktop\LMS_project\.venv\Lib\site-packages\django\db\models\query.py", line 1263, in update
    rows = query.get_compiler(self.db).execute_sql(ROW_COUNT)
  File "C:\Users\Ammar\OneDrive\Desktop\LMS_project\.venv\Lib\site-packages\django\db\models\sql\compiler.py", line 2060, in execute_sql
    row_count = super().execute_sql(result_type)
  File "C:\Users\Ammar\OneDrive\Desktop\LMS_project\.venv\Lib\site-packages\django\db\models\sql\compiler.py", line 1623, in execute_sql
    cursor.execute(sql, params)
    ~~~~~~~~~~~~~~^^^^^^^^^^^^^
  File "C:\Users\Ammar\OneDrive\Desktop\LMS_project\.venv\Lib\site-packages\django\db\backends\utils.py", line 122, in execute
    return super().execute(sql, params)
           ~~~~~~~~~~~~~~~^^^^^^^^^^^^^
  File "C:\Users\Ammar\OneDrive\Desktop\LMS_project\.venv\Lib\site-packages\django\db\backends\utils.py", line 79, in execute
    return self._execute_with_wrappers(
           ~~~~~~~~~~~~~~~~~~~~~~~~~~~^
        sql, params, many=False, executor=self._execute
        ^^^^^^^^^^^^^^^^^^^^^^^^^^^^^^^^^^^^^^^^^^^^^^^
    )
    ^
  File "C:\Users\Ammar\OneDrive\Desktop\LMS_project\.venv\Lib\site-packages\django\db\backends\utils.py", line 92, in _execute_with_wrappers
    return executor(sql, params, many, context)
  File "C:\Users\Ammar\OneDrive\Desktop\LMS_project\.venv\Lib\site-packages\django\db\backends\utils.py", line 100, in _execute
    with self.db.wrap_database_errors:
         ^^^^^^^^^^^^^^^^^^^^^^^^^^^^
  File "C:\Users\Ammar\OneDrive\Desktop\LMS_project\.venv\Lib\site-packages\django\db\utils.py", line 91, in __exit__
    raise dj_exc_value.with_traceback(traceback) from exc_value
  File "C:\Users\Ammar\OneDrive\Desktop\LMS_project\.venv\Lib\site-packages\django\db\backends\utils.py", line 105, in _execute
    return self.cursor.execute(sql, params)
           ~~~~~~~~~~~~~~~~~~~^^^^^^^^^^^^^
django.db.utils.ProgrammingError: relation "email_verification_tokens" does not exist
LINE 1: UPDATE "email_verification_tokens" SET "is_used" = true WHER...
               ^


ERROR 2026-07-09 22:08:29,175 exceptions 5156 14384 Unhandled exception: relation "email_verification_tokens" does not exist
LINE 1: UPDATE "email_verification_tokens" SET "is_used" = true WHER...
               ^

Traceback (most recent call last):
  File "C:\Users\Ammar\OneDrive\Desktop\LMS_project\.venv\Lib\site-packages\django\db\backends\utils.py", line 105, in _execute
    return self.cursor.execute(sql, params)
           ~~~~~~~~~~~~~~~~~~~^^^^^^^^^^^^^
psycopg2.errors.UndefinedTable: relation "email_verification_tokens" does not exist
LINE 1: UPDATE "email_verification_tokens" SET "is_used" = true WHER...
               ^


The above exception was the direct cause of the following exception:

Traceback (most recent call last):
  File "C:\Users\Ammar\OneDrive\Desktop\LMS_project\.venv\Lib\site-packages\rest_framework\views.py", line 512, in dispatch
    response = handler(request, *args, **kwargs)
  File "C:\Users\Ammar\OneDrive\Desktop\LMS_project\apps\users\views.py", line 43, in post
    user = serializer.save()
  File "C:\Users\Ammar\OneDrive\Desktop\LMS_project\.venv\Lib\site-packages\rest_framework\serializers.py", line 210, in save
    self.instance = self.create(validated_data)
                    ~~~~~~~~~~~^^^^^^^^^^^^^^^^
  File "C:\Users\Ammar\OneDrive\Desktop\LMS_project\apps\users\serializers.py", line 33, in create
    return AuthService.create_user(validated_data)
           ~~~~~~~~~~~~~~~~~~~~~~~^^^^^^^^^^^^^^^^
  File "C:\Users\Ammar\OneDrive\Desktop\LMS_project\apps\users\services.py", line 39, in create_user
    AuthService.send_verification_email(user)
    ~~~~~~~~~~~~~~~~~~~~~~~~~~~~~~~~~~~^^^^^^
  File "C:\Users\Ammar\OneDrive\Desktop\LMS_project\apps\users\services.py", line 44, in send_verification_email
    EmailVerificationToken.objects.filter(user=user, is_used=False).update(is_used=True)
    ~~~~~~~~~~~~~~~~~~~~~~~~~~~~~~~~~~~~~~~~~~~~~~~~~~~~~~~~~~~~~~~~~~~~~~^^^^^^^^^^^^^^
  File "C:\Users\Ammar\OneDrive\Desktop\LMS_project\.venv\Lib\site-packages\django\db\models\query.py", line 1263, in update
    rows = query.get_compiler(self.db).execute_sql(ROW_COUNT)
  File "C:\Users\Ammar\OneDrive\Desktop\LMS_project\.venv\Lib\site-packages\django\db\models\sql\compiler.py", line 2060, in execute_sql
    row_count = super().execute_sql(result_type)
  File "C:\Users\Ammar\OneDrive\Desktop\LMS_project\.venv\Lib\site-packages\django\db\models\sql\compiler.py", line 1623, in execute_sql
    cursor.execute(sql, params)
    ~~~~~~~~~~~~~~^^^^^^^^^^^^^
  File "C:\Users\Ammar\OneDrive\Desktop\LMS_project\.venv\Lib\site-packages\django\db\backends\utils.py", line 122, in execute
    return super().execute(sql, params)
           ~~~~~~~~~~~~~~~^^^^^^^^^^^^^
  File "C:\Users\Ammar\OneDrive\Desktop\LMS_project\.venv\Lib\site-packages\django\db\backends\utils.py", line 79, in execute
    return self._execute_with_wrappers(
           ~~~~~~~~~~~~~~~~~~~~~~~~~~~^
        sql, params, many=False, executor=self._execute
        ^^^^^^^^^^^^^^^^^^^^^^^^^^^^^^^^^^^^^^^^^^^^^^^
    )
    ^
  File "C:\Users\Ammar\OneDrive\Desktop\LMS_project\.venv\Lib\site-packages\django\db\backends\utils.py", line 92, in _execute_with_wrappers
    return executor(sql, params, many, context)
  File "C:\Users\Ammar\OneDrive\Desktop\LMS_project\.venv\Lib\site-packages\django\db\backends\utils.py", line 100, in _execute
    with self.db.wrap_database_errors:
         ^^^^^^^^^^^^^^^^^^^^^^^^^^^^
  File "C:\Users\Ammar\OneDrive\Desktop\LMS_project\.venv\Lib\site-packages\django\db\utils.py", line 91, in __exit__
    raise dj_exc_value.with_traceback(traceback) from exc_value
  File "C:\Users\Ammar\OneDrive\Desktop\LMS_project\.venv\Lib\site-packages\django\db\backends\utils.py", line 105, in _execute
    return self.cursor.execute(sql, params)
           ~~~~~~~~~~~~~~~~~~~^^^^^^^^^^^^^
django.db.utils.ProgrammingError: relation "email_verification_tokens" does not exist
LINE 1: UPDATE "email_verification_tokens" SET "is_used" = true WHER...
               ^


INFO 2026-07-09 22:17:07,372 services 9584 22272 Verification email queued for user 81
INFO 2026-07-09 22:18:22,440 services 9584 13592 Verification email queued for user 82
ERROR 2026-07-09 22:32:51,362 exceptions 9584 22452 Unhandled exception: connection to server at "aws-1-ap-southeast-1.pooler.supabase.com" (54.179.210.0), port 5432 failed: server closed the connection unexpectedly
	This probably means the server terminated abnormally
	before or while processing the request.

Traceback (most recent call last):
  File "C:\Users\Ammar\OneDrive\Desktop\LMS_project\.venv\Lib\site-packages\django\db\backends\base\base.py", line 279, in ensure_connection
    self.connect()
    ~~~~~~~~~~~~^^
  File "C:\Users\Ammar\OneDrive\Desktop\LMS_project\.venv\Lib\site-packages\django\utils\asyncio.py", line 26, in inner
    return func(*args, **kwargs)
  File "C:\Users\Ammar\OneDrive\Desktop\LMS_project\.venv\Lib\site-packages\django\db\backends\base\base.py", line 256, in connect
    self.connection = self.get_new_connection(conn_params)
                      ~~~~~~~~~~~~~~~~~~~~~~~^^^^^^^^^^^^^
  File "C:\Users\Ammar\OneDrive\Desktop\LMS_project\.venv\Lib\site-packages\django\utils\asyncio.py", line 26, in inner
    return func(*args, **kwargs)
  File "C:\Users\Ammar\OneDrive\Desktop\LMS_project\.venv\Lib\site-packages\django\db\backends\postgresql\base.py", line 332, in get_new_connection
    connection = self.Database.connect(**conn_params)
  File "C:\Users\Ammar\OneDrive\Desktop\LMS_project\.venv\Lib\site-packages\psycopg2\__init__.py", line 135, in connect
    conn = _connect(dsn, connection_factory=connection_factory, **kwasync)
psycopg2.OperationalError: connection to server at "aws-1-ap-southeast-1.pooler.supabase.com" (54.179.210.0), port 5432 failed: server closed the connection unexpectedly
	This probably means the server terminated abnormally
	before or while processing the request.


The above exception was the direct cause of the following exception:

Traceback (most recent call last):
  File "C:\Users\Ammar\OneDrive\Desktop\LMS_project\.venv\Lib\site-packages\rest_framework\views.py", line 512, in dispatch
    response = handler(request, *args, **kwargs)
  File "C:\Users\Ammar\OneDrive\Desktop\LMS_project\apps\users\views.py", line 79, in post
    serializer.is_valid(raise_exception=True)
    ~~~~~~~~~~~~~~~~~~~^^^^^^^^^^^^^^^^^^^^^^
  File "C:\Users\Ammar\OneDrive\Desktop\LMS_project\.venv\Lib\site-packages\rest_framework\serializers.py", line 225, in is_valid
    self._validated_data = self.run_validation(self.initial_data)
                           ~~~~~~~~~~~~~~~~~~~^^^^^^^^^^^^^^^^^^^
  File "C:\Users\Ammar\OneDrive\Desktop\LMS_project\.venv\Lib\site-packages\rest_framework\serializers.py", line 459, in run_validation
    value = self.validate(value)
  File "C:\Users\Ammar\OneDrive\Desktop\LMS_project\apps\users\tokens.py", line 10, in validate
    data = super().validate(attrs)
  File "C:\Users\Ammar\OneDrive\Desktop\LMS_project\.venv\Lib\site-packages\rest_framework_simplejwt\serializers.py", line 73, in validate
    data = super().validate(attrs)
  File "C:\Users\Ammar\OneDrive\Desktop\LMS_project\.venv\Lib\site-packages\rest_framework_simplejwt\serializers.py", line 54, in validate
    self.user = authenticate(**authenticate_kwargs)
                ~~~~~~~~~~~~^^^^^^^^^^^^^^^^^^^^^^^
  File "C:\Users\Ammar\OneDrive\Desktop\LMS_project\.venv\Lib\site-packages\django\views\decorators\debug.py", line 75, in sensitive_variables_wrapper
    return func(*func_args, **func_kwargs)
  File "C:\Users\Ammar\OneDrive\Desktop\LMS_project\.venv\Lib\site-packages\django\contrib\auth\__init__.py", line 114, in authenticate
    user = backend.authenticate(request, **credentials)
  File "C:\Users\Ammar\OneDrive\Desktop\LMS_project\.venv\Lib\site-packages\django\contrib\auth\backends.py", line 65, in authenticate
    user = UserModel._default_manager.get_by_natural_key(username)
  File "C:\Users\Ammar\OneDrive\Desktop\LMS_project\.venv\Lib\site-packages\django\contrib\auth\base_user.py", line 37, in get_by_natural_key
    return self.get(**{self.model.USERNAME_FIELD: username})
           ~~~~~~~~^^^^^^^^^^^^^^^^^^^^^^^^^^^^^^^^^^^^^^^^^
  File "C:\Users\Ammar\OneDrive\Desktop\LMS_project\.venv\Lib\site-packages\django\db\models\manager.py", line 87, in manager_method
    return getattr(self.get_queryset(), name)(*args, **kwargs)
           ~~~~~~~~~~~~~~~~~~~~~~~~~~~~~~~~~~^^^^^^^^^^^^^^^^^
  File "C:\Users\Ammar\OneDrive\Desktop\LMS_project\.venv\Lib\site-packages\django\db\models\query.py", line 631, in get
    num = len(clone)
  File "C:\Users\Ammar\OneDrive\Desktop\LMS_project\.venv\Lib\site-packages\django\db\models\query.py", line 368, in __len__
    self._fetch_all()
    ~~~~~~~~~~~~~~~^^
  File "C:\Users\Ammar\OneDrive\Desktop\LMS_project\.venv\Lib\site-packages\django\db\models\query.py", line 1954, in _fetch_all
    self._result_cache = list(self._iterable_class(self))
                         ~~~~^^^^^^^^^^^^^^^^^^^^^^^^^^^^
  File "C:\Users\Ammar\OneDrive\Desktop\LMS_project\.venv\Lib\site-packages\django\db\models\query.py", line 93, in __iter__
    results = compiler.execute_sql(
        chunked_fetch=self.chunked_fetch, chunk_size=self.chunk_size
    )
  File "C:\Users\Ammar\OneDrive\Desktop\LMS_project\.venv\Lib\site-packages\django\db\models\sql\compiler.py", line 1621, in execute_sql
    cursor = self.connection.cursor()
  File "C:\Users\Ammar\OneDrive\Desktop\LMS_project\.venv\Lib\site-packages\django\utils\asyncio.py", line 26, in inner
    return func(*args, **kwargs)
  File "C:\Users\Ammar\OneDrive\Desktop\LMS_project\.venv\Lib\site-packages\django\db\backends\base\base.py", line 320, in cursor
    return self._cursor()
           ~~~~~~~~~~~~^^
  File "C:\Users\Ammar\OneDrive\Desktop\LMS_project\.venv\Lib\site-packages\django\db\backends\base\base.py", line 296, in _cursor
    self.ensure_connection()
    ~~~~~~~~~~~~~~~~~~~~~~^^
  File "C:\Users\Ammar\OneDrive\Desktop\LMS_project\.venv\Lib\site-packages\django\utils\asyncio.py", line 26, in inner
    return func(*args, **kwargs)
  File "C:\Users\Ammar\OneDrive\Desktop\LMS_project\.venv\Lib\site-packages\django\db\backends\base\base.py", line 278, in ensure_connection
    with self.wrap_database_errors:
         ^^^^^^^^^^^^^^^^^^^^^^^^^
  File "C:\Users\Ammar\OneDrive\Desktop\LMS_project\.venv\Lib\site-packages\django\db\utils.py", line 91, in __exit__
    raise dj_exc_value.with_traceback(traceback) from exc_value
  File "C:\Users\Ammar\OneDrive\Desktop\LMS_project\.venv\Lib\site-packages\django\db\backends\base\base.py", line 279, in ensure_connection
    self.connect()
    ~~~~~~~~~~~~^^
  File "C:\Users\Ammar\OneDrive\Desktop\LMS_project\.venv\Lib\site-packages\django\utils\asyncio.py", line 26, in inner
    return func(*args, **kwargs)
  File "C:\Users\Ammar\OneDrive\Desktop\LMS_project\.venv\Lib\site-packages\django\db\backends\base\base.py", line 256, in connect
    self.connection = self.get_new_connection(conn_params)
                      ~~~~~~~~~~~~~~~~~~~~~~~^^^^^^^^^^^^^
  File "C:\Users\Ammar\OneDrive\Desktop\LMS_project\.venv\Lib\site-packages\django\utils\asyncio.py", line 26, in inner
    return func(*args, **kwargs)
  File "C:\Users\Ammar\OneDrive\Desktop\LMS_project\.venv\Lib\site-packages\django\db\backends\postgresql\base.py", line 332, in get_new_connection
    connection = self.Database.connect(**conn_params)
  File "C:\Users\Ammar\OneDrive\Desktop\LMS_project\.venv\Lib\site-packages\psycopg2\__init__.py", line 135, in connect
    conn = _connect(dsn, connection_factory=connection_factory, **kwasync)
django.db.utils.OperationalError: connection to server at "aws-1-ap-southeast-1.pooler.supabase.com" (54.179.210.0), port 5432 failed: server closed the connection unexpectedly
	This probably means the server terminated abnormally
	before or while processing the request.


WARNING 2026-07-10 09:29:07,036 exceptions 13192 18400 API error 401: No active account found with the given credentials
WARNING 2026-07-10 09:32:10,681 exceptions 13192 19528 API error 400: JSON parse error - Illegal trailing comma before end of object: line 3 column 31 (char 70)
ERROR 2026-07-10 09:42:46,590 exceptions 13192 16024 Unhandled exception: relation "courses" does not exist
LINE 1: SELECT COUNT(*) AS "__count" FROM "courses" WHERE "courses"....
                                          ^

Traceback (most recent call last):
  File "C:\Users\Ammar\OneDrive\Desktop\LMS_project\.venv\Lib\site-packages\django\db\backends\utils.py", line 105, in _execute
    return self.cursor.execute(sql, params)
           ~~~~~~~~~~~~~~~~~~~^^^^^^^^^^^^^
psycopg2.errors.UndefinedTable: relation "courses" does not exist
LINE 1: SELECT COUNT(*) AS "__count" FROM "courses" WHERE "courses"....
                                          ^


The above exception was the direct cause of the following exception:

Traceback (most recent call last):
  File "C:\Users\Ammar\OneDrive\Desktop\LMS_project\.venv\Lib\site-packages\rest_framework\views.py", line 512, in dispatch
    response = handler(request, *args, **kwargs)
  File "C:\Users\Ammar\OneDrive\Desktop\LMS_project\apps\courses\views.py", line 130, in list
    response = super().list(request, *args, **kwargs)
  File "C:\Users\Ammar\OneDrive\Desktop\LMS_project\.venv\Lib\site-packages\rest_framework\mixins.py", line 40, in list
    page = self.paginate_queryset(queryset)
  File "C:\Users\Ammar\OneDrive\Desktop\LMS_project\.venv\Lib\site-packages\rest_framework\generics.py", line 175, in paginate_queryset
    return self.paginator.paginate_queryset(queryset, self.request, view=self)
           ~~~~~~~~~~~~~~~~~~~~~~~~~~~~~~~~^^^^^^^^^^^^^^^^^^^^^^^^^^^^^^^^^^^
  File "C:\Users\Ammar\OneDrive\Desktop\LMS_project\.venv\Lib\site-packages\rest_framework\pagination.py", line 202, in paginate_queryset
    self.page = paginator.page(page_number)
                ~~~~~~~~~~~~~~^^^^^^^^^^^^^
  File "C:\Users\Ammar\OneDrive\Desktop\LMS_project\.venv\Lib\site-packages\django\core\paginator.py", line 89, in page
    number = self.validate_number(number)
  File "C:\Users\Ammar\OneDrive\Desktop\LMS_project\.venv\Lib\site-packages\django\core\paginator.py", line 70, in validate_number
    if number > self.num_pages:
                ^^^^^^^^^^^^^^
  File "C:\Users\Ammar\OneDrive\Desktop\LMS_project\.venv\Lib\site-packages\django\utils\functional.py", line 47, in __get__
    res = instance.__dict__[self.name] = self.func(instance)
                                         ~~~~~~~~~^^^^^^^^^^
  File "C:\Users\Ammar\OneDrive\Desktop\LMS_project\.venv\Lib\site-packages\django\core\paginator.py", line 116, in num_pages
    if self.count == 0 and not self.allow_empty_first_page:
       ^^^^^^^^^^
  File "C:\Users\Ammar\OneDrive\Desktop\LMS_project\.venv\Lib\site-packages\django\utils\functional.py", line 47, in __get__
    res = instance.__dict__[self.name] = self.func(instance)
                                         ~~~~~~~~~^^^^^^^^^^
  File "C:\Users\Ammar\OneDrive\Desktop\LMS_project\.venv\Lib\site-packages\django\core\paginator.py", line 110, in count
    return c()
  File "C:\Users\Ammar\OneDrive\Desktop\LMS_project\.venv\Lib\site-packages\django\db\models\query.py", line 606, in count
    return self.query.get_count(using=self.db)
           ~~~~~~~~~~~~~~~~~~~~^^^^^^^^^^^^^^^
  File "C:\Users\Ammar\OneDrive\Desktop\LMS_project\.venv\Lib\site-packages\django\db\models\sql\query.py", line 646, in get_count
    return obj.get_aggregation(using, {"__count": Count("*")})["__count"]
           ~~~~~~~~~~~~~~~~~~~^^^^^^^^^^^^^^^^^^^^^^^^^^^^^^^^
  File "C:\Users\Ammar\OneDrive\Desktop\LMS_project\.venv\Lib\site-packages\django\db\models\sql\query.py", line 628, in get_aggregation
    result = compiler.execute_sql(SINGLE)
  File "C:\Users\Ammar\OneDrive\Desktop\LMS_project\.venv\Lib\site-packages\django\db\models\sql\compiler.py", line 1623, in execute_sql
    cursor.execute(sql, params)
    ~~~~~~~~~~~~~~^^^^^^^^^^^^^
  File "C:\Users\Ammar\OneDrive\Desktop\LMS_project\.venv\Lib\site-packages\django\db\backends\utils.py", line 122, in execute
    return super().execute(sql, params)
           ~~~~~~~~~~~~~~~^^^^^^^^^^^^^
  File "C:\Users\Ammar\OneDrive\Desktop\LMS_project\.venv\Lib\site-packages\django\db\backends\utils.py", line 79, in execute
    return self._execute_with_wrappers(
           ~~~~~~~~~~~~~~~~~~~~~~~~~~~^
        sql, params, many=False, executor=self._execute
        ^^^^^^^^^^^^^^^^^^^^^^^^^^^^^^^^^^^^^^^^^^^^^^^
    )
    ^
  File "C:\Users\Ammar\OneDrive\Desktop\LMS_project\.venv\Lib\site-packages\django\db\backends\utils.py", line 92, in _execute_with_wrappers
    return executor(sql, params, many, context)
  File "C:\Users\Ammar\OneDrive\Desktop\LMS_project\.venv\Lib\site-packages\django\db\backends\utils.py", line 100, in _execute
    with self.db.wrap_database_errors:
         ^^^^^^^^^^^^^^^^^^^^^^^^^^^^
  File "C:\Users\Ammar\OneDrive\Desktop\LMS_project\.venv\Lib\site-packages\django\db\utils.py", line 91, in __exit__
    raise dj_exc_value.with_traceback(traceback) from exc_value
  File "C:\Users\Ammar\OneDrive\Desktop\LMS_project\.venv\Lib\site-packages\django\db\backends\utils.py", line 105, in _execute
    return self.cursor.execute(sql, params)
           ~~~~~~~~~~~~~~~~~~~^^^^^^^^^^^^^
django.db.utils.ProgrammingError: relation "courses" does not exist
LINE 1: SELECT COUNT(*) AS "__count" FROM "courses" WHERE "courses"....
                                          ^


ERROR 2026-07-10 09:51:03,469 exceptions 19760 9480 Unhandled exception: relation "courses_categories" does not exist
LINE 1: ...structor_id" = "users_user"."id") LEFT OUTER JOIN "courses_c...
                                                             ^

Traceback (most recent call last):
  File "C:\Users\Ammar\OneDrive\Desktop\LMS_project\.venv\Lib\site-packages\django\db\backends\utils.py", line 105, in _execute
    return self.cursor.execute(sql, params)
           ~~~~~~~~~~~~~~~~~~~^^^^^^^^^^^^^
psycopg2.errors.UndefinedTable: relation "courses_categories" does not exist
LINE 1: ...structor_id" = "users_user"."id") LEFT OUTER JOIN "courses_c...
                                                             ^


The above exception was the direct cause of the following exception:

Traceback (most recent call last):
  File "C:\Users\Ammar\OneDrive\Desktop\LMS_project\.venv\Lib\site-packages\rest_framework\views.py", line 512, in dispatch
    response = handler(request, *args, **kwargs)
  File "C:\Users\Ammar\OneDrive\Desktop\LMS_project\apps\courses\views.py", line 130, in list
    response = super().list(request, *args, **kwargs)
  File "C:\Users\Ammar\OneDrive\Desktop\LMS_project\.venv\Lib\site-packages\rest_framework\mixins.py", line 40, in list
    page = self.paginate_queryset(queryset)
  File "C:\Users\Ammar\OneDrive\Desktop\LMS_project\.venv\Lib\site-packages\rest_framework\generics.py", line 175, in paginate_queryset
    return self.paginator.paginate_queryset(queryset, self.request, view=self)
           ~~~~~~~~~~~~~~~~~~~~~~~~~~~~~~~~^^^^^^^^^^^^^^^^^^^^^^^^^^^^^^^^^^^
  File "C:\Users\Ammar\OneDrive\Desktop\LMS_project\.venv\Lib\site-packages\rest_framework\pagination.py", line 213, in paginate_queryset
    return list(self.page)
  File "C:\Users\Ammar\OneDrive\Desktop\LMS_project\.venv\Lib\site-packages\django\core\paginator.py", line 191, in __len__
    return len(self.object_list)
  File "C:\Users\Ammar\OneDrive\Desktop\LMS_project\.venv\Lib\site-packages\django\db\models\query.py", line 368, in __len__
    self._fetch_all()
    ~~~~~~~~~~~~~~~^^
  File "C:\Users\Ammar\OneDrive\Desktop\LMS_project\.venv\Lib\site-packages\django\db\models\query.py", line 1954, in _fetch_all
    self._result_cache = list(self._iterable_class(self))
                         ~~~~^^^^^^^^^^^^^^^^^^^^^^^^^^^^
  File "C:\Users\Ammar\OneDrive\Desktop\LMS_project\.venv\Lib\site-packages\django\db\models\query.py", line 93, in __iter__
    results = compiler.execute_sql(
        chunked_fetch=self.chunked_fetch, chunk_size=self.chunk_size
    )
  File "C:\Users\Ammar\OneDrive\Desktop\LMS_project\.venv\Lib\site-packages\django\db\models\sql\compiler.py", line 1623, in execute_sql
    cursor.execute(sql, params)
    ~~~~~~~~~~~~~~^^^^^^^^^^^^^
  File "C:\Users\Ammar\OneDrive\Desktop\LMS_project\.venv\Lib\site-packages\django\db\backends\utils.py", line 122, in execute
    return super().execute(sql, params)
           ~~~~~~~~~~~~~~~^^^^^^^^^^^^^
  File "C:\Users\Ammar\OneDrive\Desktop\LMS_project\.venv\Lib\site-packages\django\db\backends\utils.py", line 79, in execute
    return self._execute_with_wrappers(
           ~~~~~~~~~~~~~~~~~~~~~~~~~~~^
        sql, params, many=False, executor=self._execute
        ^^^^^^^^^^^^^^^^^^^^^^^^^^^^^^^^^^^^^^^^^^^^^^^
    )
    ^
  File "C:\Users\Ammar\OneDrive\Desktop\LMS_project\.venv\Lib\site-packages\django\db\backends\utils.py", line 92, in _execute_with_wrappers
    return executor(sql, params, many, context)
  File "C:\Users\Ammar\OneDrive\Desktop\LMS_project\.venv\Lib\site-packages\django\db\backends\utils.py", line 100, in _execute
    with self.db.wrap_database_errors:
         ^^^^^^^^^^^^^^^^^^^^^^^^^^^^
  File "C:\Users\Ammar\OneDrive\Desktop\LMS_project\.venv\Lib\site-packages\django\db\utils.py", line 91, in __exit__
    raise dj_exc_value.with_traceback(traceback) from exc_value
  File "C:\Users\Ammar\OneDrive\Desktop\LMS_project\.venv\Lib\site-packages\django\db\backends\utils.py", line 105, in _execute
    return self.cursor.execute(sql, params)
           ~~~~~~~~~~~~~~~~~~~^^^^^^^^^^^^^
django.db.utils.ProgrammingError: relation "courses_categories" does not exist
LINE 1: ...structor_id" = "users_user"."id") LEFT OUTER JOIN "courses_c...
                                                             ^


ERROR 2026-07-10 09:53:00,281 exceptions 9376 15076 Unhandled exception: relation "modules" does not exist
LINE 1: ...odules"."created_at", "modules"."updated_at" FROM "modules" ...
                                                             ^

Traceback (most recent call last):
  File "C:\Users\Ammar\OneDrive\Desktop\LMS_project\.venv\Lib\site-packages\django\db\backends\utils.py", line 105, in _execute
    return self.cursor.execute(sql, params)
           ~~~~~~~~~~~~~~~~~~~^^^^^^^^^^^^^
psycopg2.errors.UndefinedTable: relation "modules" does not exist
LINE 1: ...odules"."created_at", "modules"."updated_at" FROM "modules" ...
                                                             ^


The above exception was the direct cause of the following exception:

Traceback (most recent call last):
  File "C:\Users\Ammar\OneDrive\Desktop\LMS_project\.venv\Lib\site-packages\rest_framework\views.py", line 512, in dispatch
    response = handler(request, *args, **kwargs)
  File "C:\Users\Ammar\OneDrive\Desktop\LMS_project\apps\courses\views.py", line 130, in list
    response = super().list(request, *args, **kwargs)
  File "C:\Users\Ammar\OneDrive\Desktop\LMS_project\.venv\Lib\site-packages\rest_framework\mixins.py", line 40, in list
    page = self.paginate_queryset(queryset)
  File "C:\Users\Ammar\OneDrive\Desktop\LMS_project\.venv\Lib\site-packages\rest_framework\generics.py", line 175, in paginate_queryset
    return self.paginator.paginate_queryset(queryset, self.request, view=self)
           ~~~~~~~~~~~~~~~~~~~~~~~~~~~~~~~~^^^^^^^^^^^^^^^^^^^^^^^^^^^^^^^^^^^
  File "C:\Users\Ammar\OneDrive\Desktop\LMS_project\.venv\Lib\site-packages\rest_framework\pagination.py", line 213, in paginate_queryset
    return list(self.page)
  File "C:\Users\Ammar\OneDrive\Desktop\LMS_project\.venv\Lib\site-packages\django\core\paginator.py", line 191, in __len__
    return len(self.object_list)
  File "C:\Users\Ammar\OneDrive\Desktop\LMS_project\.venv\Lib\site-packages\django\db\models\query.py", line 368, in __len__
    self._fetch_all()
    ~~~~~~~~~~~~~~~^^
  File "C:\Users\Ammar\OneDrive\Desktop\LMS_project\.venv\Lib\site-packages\django\db\models\query.py", line 1956, in _fetch_all
    self._prefetch_related_objects()
    ~~~~~~~~~~~~~~~~~~~~~~~~~~~~~~^^
  File "C:\Users\Ammar\OneDrive\Desktop\LMS_project\.venv\Lib\site-packages\django\db\models\query.py", line 1330, in _prefetch_related_objects
    prefetch_related_objects(self._result_cache, *self._prefetch_related_lookups)
    ~~~~~~~~~~~~~~~~~~~~~~~~^^^^^^^^^^^^^^^^^^^^^^^^^^^^^^^^^^^^^^^^^^^^^^^^^^^^^
  File "C:\Users\Ammar\OneDrive\Desktop\LMS_project\.venv\Lib\site-packages\django\db\models\query.py", line 2408, in prefetch_related_objects
    obj_list, additional_lookups = prefetch_one_level(
                                   ~~~~~~~~~~~~~~~~~~^
        obj_to_fetch,
        ^^^^^^^^^^^^^
    ...<2 lines>...
        level,
        ^^^^^^
    )
    ^
  File "C:\Users\Ammar\OneDrive\Desktop\LMS_project\.venv\Lib\site-packages\django\db\models\query.py", line 2572, in prefetch_one_level
    ) = prefetcher.get_prefetch_querysets(
        ~~~~~~~~~~~~~~~~~~~~~~~~~~~~~~~~~^
        instances, lookup.get_current_querysets(level)
        ^^^^^^^^^^^^^^^^^^^^^^^^^^^^^^^^^^^^^^^^^^^^^^
    )
    ^
  File "C:\Users\Ammar\OneDrive\Desktop\LMS_project\.venv\Lib\site-packages\django\db\models\fields\related_descriptors.py", line 800, in get_prefetch_querysets
    for rel_obj in queryset:
                   ^^^^^^^^
  File "C:\Users\Ammar\OneDrive\Desktop\LMS_project\.venv\Lib\site-packages\django\db\models\query.py", line 386, in __iter__
    self._fetch_all()
    ~~~~~~~~~~~~~~~^^
  File "C:\Users\Ammar\OneDrive\Desktop\LMS_project\.venv\Lib\site-packages\django\db\models\query.py", line 1954, in _fetch_all
    self._result_cache = list(self._iterable_class(self))
                         ~~~~^^^^^^^^^^^^^^^^^^^^^^^^^^^^
  File "C:\Users\Ammar\OneDrive\Desktop\LMS_project\.venv\Lib\site-packages\django\db\models\query.py", line 93, in __iter__
    results = compiler.execute_sql(
        chunked_fetch=self.chunked_fetch, chunk_size=self.chunk_size
    )
  File "C:\Users\Ammar\OneDrive\Desktop\LMS_project\.venv\Lib\site-packages\django\db\models\sql\compiler.py", line 1623, in execute_sql
    cursor.execute(sql, params)
    ~~~~~~~~~~~~~~^^^^^^^^^^^^^
  File "C:\Users\Ammar\OneDrive\Desktop\LMS_project\.venv\Lib\site-packages\django\db\backends\utils.py", line 122, in execute
    return super().execute(sql, params)
           ~~~~~~~~~~~~~~~^^^^^^^^^^^^^
  File "C:\Users\Ammar\OneDrive\Desktop\LMS_project\.venv\Lib\site-packages\django\db\backends\utils.py", line 79, in execute
    return self._execute_with_wrappers(
           ~~~~~~~~~~~~~~~~~~~~~~~~~~~^
        sql, params, many=False, executor=self._execute
        ^^^^^^^^^^^^^^^^^^^^^^^^^^^^^^^^^^^^^^^^^^^^^^^
    )
    ^
  File "C:\Users\Ammar\OneDrive\Desktop\LMS_project\.venv\Lib\site-packages\django\db\backends\utils.py", line 92, in _execute_with_wrappers
    return executor(sql, params, many, context)
  File "C:\Users\Ammar\OneDrive\Desktop\LMS_project\.venv\Lib\site-packages\django\db\backends\utils.py", line 100, in _execute
    with self.db.wrap_database_errors:
         ^^^^^^^^^^^^^^^^^^^^^^^^^^^^
  File "C:\Users\Ammar\OneDrive\Desktop\LMS_project\.venv\Lib\site-packages\django\db\utils.py", line 91, in __exit__
    raise dj_exc_value.with_traceback(traceback) from exc_value
  File "C:\Users\Ammar\OneDrive\Desktop\LMS_project\.venv\Lib\site-packages\django\db\backends\utils.py", line 105, in _execute
    return self.cursor.execute(sql, params)
           ~~~~~~~~~~~~~~~~~~~^^^^^^^^^^^^^
django.db.utils.ProgrammingError: relation "modules" does not exist
LINE 1: ...odules"."created_at", "modules"."updated_at" FROM "modules" ...
                                                             ^


ERROR 2026-07-10 10:02:09,128 exceptions 5972 4676 Unhandled exception: relation "courses_modules" does not exist
LINE 1: ..."created_at", "courses_modules"."updated_at" FROM "courses_m...
                                                             ^

Traceback (most recent call last):
  File "C:\Users\Ammar\OneDrive\Desktop\LMS_project\.venv\Lib\site-packages\django\db\backends\utils.py", line 105, in _execute
    return self.cursor.execute(sql, params)
           ~~~~~~~~~~~~~~~~~~~^^^^^^^^^^^^^
psycopg2.errors.UndefinedTable: relation "courses_modules" does not exist
LINE 1: ..."created_at", "courses_modules"."updated_at" FROM "courses_m...
                                                             ^


The above exception was the direct cause of the following exception:

Traceback (most recent call last):
  File "C:\Users\Ammar\OneDrive\Desktop\LMS_project\.venv\Lib\site-packages\rest_framework\views.py", line 512, in dispatch
    response = handler(request, *args, **kwargs)
  File "C:\Users\Ammar\OneDrive\Desktop\LMS_project\apps\courses\views.py", line 130, in list
    response = super().list(request, *args, **kwargs)
  File "C:\Users\Ammar\OneDrive\Desktop\LMS_project\.venv\Lib\site-packages\rest_framework\mixins.py", line 40, in list
    page = self.paginate_queryset(queryset)
  File "C:\Users\Ammar\OneDrive\Desktop\LMS_project\.venv\Lib\site-packages\rest_framework\generics.py", line 175, in paginate_queryset
    return self.paginator.paginate_queryset(queryset, self.request, view=self)
           ~~~~~~~~~~~~~~~~~~~~~~~~~~~~~~~~^^^^^^^^^^^^^^^^^^^^^^^^^^^^^^^^^^^
  File "C:\Users\Ammar\OneDrive\Desktop\LMS_project\.venv\Lib\site-packages\rest_framework\pagination.py", line 213, in paginate_queryset
    return list(self.page)
  File "C:\Users\Ammar\OneDrive\Desktop\LMS_project\.venv\Lib\site-packages\django\core\paginator.py", line 191, in __len__
    return len(self.object_list)
  File "C:\Users\Ammar\OneDrive\Desktop\LMS_project\.venv\Lib\site-packages\django\db\models\query.py", line 368, in __len__
    self._fetch_all()
    ~~~~~~~~~~~~~~~^^
  File "C:\Users\Ammar\OneDrive\Desktop\LMS_project\.venv\Lib\site-packages\django\db\models\query.py", line 1956, in _fetch_all
    self._prefetch_related_objects()
    ~~~~~~~~~~~~~~~~~~~~~~~~~~~~~~^^
  File "C:\Users\Ammar\OneDrive\Desktop\LMS_project\.venv\Lib\site-packages\django\db\models\query.py", line 1330, in _prefetch_related_objects
    prefetch_related_objects(self._result_cache, *self._prefetch_related_lookups)
    ~~~~~~~~~~~~~~~~~~~~~~~~^^^^^^^^^^^^^^^^^^^^^^^^^^^^^^^^^^^^^^^^^^^^^^^^^^^^^
  File "C:\Users\Ammar\OneDrive\Desktop\LMS_project\.venv\Lib\site-packages\django\db\models\query.py", line 2408, in prefetch_related_objects
    obj_list, additional_lookups = prefetch_one_level(
                                   ~~~~~~~~~~~~~~~~~~^
        obj_to_fetch,
        ^^^^^^^^^^^^^
    ...<2 lines>...
        level,
        ^^^^^^
    )
    ^
  File "C:\Users\Ammar\OneDrive\Desktop\LMS_project\.venv\Lib\site-packages\django\db\models\query.py", line 2572, in prefetch_one_level
    ) = prefetcher.get_prefetch_querysets(
        ~~~~~~~~~~~~~~~~~~~~~~~~~~~~~~~~~^
        instances, lookup.get_current_querysets(level)
        ^^^^^^^^^^^^^^^^^^^^^^^^^^^^^^^^^^^^^^^^^^^^^^
    )
    ^
  File "C:\Users\Ammar\OneDrive\Desktop\LMS_project\.venv\Lib\site-packages\django\db\models\fields\related_descriptors.py", line 800, in get_prefetch_querysets
    for rel_obj in queryset:
                   ^^^^^^^^
  File "C:\Users\Ammar\OneDrive\Desktop\LMS_project\.venv\Lib\site-packages\django\db\models\query.py", line 386, in __iter__
    self._fetch_all()
    ~~~~~~~~~~~~~~~^^
  File "C:\Users\Ammar\OneDrive\Desktop\LMS_project\.venv\Lib\site-packages\django\db\models\query.py", line 1954, in _fetch_all
    self._result_cache = list(self._iterable_class(self))
                         ~~~~^^^^^^^^^^^^^^^^^^^^^^^^^^^^
  File "C:\Users\Ammar\OneDrive\Desktop\LMS_project\.venv\Lib\site-packages\django\db\models\query.py", line 93, in __iter__
    results = compiler.execute_sql(
        chunked_fetch=self.chunked_fetch, chunk_size=self.chunk_size
    )
  File "C:\Users\Ammar\OneDrive\Desktop\LMS_project\.venv\Lib\site-packages\django\db\models\sql\compiler.py", line 1623, in execute_sql
    cursor.execute(sql, params)
    ~~~~~~~~~~~~~~^^^^^^^^^^^^^
  File "C:\Users\Ammar\OneDrive\Desktop\LMS_project\.venv\Lib\site-packages\django\db\backends\utils.py", line 122, in execute
    return super().execute(sql, params)
           ~~~~~~~~~~~~~~~^^^^^^^^^^^^^
  File "C:\Users\Ammar\OneDrive\Desktop\LMS_project\.venv\Lib\site-packages\django\db\backends\utils.py", line 79, in execute
    return self._execute_with_wrappers(
           ~~~~~~~~~~~~~~~~~~~~~~~~~~~^
        sql, params, many=False, executor=self._execute
        ^^^^^^^^^^^^^^^^^^^^^^^^^^^^^^^^^^^^^^^^^^^^^^^
    )
    ^
  File "C:\Users\Ammar\OneDrive\Desktop\LMS_project\.venv\Lib\site-packages\django\db\backends\utils.py", line 92, in _execute_with_wrappers
    return executor(sql, params, many, context)
  File "C:\Users\Ammar\OneDrive\Desktop\LMS_project\.venv\Lib\site-packages\django\db\backends\utils.py", line 100, in _execute
    with self.db.wrap_database_errors:
         ^^^^^^^^^^^^^^^^^^^^^^^^^^^^
  File "C:\Users\Ammar\OneDrive\Desktop\LMS_project\.venv\Lib\site-packages\django\db\utils.py", line 91, in __exit__
    raise dj_exc_value.with_traceback(traceback) from exc_value
  File "C:\Users\Ammar\OneDrive\Desktop\LMS_project\.venv\Lib\site-packages\django\db\backends\utils.py", line 105, in _execute
    return self.cursor.execute(sql, params)
           ~~~~~~~~~~~~~~~~~~~^^^^^^^^^^^^^
django.db.utils.ProgrammingError: relation "courses_modules" does not exist
LINE 1: ..."created_at", "courses_modules"."updated_at" FROM "courses_m...
                                                             ^


WARNING 2026-07-10 10:14:56,624 exceptions 5972 5304 API error 404: No Course matches the given query.
ERROR 2026-07-10 10:18:42,258 exceptions 18812 9640 Unhandled exception: relation "courses_modules" does not exist
LINE 1: ..."created_at", "courses_modules"."updated_at" FROM "courses_m...
                                                             ^

Traceback (most recent call last):
  File "C:\Users\Ammar\OneDrive\Desktop\LMS_project\.venv\Lib\site-packages\django\db\backends\utils.py", line 105, in _execute
    return self.cursor.execute(sql, params)
           ~~~~~~~~~~~~~~~~~~~^^^^^^^^^^^^^
psycopg2.errors.UndefinedTable: relation "courses_modules" does not exist
LINE 1: ..."created_at", "courses_modules"."updated_at" FROM "courses_m...
                                                             ^


The above exception was the direct cause of the following exception:

Traceback (most recent call last):
  File "C:\Users\Ammar\OneDrive\Desktop\LMS_project\.venv\Lib\site-packages\rest_framework\views.py", line 512, in dispatch
    response = handler(request, *args, **kwargs)
  File "C:\Users\Ammar\OneDrive\Desktop\LMS_project\apps\courses\views.py", line 130, in list
    response = super().list(request, *args, **kwargs)
  File "C:\Users\Ammar\OneDrive\Desktop\LMS_project\.venv\Lib\site-packages\rest_framework\mixins.py", line 40, in list
    page = self.paginate_queryset(queryset)
  File "C:\Users\Ammar\OneDrive\Desktop\LMS_project\.venv\Lib\site-packages\rest_framework\generics.py", line 175, in paginate_queryset
    return self.paginator.paginate_queryset(queryset, self.request, view=self)
           ~~~~~~~~~~~~~~~~~~~~~~~~~~~~~~~~^^^^^^^^^^^^^^^^^^^^^^^^^^^^^^^^^^^
  File "C:\Users\Ammar\OneDrive\Desktop\LMS_project\.venv\Lib\site-packages\rest_framework\pagination.py", line 213, in paginate_queryset
    return list(self.page)
  File "C:\Users\Ammar\OneDrive\Desktop\LMS_project\.venv\Lib\site-packages\django\core\paginator.py", line 191, in __len__
    return len(self.object_list)
  File "C:\Users\Ammar\OneDrive\Desktop\LMS_project\.venv\Lib\site-packages\django\db\models\query.py", line 368, in __len__
    self._fetch_all()
    ~~~~~~~~~~~~~~~^^
  File "C:\Users\Ammar\OneDrive\Desktop\LMS_project\.venv\Lib\site-packages\django\db\models\query.py", line 1956, in _fetch_all
    self._prefetch_related_objects()
    ~~~~~~~~~~~~~~~~~~~~~~~~~~~~~~^^
  File "C:\Users\Ammar\OneDrive\Desktop\LMS_project\.venv\Lib\site-packages\django\db\models\query.py", line 1330, in _prefetch_related_objects
    prefetch_related_objects(self._result_cache, *self._prefetch_related_lookups)
    ~~~~~~~~~~~~~~~~~~~~~~~~^^^^^^^^^^^^^^^^^^^^^^^^^^^^^^^^^^^^^^^^^^^^^^^^^^^^^
  File "C:\Users\Ammar\OneDrive\Desktop\LMS_project\.venv\Lib\site-packages\django\db\models\query.py", line 2408, in prefetch_related_objects
    obj_list, additional_lookups = prefetch_one_level(
                                   ~~~~~~~~~~~~~~~~~~^
        obj_to_fetch,
        ^^^^^^^^^^^^^
    ...<2 lines>...
        level,
        ^^^^^^
    )
    ^
  File "C:\Users\Ammar\OneDrive\Desktop\LMS_project\.venv\Lib\site-packages\django\db\models\query.py", line 2572, in prefetch_one_level
    ) = prefetcher.get_prefetch_querysets(
        ~~~~~~~~~~~~~~~~~~~~~~~~~~~~~~~~~^
        instances, lookup.get_current_querysets(level)
        ^^^^^^^^^^^^^^^^^^^^^^^^^^^^^^^^^^^^^^^^^^^^^^
    )
    ^
  File "C:\Users\Ammar\OneDrive\Desktop\LMS_project\.venv\Lib\site-packages\django\db\models\fields\related_descriptors.py", line 800, in get_prefetch_querysets
    for rel_obj in queryset:
                   ^^^^^^^^
  File "C:\Users\Ammar\OneDrive\Desktop\LMS_project\.venv\Lib\site-packages\django\db\models\query.py", line 386, in __iter__
    self._fetch_all()
    ~~~~~~~~~~~~~~~^^
  File "C:\Users\Ammar\OneDrive\Desktop\LMS_project\.venv\Lib\site-packages\django\db\models\query.py", line 1954, in _fetch_all
    self._result_cache = list(self._iterable_class(self))
                         ~~~~^^^^^^^^^^^^^^^^^^^^^^^^^^^^
  File "C:\Users\Ammar\OneDrive\Desktop\LMS_project\.venv\Lib\site-packages\django\db\models\query.py", line 93, in __iter__
    results = compiler.execute_sql(
        chunked_fetch=self.chunked_fetch, chunk_size=self.chunk_size
    )
  File "C:\Users\Ammar\OneDrive\Desktop\LMS_project\.venv\Lib\site-packages\django\db\models\sql\compiler.py", line 1623, in execute_sql
    cursor.execute(sql, params)
    ~~~~~~~~~~~~~~^^^^^^^^^^^^^
  File "C:\Users\Ammar\OneDrive\Desktop\LMS_project\.venv\Lib\site-packages\django\db\backends\utils.py", line 122, in execute
    return super().execute(sql, params)
           ~~~~~~~~~~~~~~~^^^^^^^^^^^^^
  File "C:\Users\Ammar\OneDrive\Desktop\LMS_project\.venv\Lib\site-packages\django\db\backends\utils.py", line 79, in execute
    return self._execute_with_wrappers(
           ~~~~~~~~~~~~~~~~~~~~~~~~~~~^
        sql, params, many=False, executor=self._execute
        ^^^^^^^^^^^^^^^^^^^^^^^^^^^^^^^^^^^^^^^^^^^^^^^
    )
    ^
  File "C:\Users\Ammar\OneDrive\Desktop\LMS_project\.venv\Lib\site-packages\django\db\backends\utils.py", line 92, in _execute_with_wrappers
    return executor(sql, params, many, context)
  File "C:\Users\Ammar\OneDrive\Desktop\LMS_project\.venv\Lib\site-packages\django\db\backends\utils.py", line 100, in _execute
    with self.db.wrap_database_errors:
         ^^^^^^^^^^^^^^^^^^^^^^^^^^^^
  File "C:\Users\Ammar\OneDrive\Desktop\LMS_project\.venv\Lib\site-packages\django\db\utils.py", line 91, in __exit__
    raise dj_exc_value.with_traceback(traceback) from exc_value
  File "C:\Users\Ammar\OneDrive\Desktop\LMS_project\.venv\Lib\site-packages\django\db\backends\utils.py", line 105, in _execute
    return self.cursor.execute(sql, params)
           ~~~~~~~~~~~~~~~~~~~^^^^^^^^^^^^^
django.db.utils.ProgrammingError: relation "courses_modules" does not exist
LINE 1: ..."created_at", "courses_modules"."updated_at" FROM "courses_m...
                                                             ^


WARNING 2026-07-10 15:49:26,687 exceptions 2488 19684 API error 401: Given token not valid for any token type
WARNING 2026-07-10 15:49:29,930 exceptions 2488 19684 API error 401: Given token not valid for any token type
WARNING 2026-07-10 15:49:34,756 exceptions 2488 19684 API error 401: Given token not valid for any token type
ERROR 2026-07-10 15:51:33,750 exceptions 2488 19684 Unhandled exception: relation "courses_modules" does not exist
LINE 1: ..."created_at", "courses_modules"."updated_at" FROM "courses_m...
                                                             ^

Traceback (most recent call last):
  File "C:\Users\Ammar\OneDrive\Desktop\LMS_project\.venv\Lib\site-packages\django\db\backends\utils.py", line 105, in _execute
    return self.cursor.execute(sql, params)
           ~~~~~~~~~~~~~~~~~~~^^^^^^^^^^^^^
psycopg2.errors.UndefinedTable: relation "courses_modules" does not exist
LINE 1: ..."created_at", "courses_modules"."updated_at" FROM "courses_m...
                                                             ^


The above exception was the direct cause of the following exception:

Traceback (most recent call last):
  File "C:\Users\Ammar\OneDrive\Desktop\LMS_project\.venv\Lib\site-packages\rest_framework\views.py", line 512, in dispatch
    response = handler(request, *args, **kwargs)
  File "C:\Users\Ammar\OneDrive\Desktop\LMS_project\apps\courses\views.py", line 130, in list
    response = super().list(request, *args, **kwargs)
  File "C:\Users\Ammar\OneDrive\Desktop\LMS_project\.venv\Lib\site-packages\rest_framework\mixins.py", line 40, in list
    page = self.paginate_queryset(queryset)
  File "C:\Users\Ammar\OneDrive\Desktop\LMS_project\.venv\Lib\site-packages\rest_framework\generics.py", line 175, in paginate_queryset
    return self.paginator.paginate_queryset(queryset, self.request, view=self)
           ~~~~~~~~~~~~~~~~~~~~~~~~~~~~~~~~^^^^^^^^^^^^^^^^^^^^^^^^^^^^^^^^^^^
  File "C:\Users\Ammar\OneDrive\Desktop\LMS_project\.venv\Lib\site-packages\rest_framework\pagination.py", line 213, in paginate_queryset
    return list(self.page)
  File "C:\Users\Ammar\OneDrive\Desktop\LMS_project\.venv\Lib\site-packages\django\core\paginator.py", line 191, in __len__
    return len(self.object_list)
  File "C:\Users\Ammar\OneDrive\Desktop\LMS_project\.venv\Lib\site-packages\django\db\models\query.py", line 368, in __len__
    self._fetch_all()
    ~~~~~~~~~~~~~~~^^
  File "C:\Users\Ammar\OneDrive\Desktop\LMS_project\.venv\Lib\site-packages\django\db\models\query.py", line 1956, in _fetch_all
    self._prefetch_related_objects()
    ~~~~~~~~~~~~~~~~~~~~~~~~~~~~~~^^
  File "C:\Users\Ammar\OneDrive\Desktop\LMS_project\.venv\Lib\site-packages\django\db\models\query.py", line 1330, in _prefetch_related_objects
    prefetch_related_objects(self._result_cache, *self._prefetch_related_lookups)
    ~~~~~~~~~~~~~~~~~~~~~~~~^^^^^^^^^^^^^^^^^^^^^^^^^^^^^^^^^^^^^^^^^^^^^^^^^^^^^
  File "C:\Users\Ammar\OneDrive\Desktop\LMS_project\.venv\Lib\site-packages\django\db\models\query.py", line 2408, in prefetch_related_objects
    obj_list, additional_lookups = prefetch_one_level(
                                   ~~~~~~~~~~~~~~~~~~^
        obj_to_fetch,
        ^^^^^^^^^^^^^
    ...<2 lines>...
        level,
        ^^^^^^
    )
    ^
  File "C:\Users\Ammar\OneDrive\Desktop\LMS_project\.venv\Lib\site-packages\django\db\models\query.py", line 2572, in prefetch_one_level
    ) = prefetcher.get_prefetch_querysets(
        ~~~~~~~~~~~~~~~~~~~~~~~~~~~~~~~~~^
        instances, lookup.get_current_querysets(level)
        ^^^^^^^^^^^^^^^^^^^^^^^^^^^^^^^^^^^^^^^^^^^^^^
    )
    ^
  File "C:\Users\Ammar\OneDrive\Desktop\LMS_project\.venv\Lib\site-packages\django\db\models\fields\related_descriptors.py", line 800, in get_prefetch_querysets
    for rel_obj in queryset:
                   ^^^^^^^^
  File "C:\Users\Ammar\OneDrive\Desktop\LMS_project\.venv\Lib\site-packages\django\db\models\query.py", line 386, in __iter__
    self._fetch_all()
    ~~~~~~~~~~~~~~~^^
  File "C:\Users\Ammar\OneDrive\Desktop\LMS_project\.venv\Lib\site-packages\django\db\models\query.py", line 1954, in _fetch_all
    self._result_cache = list(self._iterable_class(self))
                         ~~~~^^^^^^^^^^^^^^^^^^^^^^^^^^^^
  File "C:\Users\Ammar\OneDrive\Desktop\LMS_project\.venv\Lib\site-packages\django\db\models\query.py", line 93, in __iter__
    results = compiler.execute_sql(
        chunked_fetch=self.chunked_fetch, chunk_size=self.chunk_size
    )
  File "C:\Users\Ammar\OneDrive\Desktop\LMS_project\.venv\Lib\site-packages\django\db\models\sql\compiler.py", line 1623, in execute_sql
    cursor.execute(sql, params)
    ~~~~~~~~~~~~~~^^^^^^^^^^^^^
  File "C:\Users\Ammar\OneDrive\Desktop\LMS_project\.venv\Lib\site-packages\django\db\backends\utils.py", line 122, in execute
    return super().execute(sql, params)
           ~~~~~~~~~~~~~~~^^^^^^^^^^^^^
  File "C:\Users\Ammar\OneDrive\Desktop\LMS_project\.venv\Lib\site-packages\django\db\backends\utils.py", line 79, in execute
    return self._execute_with_wrappers(
           ~~~~~~~~~~~~~~~~~~~~~~~~~~~^
        sql, params, many=False, executor=self._execute
        ^^^^^^^^^^^^^^^^^^^^^^^^^^^^^^^^^^^^^^^^^^^^^^^
    )
    ^
  File "C:\Users\Ammar\OneDrive\Desktop\LMS_project\.venv\Lib\site-packages\django\db\backends\utils.py", line 92, in _execute_with_wrappers
    return executor(sql, params, many, context)
  File "C:\Users\Ammar\OneDrive\Desktop\LMS_project\.venv\Lib\site-packages\django\db\backends\utils.py", line 100, in _execute
    with self.db.wrap_database_errors:
         ^^^^^^^^^^^^^^^^^^^^^^^^^^^^
  File "C:\Users\Ammar\OneDrive\Desktop\LMS_project\.venv\Lib\site-packages\django\db\utils.py", line 91, in __exit__
    raise dj_exc_value.with_traceback(traceback) from exc_value
  File "C:\Users\Ammar\OneDrive\Desktop\LMS_project\.venv\Lib\site-packages\django\db\backends\utils.py", line 105, in _execute
    return self.cursor.execute(sql, params)
           ~~~~~~~~~~~~~~~~~~~^^^^^^^^^^^^^
django.db.utils.ProgrammingError: relation "courses_modules" does not exist
LINE 1: ..."created_at", "courses_modules"."updated_at" FROM "courses_m...
                                                             ^


ERROR 2026-07-10 22:31:20,410 exceptions 9136 7828 Unhandled exception: relation "courses_modules" does not exist
LINE 1: ..."created_at", "courses_modules"."updated_at" FROM "courses_m...
                                                             ^

Traceback (most recent call last):
  File "C:\Users\Ammar\OneDrive\Desktop\LMS_project\.venv\Lib\site-packages\django\db\backends\utils.py", line 105, in _execute
    return self.cursor.execute(sql, params)
           ~~~~~~~~~~~~~~~~~~~^^^^^^^^^^^^^
psycopg2.errors.UndefinedTable: relation "courses_modules" does not exist
LINE 1: ..."created_at", "courses_modules"."updated_at" FROM "courses_m...
                                                             ^


The above exception was the direct cause of the following exception:

Traceback (most recent call last):
  File "C:\Users\Ammar\OneDrive\Desktop\LMS_project\.venv\Lib\site-packages\rest_framework\views.py", line 512, in dispatch
    response = handler(request, *args, **kwargs)
  File "C:\Users\Ammar\OneDrive\Desktop\LMS_project\.venv\Lib\site-packages\rest_framework\mixins.py", line 40, in list
    page = self.paginate_queryset(queryset)
  File "C:\Users\Ammar\OneDrive\Desktop\LMS_project\.venv\Lib\site-packages\rest_framework\generics.py", line 175, in paginate_queryset
    return self.paginator.paginate_queryset(queryset, self.request, view=self)
           ~~~~~~~~~~~~~~~~~~~~~~~~~~~~~~~~^^^^^^^^^^^^^^^^^^^^^^^^^^^^^^^^^^^
  File "C:\Users\Ammar\OneDrive\Desktop\LMS_project\.venv\Lib\site-packages\rest_framework\pagination.py", line 213, in paginate_queryset
    return list(self.page)
  File "C:\Users\Ammar\OneDrive\Desktop\LMS_project\.venv\Lib\site-packages\django\core\paginator.py", line 191, in __len__
    return len(self.object_list)
  File "C:\Users\Ammar\OneDrive\Desktop\LMS_project\.venv\Lib\site-packages\django\db\models\query.py", line 368, in __len__
    self._fetch_all()
    ~~~~~~~~~~~~~~~^^
  File "C:\Users\Ammar\OneDrive\Desktop\LMS_project\.venv\Lib\site-packages\django\db\models\query.py", line 1956, in _fetch_all
    self._prefetch_related_objects()
    ~~~~~~~~~~~~~~~~~~~~~~~~~~~~~~^^
  File "C:\Users\Ammar\OneDrive\Desktop\LMS_project\.venv\Lib\site-packages\django\db\models\query.py", line 1330, in _prefetch_related_objects
    prefetch_related_objects(self._result_cache, *self._prefetch_related_lookups)
    ~~~~~~~~~~~~~~~~~~~~~~~~^^^^^^^^^^^^^^^^^^^^^^^^^^^^^^^^^^^^^^^^^^^^^^^^^^^^^
  File "C:\Users\Ammar\OneDrive\Desktop\LMS_project\.venv\Lib\site-packages\django\db\models\query.py", line 2408, in prefetch_related_objects
    obj_list, additional_lookups = prefetch_one_level(
                                   ~~~~~~~~~~~~~~~~~~^
        obj_to_fetch,
        ^^^^^^^^^^^^^
    ...<2 lines>...
        level,
        ^^^^^^
    )
    ^
  File "C:\Users\Ammar\OneDrive\Desktop\LMS_project\.venv\Lib\site-packages\django\db\models\query.py", line 2572, in prefetch_one_level
    ) = prefetcher.get_prefetch_querysets(
        ~~~~~~~~~~~~~~~~~~~~~~~~~~~~~~~~~^
        instances, lookup.get_current_querysets(level)
        ^^^^^^^^^^^^^^^^^^^^^^^^^^^^^^^^^^^^^^^^^^^^^^
    )
    ^
  File "C:\Users\Ammar\OneDrive\Desktop\LMS_project\.venv\Lib\site-packages\django\db\models\fields\related_descriptors.py", line 800, in get_prefetch_querysets
    for rel_obj in queryset:
                   ^^^^^^^^
  File "C:\Users\Ammar\OneDrive\Desktop\LMS_project\.venv\Lib\site-packages\django\db\models\query.py", line 386, in __iter__
    self._fetch_all()
    ~~~~~~~~~~~~~~~^^
  File "C:\Users\Ammar\OneDrive\Desktop\LMS_project\.venv\Lib\site-packages\django\db\models\query.py", line 1954, in _fetch_all
    self._result_cache = list(self._iterable_class(self))
                         ~~~~^^^^^^^^^^^^^^^^^^^^^^^^^^^^
  File "C:\Users\Ammar\OneDrive\Desktop\LMS_project\.venv\Lib\site-packages\django\db\models\query.py", line 93, in __iter__
    results = compiler.execute_sql(
        chunked_fetch=self.chunked_fetch, chunk_size=self.chunk_size
    )
  File "C:\Users\Ammar\OneDrive\Desktop\LMS_project\.venv\Lib\site-packages\django\db\models\sql\compiler.py", line 1623, in execute_sql
    cursor.execute(sql, params)
    ~~~~~~~~~~~~~~^^^^^^^^^^^^^
  File "C:\Users\Ammar\OneDrive\Desktop\LMS_project\.venv\Lib\site-packages\django\db\backends\utils.py", line 122, in execute
    return super().execute(sql, params)
           ~~~~~~~~~~~~~~~^^^^^^^^^^^^^
  File "C:\Users\Ammar\OneDrive\Desktop\LMS_project\.venv\Lib\site-packages\django\db\backends\utils.py", line 79, in execute
    return self._execute_with_wrappers(
           ~~~~~~~~~~~~~~~~~~~~~~~~~~~^
        sql, params, many=False, executor=self._execute
        ^^^^^^^^^^^^^^^^^^^^^^^^^^^^^^^^^^^^^^^^^^^^^^^
    )
    ^
  File "C:\Users\Ammar\OneDrive\Desktop\LMS_project\.venv\Lib\site-packages\django\db\backends\utils.py", line 92, in _execute_with_wrappers
    return executor(sql, params, many, context)
  File "C:\Users\Ammar\OneDrive\Desktop\LMS_project\.venv\Lib\site-packages\django\db\backends\utils.py", line 100, in _execute
    with self.db.wrap_database_errors:
         ^^^^^^^^^^^^^^^^^^^^^^^^^^^^
  File "C:\Users\Ammar\OneDrive\Desktop\LMS_project\.venv\Lib\site-packages\django\db\utils.py", line 91, in __exit__
    raise dj_exc_value.with_traceback(traceback) from exc_value
  File "C:\Users\Ammar\OneDrive\Desktop\LMS_project\.venv\Lib\site-packages\django\db\backends\utils.py", line 105, in _execute
    return self.cursor.execute(sql, params)
           ~~~~~~~~~~~~~~~~~~~^^^^^^^^^^^^^
django.db.utils.ProgrammingError: relation "courses_modules" does not exist
LINE 1: ..."created_at", "courses_modules"."updated_at" FROM "courses_m...
                                                             ^


WARNING 2026-07-10 23:29:15,062 exceptions 14988 3364 API error 401: Token is invalid
WARNING 2026-07-11 21:31:44,536 exceptions 8664 17156 API error 404: No Course matches the given query.
WARNING 2026-07-11 21:39:54,157 exceptions 14652 15416 API error 404: No Course matches the given query.
WARNING 2026-07-11 21:41:37,900 exceptions 13476 15548 API error 404: No Course matches the given query.
WARNING 2026-07-11 21:42:45,387 exceptions 13476 5604 API error 404: No Course matches the given query.
WARNING 2026-07-11 21:43:46,580 exceptions 13476 6772 API error 404: No Course matches the given query.
WARNING 2026-07-11 21:49:36,730 exceptions 5800 17808 API error 401: Authentication credentials were not provided.
WARNING 2026-07-11 21:51:10,505 exceptions 5800 6932 API error 401: Token is blacklisted
WARNING 2026-07-11 21:51:26,149 exceptions 5800 6932 API error 401: Token is blacklisted
WARNING 2026-07-11 21:54:06,749 exceptions 5800 1644 API error 401: Authentication credentials were not provided.
WARNING 2026-07-12 10:38:21,570 exceptions 8684 2896 API error 400: email: This field is required.
WARNING 2026-07-12 10:39:54,090 exceptions 8684 22092 API error 401: No active account found with the given credentials
ERROR 2026-07-12 10:46:45,491 exceptions 6004 9420 Unhandled exception: duplicate key value violates unique constraint "lessons_module_course_order_unique"
DETAIL:  Key (course_id, "order")=(4, 1) already exists.

Traceback (most recent call last):
  File "C:\Users\Ammar\OneDrive\Desktop\LMS_project\.venv\Lib\site-packages\django\db\backends\utils.py", line 105, in _execute
    return self.cursor.execute(sql, params)
           ~~~~~~~~~~~~~~~~~~~^^^^^^^^^^^^^
psycopg2.errors.UniqueViolation: duplicate key value violates unique constraint "lessons_module_course_order_unique"
DETAIL:  Key (course_id, "order")=(4, 1) already exists.


The above exception was the direct cause of the following exception:

Traceback (most recent call last):
  File "C:\Users\Ammar\OneDrive\Desktop\LMS_project\.venv\Lib\site-packages\rest_framework\views.py", line 512, in dispatch
    response = handler(request, *args, **kwargs)
  File "C:\Users\Ammar\OneDrive\Desktop\LMS_project\apps\lessons\views.py", line 87, in create
    module = serializer.save(
        course=course
    )
  File "C:\Users\Ammar\OneDrive\Desktop\LMS_project\.venv\Lib\site-packages\rest_framework\serializers.py", line 210, in save
    self.instance = self.create(validated_data)
                    ~~~~~~~~~~~^^^^^^^^^^^^^^^^
  File "C:\Users\Ammar\OneDrive\Desktop\LMS_project\.venv\Lib\site-packages\rest_framework\serializers.py", line 1011, in create
    instance = ModelClass._default_manager.create(**validated_data)
  File "C:\Users\Ammar\OneDrive\Desktop\LMS_project\.venv\Lib\site-packages\django\db\models\manager.py", line 87, in manager_method
    return getattr(self.get_queryset(), name)(*args, **kwargs)
           ~~~~~~~~~~~~~~~~~~~~~~~~~~~~~~~~~~^^^^^^^^^^^^^^^^^
  File "C:\Users\Ammar\OneDrive\Desktop\LMS_project\.venv\Lib\site-packages\django\db\models\query.py", line 665, in create
    obj.save(force_insert=True, using=self.db)
    ~~~~~~~~^^^^^^^^^^^^^^^^^^^^^^^^^^^^^^^^^^
  File "C:\Users\Ammar\OneDrive\Desktop\LMS_project\.venv\Lib\site-packages\django\db\models\base.py", line 902, in save
    self.save_base(
    ~~~~~~~~~~~~~~^
        using=using,
        ^^^^^^^^^^^^
    ...<2 lines>...
        update_fields=update_fields,
        ^^^^^^^^^^^^^^^^^^^^^^^^^^^^
    )
    ^
  File "C:\Users\Ammar\OneDrive\Desktop\LMS_project\.venv\Lib\site-packages\django\db\models\base.py", line 1008, in save_base
    updated = self._save_table(
        raw,
    ...<4 lines>...
        update_fields,
    )
  File "C:\Users\Ammar\OneDrive\Desktop\LMS_project\.venv\Lib\site-packages\django\db\models\base.py", line 1169, in _save_table
    results = self._do_insert(
        cls._base_manager, using, fields, returning_fields, raw
    )
  File "C:\Users\Ammar\OneDrive\Desktop\LMS_project\.venv\Lib\site-packages\django\db\models\base.py", line 1210, in _do_insert
    return manager._insert(
           ~~~~~~~~~~~~~~~^
        [self],
        ^^^^^^^
    ...<3 lines>...
        raw=raw,
        ^^^^^^^^
    )
    ^
  File "C:\Users\Ammar\OneDrive\Desktop\LMS_project\.venv\Lib\site-packages\django\db\models\manager.py", line 87, in manager_method
    return getattr(self.get_queryset(), name)(*args, **kwargs)
           ~~~~~~~~~~~~~~~~~~~~~~~~~~~~~~~~~~^^^^^^^^^^^^^^^^^
  File "C:\Users\Ammar\OneDrive\Desktop\LMS_project\.venv\Lib\site-packages\django\db\models\query.py", line 1873, in _insert
    return query.get_compiler(using=using).execute_sql(returning_fields)
           ~~~~~~~~~~~~~~~~~~~~~~~~~~~~~~~~~~~~~~~~~~~^^^^^^^^^^^^^^^^^^
  File "C:\Users\Ammar\OneDrive\Desktop\LMS_project\.venv\Lib\site-packages\django\db\models\sql\compiler.py", line 1882, in execute_sql
    cursor.execute(sql, params)
    ~~~~~~~~~~~~~~^^^^^^^^^^^^^
  File "C:\Users\Ammar\OneDrive\Desktop\LMS_project\.venv\Lib\site-packages\django\db\backends\utils.py", line 122, in execute
    return super().execute(sql, params)
           ~~~~~~~~~~~~~~~^^^^^^^^^^^^^
  File "C:\Users\Ammar\OneDrive\Desktop\LMS_project\.venv\Lib\site-packages\django\db\backends\utils.py", line 79, in execute
    return self._execute_with_wrappers(
           ~~~~~~~~~~~~~~~~~~~~~~~~~~~^
        sql, params, many=False, executor=self._execute
        ^^^^^^^^^^^^^^^^^^^^^^^^^^^^^^^^^^^^^^^^^^^^^^^
    )
    ^
  File "C:\Users\Ammar\OneDrive\Desktop\LMS_project\.venv\Lib\site-packages\django\db\backends\utils.py", line 92, in _execute_with_wrappers
    return executor(sql, params, many, context)
  File "C:\Users\Ammar\OneDrive\Desktop\LMS_project\.venv\Lib\site-packages\django\db\backends\utils.py", line 100, in _execute
    with self.db.wrap_database_errors:
         ^^^^^^^^^^^^^^^^^^^^^^^^^^^^
  File "C:\Users\Ammar\OneDrive\Desktop\LMS_project\.venv\Lib\site-packages\django\db\utils.py", line 91, in __exit__
    raise dj_exc_value.with_traceback(traceback) from exc_value
  File "C:\Users\Ammar\OneDrive\Desktop\LMS_project\.venv\Lib\site-packages\django\db\backends\utils.py", line 105, in _execute
    return self.cursor.execute(sql, params)
           ~~~~~~~~~~~~~~~~~~~^^^^^^^^^^^^^
django.db.utils.IntegrityError: duplicate key value violates unique constraint "lessons_module_course_order_unique"
DETAIL:  Key (course_id, "order")=(4, 1) already exists.


WARNING 2026-07-12 10:58:07,325 exceptions 15880 5044 API error 401: Authentication credentials were not provided.
WARNING 2026-07-12 11:00:31,843 exceptions 15880 14680 API error 401: Authentication credentials were not provided.
ERROR 2026-07-12 11:02:41,927 exceptions 15880 21140 Unhandled exception: column u0.status does not exist
LINE 1: ...e_id" AS "course_id" FROM "enrollments" U0 WHERE (U0."status...
                                                             ^

Traceback (most recent call last):
  File "C:\Users\Ammar\OneDrive\Desktop\LMS_project\.venv\Lib\site-packages\django\db\backends\utils.py", line 105, in _execute
    return self.cursor.execute(sql, params)
           ~~~~~~~~~~~~~~~~~~~^^^^^^^^^^^^^
psycopg2.errors.UndefinedColumn: column u0.status does not exist
LINE 1: ...e_id" AS "course_id" FROM "enrollments" U0 WHERE (U0."status...
                                                             ^


The above exception was the direct cause of the following exception:

Traceback (most recent call last):
  File "C:\Users\Ammar\OneDrive\Desktop\LMS_project\.venv\Lib\site-packages\rest_framework\views.py", line 512, in dispatch
    response = handler(request, *args, **kwargs)
  File "C:\Users\Ammar\OneDrive\Desktop\LMS_project\.venv\Lib\site-packages\rest_framework\generics.py", line 243, in get
    return self.list(request, *args, **kwargs)
           ~~~~~~~~~^^^^^^^^^^^^^^^^^^^^^^^^^^
  File "C:\Users\Ammar\OneDrive\Desktop\LMS_project\apps\announcements\views.py", line 46, in list
    response = super().list(request, *args, **kwargs)
  File "C:\Users\Ammar\OneDrive\Desktop\LMS_project\.venv\Lib\site-packages\rest_framework\mixins.py", line 40, in list
    page = self.paginate_queryset(queryset)
  File "C:\Users\Ammar\OneDrive\Desktop\LMS_project\.venv\Lib\site-packages\rest_framework\generics.py", line 175, in paginate_queryset
    return self.paginator.paginate_queryset(queryset, self.request, view=self)
           ~~~~~~~~~~~~~~~~~~~~~~~~~~~~~~~~^^^^^^^^^^^^^^^^^^^^^^^^^^^^^^^^^^^
  File "C:\Users\Ammar\OneDrive\Desktop\LMS_project\.venv\Lib\site-packages\rest_framework\pagination.py", line 202, in paginate_queryset
    self.page = paginator.page(page_number)
                ~~~~~~~~~~~~~~^^^^^^^^^^^^^
  File "C:\Users\Ammar\OneDrive\Desktop\LMS_project\.venv\Lib\site-packages\django\core\paginator.py", line 89, in page
    number = self.validate_number(number)
  File "C:\Users\Ammar\OneDrive\Desktop\LMS_project\.venv\Lib\site-packages\django\core\paginator.py", line 70, in validate_number
    if number > self.num_pages:
                ^^^^^^^^^^^^^^
  File "C:\Users\Ammar\OneDrive\Desktop\LMS_project\.venv\Lib\site-packages\django\utils\functional.py", line 47, in __get__
    res = instance.__dict__[self.name] = self.func(instance)
                                         ~~~~~~~~~^^^^^^^^^^
  File "C:\Users\Ammar\OneDrive\Desktop\LMS_project\.venv\Lib\site-packages\django\core\paginator.py", line 116, in num_pages
    if self.count == 0 and not self.allow_empty_first_page:
       ^^^^^^^^^^
  File "C:\Users\Ammar\OneDrive\Desktop\LMS_project\.venv\Lib\site-packages\django\utils\functional.py", line 47, in __get__
    res = instance.__dict__[self.name] = self.func(instance)
                                         ~~~~~~~~~^^^^^^^^^^
  File "C:\Users\Ammar\OneDrive\Desktop\LMS_project\.venv\Lib\site-packages\django\core\paginator.py", line 110, in count
    return c()
  File "C:\Users\Ammar\OneDrive\Desktop\LMS_project\.venv\Lib\site-packages\django\db\models\query.py", line 606, in count
    return self.query.get_count(using=self.db)
           ~~~~~~~~~~~~~~~~~~~~^^^^^^^^^^^^^^^
  File "C:\Users\Ammar\OneDrive\Desktop\LMS_project\.venv\Lib\site-packages\django\db\models\sql\query.py", line 646, in get_count
    return obj.get_aggregation(using, {"__count": Count("*")})["__count"]
           ~~~~~~~~~~~~~~~~~~~^^^^^^^^^^^^^^^^^^^^^^^^^^^^^^^^
  File "C:\Users\Ammar\OneDrive\Desktop\LMS_project\.venv\Lib\site-packages\django\db\models\sql\query.py", line 628, in get_aggregation
    result = compiler.execute_sql(SINGLE)
  File "C:\Users\Ammar\OneDrive\Desktop\LMS_project\.venv\Lib\site-packages\django\db\models\sql\compiler.py", line 1623, in execute_sql
    cursor.execute(sql, params)
    ~~~~~~~~~~~~~~^^^^^^^^^^^^^
  File "C:\Users\Ammar\OneDrive\Desktop\LMS_project\.venv\Lib\site-packages\django\db\backends\utils.py", line 122, in execute
    return super().execute(sql, params)
           ~~~~~~~~~~~~~~~^^^^^^^^^^^^^
  File "C:\Users\Ammar\OneDrive\Desktop\LMS_project\.venv\Lib\site-packages\django\db\backends\utils.py", line 79, in execute
    return self._execute_with_wrappers(
           ~~~~~~~~~~~~~~~~~~~~~~~~~~~^
        sql, params, many=False, executor=self._execute
        ^^^^^^^^^^^^^^^^^^^^^^^^^^^^^^^^^^^^^^^^^^^^^^^
    )
    ^
  File "C:\Users\Ammar\OneDrive\Desktop\LMS_project\.venv\Lib\site-packages\django\db\backends\utils.py", line 92, in _execute_with_wrappers
    return executor(sql, params, many, context)
  File "C:\Users\Ammar\OneDrive\Desktop\LMS_project\.venv\Lib\site-packages\django\db\backends\utils.py", line 100, in _execute
    with self.db.wrap_database_errors:
         ^^^^^^^^^^^^^^^^^^^^^^^^^^^^
  File "C:\Users\Ammar\OneDrive\Desktop\LMS_project\.venv\Lib\site-packages\django\db\utils.py", line 91, in __exit__
    raise dj_exc_value.with_traceback(traceback) from exc_value
  File "C:\Users\Ammar\OneDrive\Desktop\LMS_project\.venv\Lib\site-packages\django\db\backends\utils.py", line 105, in _execute
    return self.cursor.execute(sql, params)
           ~~~~~~~~~~~~~~~~~~~^^^^^^^^^^^^^
django.db.utils.ProgrammingError: column u0.status does not exist
LINE 1: ...e_id" AS "course_id" FROM "enrollments" U0 WHERE (U0."status...
                                                             ^


ERROR 2026-07-12 11:19:41,866 exceptions 16540 19160 Unhandled exception: operator does not exist: uuid = integer
LINE 1: ...WHERE (U0."status" = 'active' AND U0."student_id" = 83))) OR...
                                                             ^
HINT:  No operator matches the given name and argument types. You might need to add explicit type casts.

Traceback (most recent call last):
  File "C:\Users\Ammar\OneDrive\Desktop\LMS_project\.venv\Lib\site-packages\django\db\backends\utils.py", line 105, in _execute
    return self.cursor.execute(sql, params)
           ~~~~~~~~~~~~~~~~~~~^^^^^^^^^^^^^
psycopg2.errors.UndefinedFunction: operator does not exist: uuid = integer
LINE 1: ...WHERE (U0."status" = 'active' AND U0."student_id" = 83))) OR...
                                                             ^
HINT:  No operator matches the given name and argument types. You might need to add explicit type casts.


The above exception was the direct cause of the following exception:

Traceback (most recent call last):
  File "C:\Users\Ammar\OneDrive\Desktop\LMS_project\.venv\Lib\site-packages\rest_framework\views.py", line 512, in dispatch
    response = handler(request, *args, **kwargs)
  File "C:\Users\Ammar\OneDrive\Desktop\LMS_project\.venv\Lib\site-packages\rest_framework\generics.py", line 243, in get
    return self.list(request, *args, **kwargs)
           ~~~~~~~~~^^^^^^^^^^^^^^^^^^^^^^^^^^
  File "C:\Users\Ammar\OneDrive\Desktop\LMS_project\apps\announcements\views.py", line 46, in list
    response = super().list(request, *args, **kwargs)
  File "C:\Users\Ammar\OneDrive\Desktop\LMS_project\.venv\Lib\site-packages\rest_framework\mixins.py", line 40, in list
    page = self.paginate_queryset(queryset)
  File "C:\Users\Ammar\OneDrive\Desktop\LMS_project\.venv\Lib\site-packages\rest_framework\generics.py", line 175, in paginate_queryset
    return self.paginator.paginate_queryset(queryset, self.request, view=self)
           ~~~~~~~~~~~~~~~~~~~~~~~~~~~~~~~~^^^^^^^^^^^^^^^^^^^^^^^^^^^^^^^^^^^
  File "C:\Users\Ammar\OneDrive\Desktop\LMS_project\.venv\Lib\site-packages\rest_framework\pagination.py", line 202, in paginate_queryset
    self.page = paginator.page(page_number)
                ~~~~~~~~~~~~~~^^^^^^^^^^^^^
  File "C:\Users\Ammar\OneDrive\Desktop\LMS_project\.venv\Lib\site-packages\django\core\paginator.py", line 89, in page
    number = self.validate_number(number)
  File "C:\Users\Ammar\OneDrive\Desktop\LMS_project\.venv\Lib\site-packages\django\core\paginator.py", line 70, in validate_number
    if number > self.num_pages:
                ^^^^^^^^^^^^^^
  File "C:\Users\Ammar\OneDrive\Desktop\LMS_project\.venv\Lib\site-packages\django\utils\functional.py", line 47, in __get__
    res = instance.__dict__[self.name] = self.func(instance)
                                         ~~~~~~~~~^^^^^^^^^^
  File "C:\Users\Ammar\OneDrive\Desktop\LMS_project\.venv\Lib\site-packages\django\core\paginator.py", line 116, in num_pages
    if self.count == 0 and not self.allow_empty_first_page:
       ^^^^^^^^^^
  File "C:\Users\Ammar\OneDrive\Desktop\LMS_project\.venv\Lib\site-packages\django\utils\functional.py", line 47, in __get__
    res = instance.__dict__[self.name] = self.func(instance)
                                         ~~~~~~~~~^^^^^^^^^^
  File "C:\Users\Ammar\OneDrive\Desktop\LMS_project\.venv\Lib\site-packages\django\core\paginator.py", line 110, in count
    return c()
  File "C:\Users\Ammar\OneDrive\Desktop\LMS_project\.venv\Lib\site-packages\django\db\models\query.py", line 606, in count
    return self.query.get_count(using=self.db)
           ~~~~~~~~~~~~~~~~~~~~^^^^^^^^^^^^^^^
  File "C:\Users\Ammar\OneDrive\Desktop\LMS_project\.venv\Lib\site-packages\django\db\models\sql\query.py", line 646, in get_count
    return obj.get_aggregation(using, {"__count": Count("*")})["__count"]
           ~~~~~~~~~~~~~~~~~~~^^^^^^^^^^^^^^^^^^^^^^^^^^^^^^^^
  File "C:\Users\Ammar\OneDrive\Desktop\LMS_project\.venv\Lib\site-packages\django\db\models\sql\query.py", line 628, in get_aggregation
    result = compiler.execute_sql(SINGLE)
  File "C:\Users\Ammar\OneDrive\Desktop\LMS_project\.venv\Lib\site-packages\django\db\models\sql\compiler.py", line 1623, in execute_sql
    cursor.execute(sql, params)
    ~~~~~~~~~~~~~~^^^^^^^^^^^^^
  File "C:\Users\Ammar\OneDrive\Desktop\LMS_project\.venv\Lib\site-packages\django\db\backends\utils.py", line 122, in execute
    return super().execute(sql, params)
           ~~~~~~~~~~~~~~~^^^^^^^^^^^^^
  File "C:\Users\Ammar\OneDrive\Desktop\LMS_project\.venv\Lib\site-packages\django\db\backends\utils.py", line 79, in execute
    return self._execute_with_wrappers(
           ~~~~~~~~~~~~~~~~~~~~~~~~~~~^
        sql, params, many=False, executor=self._execute
        ^^^^^^^^^^^^^^^^^^^^^^^^^^^^^^^^^^^^^^^^^^^^^^^
    )
    ^
  File "C:\Users\Ammar\OneDrive\Desktop\LMS_project\.venv\Lib\site-packages\django\db\backends\utils.py", line 92, in _execute_with_wrappers
    return executor(sql, params, many, context)
  File "C:\Users\Ammar\OneDrive\Desktop\LMS_project\.venv\Lib\site-packages\django\db\backends\utils.py", line 100, in _execute
    with self.db.wrap_database_errors:
         ^^^^^^^^^^^^^^^^^^^^^^^^^^^^
  File "C:\Users\Ammar\OneDrive\Desktop\LMS_project\.venv\Lib\site-packages\django\db\utils.py", line 91, in __exit__
    raise dj_exc_value.with_traceback(traceback) from exc_value
  File "C:\Users\Ammar\OneDrive\Desktop\LMS_project\.venv\Lib\site-packages\django\db\backends\utils.py", line 105, in _execute
    return self.cursor.execute(sql, params)
           ~~~~~~~~~~~~~~~~~~~^^^^^^^^^^^^^
django.db.utils.ProgrammingError: operator does not exist: uuid = integer
LINE 1: ...WHERE (U0."status" = 'active' AND U0."student_id" = 83))) OR...
                                                             ^
HINT:  No operator matches the given name and argument types. You might need to add explicit type casts.


ERROR 2026-07-12 12:00:01,446 exceptions 17148 9192 Unhandled exception: Cannot resolve keyword 'status' into field. Choices are: course, course_id, enrolled_at, id, student, student_id
Traceback (most recent call last):
  File "C:\Users\Ammar\OneDrive\Desktop\LMS_project\.venv\Lib\site-packages\rest_framework\views.py", line 512, in dispatch
    response = handler(request, *args, **kwargs)
  File "C:\Users\Ammar\OneDrive\Desktop\LMS_project\.venv\Lib\site-packages\rest_framework\generics.py", line 243, in get
    return self.list(request, *args, **kwargs)
           ~~~~~~~~~^^^^^^^^^^^^^^^^^^^^^^^^^^
  File "C:\Users\Ammar\OneDrive\Desktop\LMS_project\apps\announcements\views.py", line 46, in list
    response = super().list(request, *args, **kwargs)
  File "C:\Users\Ammar\OneDrive\Desktop\LMS_project\.venv\Lib\site-packages\rest_framework\mixins.py", line 38, in list
    queryset = self.filter_queryset(self.get_queryset())
                                    ~~~~~~~~~~~~~~~~~^^
  File "C:\Users\Ammar\OneDrive\Desktop\LMS_project\apps\announcements\views.py", line 30, in get_queryset
    course_ids = Enrollment.objects.filter(student=user, status='active').values_list('course_id', flat=True)
                 ~~~~~~~~~~~~~~~~~~~~~~~~~^^^^^^^^^^^^^^^^^^^^^^^^^^^^^^^
  File "C:\Users\Ammar\OneDrive\Desktop\LMS_project\.venv\Lib\site-packages\django\db\models\manager.py", line 87, in manager_method
    return getattr(self.get_queryset(), name)(*args, **kwargs)
           ~~~~~~~~~~~~~~~~~~~~~~~~~~~~~~~~~~^^^^^^^^^^^^^^^^^
  File "C:\Users\Ammar\OneDrive\Desktop\LMS_project\.venv\Lib\site-packages\django\db\models\query.py", line 1495, in filter
    return self._filter_or_exclude(False, args, kwargs)
           ~~~~~~~~~~~~~~~~~~~~~~~^^^^^^^^^^^^^^^^^^^^^
  File "C:\Users\Ammar\OneDrive\Desktop\LMS_project\.venv\Lib\site-packages\django\db\models\query.py", line 1513, in _filter_or_exclude
    clone._filter_or_exclude_inplace(negate, args, kwargs)
    ~~~~~~~~~~~~~~~~~~~~~~~~~~~~~~~~^^^^^^^^^^^^^^^^^^^^^^
  File "C:\Users\Ammar\OneDrive\Desktop\LMS_project\.venv\Lib\site-packages\django\db\models\query.py", line 1523, in _filter_or_exclude_inplace
    self._query.add_q(Q(*args, **kwargs))
    ~~~~~~~~~~~~~~~~~^^^^^^^^^^^^^^^^^^^^
  File "C:\Users\Ammar\OneDrive\Desktop\LMS_project\.venv\Lib\site-packages\django\db\models\sql\query.py", line 1648, in add_q
    clause, _ = self._add_q(q_object, can_reuse)
                ~~~~~~~~~~~^^^^^^^^^^^^^^^^^^^^^
  File "C:\Users\Ammar\OneDrive\Desktop\LMS_project\.venv\Lib\site-packages\django\db\models\sql\query.py", line 1680, in _add_q
    child_clause, needed_inner = self.build_filter(
                                 ~~~~~~~~~~~~~~~~~^
        child,
        ^^^^^^
    ...<7 lines>...
        update_join_types=update_join_types,
        ^^^^^^^^^^^^^^^^^^^^^^^^^^^^^^^^^^^^
    )
    ^
  File "C:\Users\Ammar\OneDrive\Desktop\LMS_project\.venv\Lib\site-packages\django\db\models\sql\query.py", line 1528, in build_filter
    lookups, parts, reffed_expression = self.solve_lookup_type(arg, summarize)
                                        ~~~~~~~~~~~~~~~~~~~~~~^^^^^^^^^^^^^^^^
  File "C:\Users\Ammar\OneDrive\Desktop\LMS_project\.venv\Lib\site-packages\django\db\models\sql\query.py", line 1335, in solve_lookup_type
    _, field, _, lookup_parts = self.names_to_path(lookup_splitted, self.get_meta())
                                ~~~~~~~~~~~~~~~~~~^^^^^^^^^^^^^^^^^^^^^^^^^^^^^^^^^^
  File "C:\Users\Ammar\OneDrive\Desktop\LMS_project\.venv\Lib\site-packages\django\db\models\sql\query.py", line 1813, in names_to_path
    raise FieldError(
    ...<2 lines>...
    )
django.core.exceptions.FieldError: Cannot resolve keyword 'status' into field. Choices are: course, course_id, enrolled_at, id, student, student_id

WARNING 2026-07-12 12:13:58,523 exceptions 17148 11748 API error 401: Given token not valid for any token type
ERROR 2026-07-12 12:32:57,371 exceptions 6392 22524 Unhandled exception: Cannot resolve keyword 'status' into field. Choices are: completed_at, course, course_id, enrolled_at, id, is_active, student, student_id
Traceback (most recent call last):
  File "C:\Users\Ammar\OneDrive\Desktop\LMS_project\.venv\Lib\site-packages\rest_framework\views.py", line 512, in dispatch
    response = handler(request, *args, **kwargs)
  File "C:\Users\Ammar\OneDrive\Desktop\LMS_project\.venv\Lib\site-packages\rest_framework\generics.py", line 243, in get
    return self.list(request, *args, **kwargs)
           ~~~~~~~~~^^^^^^^^^^^^^^^^^^^^^^^^^^
  File "C:\Users\Ammar\OneDrive\Desktop\LMS_project\apps\announcements\views.py", line 46, in list
    response = super().list(request, *args, **kwargs)
  File "C:\Users\Ammar\OneDrive\Desktop\LMS_project\.venv\Lib\site-packages\rest_framework\mixins.py", line 38, in list
    queryset = self.filter_queryset(self.get_queryset())
                                    ~~~~~~~~~~~~~~~~~^^
  File "C:\Users\Ammar\OneDrive\Desktop\LMS_project\apps\announcements\views.py", line 30, in get_queryset
    course_ids = Enrollment.objects.filter(student=user, status='active').values_list('course_id', flat=True)
                 ~~~~~~~~~~~~~~~~~~~~~~~~~^^^^^^^^^^^^^^^^^^^^^^^^^^^^^^^
  File "C:\Users\Ammar\OneDrive\Desktop\LMS_project\.venv\Lib\site-packages\django\db\models\manager.py", line 87, in manager_method
    return getattr(self.get_queryset(), name)(*args, **kwargs)
           ~~~~~~~~~~~~~~~~~~~~~~~~~~~~~~~~~~^^^^^^^^^^^^^^^^^
  File "C:\Users\Ammar\OneDrive\Desktop\LMS_project\.venv\Lib\site-packages\django\db\models\query.py", line 1495, in filter
    return self._filter_or_exclude(False, args, kwargs)
           ~~~~~~~~~~~~~~~~~~~~~~~^^^^^^^^^^^^^^^^^^^^^
  File "C:\Users\Ammar\OneDrive\Desktop\LMS_project\.venv\Lib\site-packages\django\db\models\query.py", line 1513, in _filter_or_exclude
    clone._filter_or_exclude_inplace(negate, args, kwargs)
    ~~~~~~~~~~~~~~~~~~~~~~~~~~~~~~~~^^^^^^^^^^^^^^^^^^^^^^
  File "C:\Users\Ammar\OneDrive\Desktop\LMS_project\.venv\Lib\site-packages\django\db\models\query.py", line 1523, in _filter_or_exclude_inplace
    self._query.add_q(Q(*args, **kwargs))
    ~~~~~~~~~~~~~~~~~^^^^^^^^^^^^^^^^^^^^
  File "C:\Users\Ammar\OneDrive\Desktop\LMS_project\.venv\Lib\site-packages\django\db\models\sql\query.py", line 1648, in add_q
    clause, _ = self._add_q(q_object, can_reuse)
                ~~~~~~~~~~~^^^^^^^^^^^^^^^^^^^^^
  File "C:\Users\Ammar\OneDrive\Desktop\LMS_project\.venv\Lib\site-packages\django\db\models\sql\query.py", line 1680, in _add_q
    child_clause, needed_inner = self.build_filter(
                                 ~~~~~~~~~~~~~~~~~^
        child,
        ^^^^^^
    ...<7 lines>...
        update_join_types=update_join_types,
        ^^^^^^^^^^^^^^^^^^^^^^^^^^^^^^^^^^^^
    )
    ^
  File "C:\Users\Ammar\OneDrive\Desktop\LMS_project\.venv\Lib\site-packages\django\db\models\sql\query.py", line 1528, in build_filter
    lookups, parts, reffed_expression = self.solve_lookup_type(arg, summarize)
                                        ~~~~~~~~~~~~~~~~~~~~~~^^^^^^^^^^^^^^^^
  File "C:\Users\Ammar\OneDrive\Desktop\LMS_project\.venv\Lib\site-packages\django\db\models\sql\query.py", line 1335, in solve_lookup_type
    _, field, _, lookup_parts = self.names_to_path(lookup_splitted, self.get_meta())
                                ~~~~~~~~~~~~~~~~~~^^^^^^^^^^^^^^^^^^^^^^^^^^^^^^^^^^
  File "C:\Users\Ammar\OneDrive\Desktop\LMS_project\.venv\Lib\site-packages\django\db\models\sql\query.py", line 1813, in names_to_path
    raise FieldError(
    ...<2 lines>...
    )
django.core.exceptions.FieldError: Cannot resolve keyword 'status' into field. Choices are: completed_at, course, course_id, enrolled_at, id, is_active, student, student_id

ERROR 2026-07-12 12:37:02,003 exceptions 22452 11576 Unhandled exception: argument of AND must be type boolean, not type character varying
LINE 1: ...e_id" AS "course_id" FROM "enrollments" U0 WHERE (U0."is_act...
                                                             ^

Traceback (most recent call last):
  File "C:\Users\Ammar\OneDrive\Desktop\LMS_project\.venv\Lib\site-packages\django\db\backends\utils.py", line 105, in _execute
    return self.cursor.execute(sql, params)
           ~~~~~~~~~~~~~~~~~~~^^^^^^^^^^^^^
psycopg2.errors.DatatypeMismatch: argument of AND must be type boolean, not type character varying
LINE 1: ...e_id" AS "course_id" FROM "enrollments" U0 WHERE (U0."is_act...
                                                             ^


The above exception was the direct cause of the following exception:

Traceback (most recent call last):
  File "C:\Users\Ammar\OneDrive\Desktop\LMS_project\.venv\Lib\site-packages\rest_framework\views.py", line 512, in dispatch
    response = handler(request, *args, **kwargs)
  File "C:\Users\Ammar\OneDrive\Desktop\LMS_project\.venv\Lib\site-packages\rest_framework\generics.py", line 243, in get
    return self.list(request, *args, **kwargs)
           ~~~~~~~~~^^^^^^^^^^^^^^^^^^^^^^^^^^
  File "C:\Users\Ammar\OneDrive\Desktop\LMS_project\apps\announcements\views.py", line 118, in list
    response = super().list(
        request,
        *args,
        **kwargs
    )
  File "C:\Users\Ammar\OneDrive\Desktop\LMS_project\.venv\Lib\site-packages\rest_framework\mixins.py", line 40, in list
    page = self.paginate_queryset(queryset)
  File "C:\Users\Ammar\OneDrive\Desktop\LMS_project\.venv\Lib\site-packages\rest_framework\generics.py", line 175, in paginate_queryset
    return self.paginator.paginate_queryset(queryset, self.request, view=self)
           ~~~~~~~~~~~~~~~~~~~~~~~~~~~~~~~~^^^^^^^^^^^^^^^^^^^^^^^^^^^^^^^^^^^
  File "C:\Users\Ammar\OneDrive\Desktop\LMS_project\.venv\Lib\site-packages\rest_framework\pagination.py", line 202, in paginate_queryset
    self.page = paginator.page(page_number)
                ~~~~~~~~~~~~~~^^^^^^^^^^^^^
  File "C:\Users\Ammar\OneDrive\Desktop\LMS_project\.venv\Lib\site-packages\django\core\paginator.py", line 89, in page
    number = self.validate_number(number)
  File "C:\Users\Ammar\OneDrive\Desktop\LMS_project\.venv\Lib\site-packages\django\core\paginator.py", line 70, in validate_number
    if number > self.num_pages:
                ^^^^^^^^^^^^^^
  File "C:\Users\Ammar\OneDrive\Desktop\LMS_project\.venv\Lib\site-packages\django\utils\functional.py", line 47, in __get__
    res = instance.__dict__[self.name] = self.func(instance)
                                         ~~~~~~~~~^^^^^^^^^^
  File "C:\Users\Ammar\OneDrive\Desktop\LMS_project\.venv\Lib\site-packages\django\core\paginator.py", line 116, in num_pages
    if self.count == 0 and not self.allow_empty_first_page:
       ^^^^^^^^^^
  File "C:\Users\Ammar\OneDrive\Desktop\LMS_project\.venv\Lib\site-packages\django\utils\functional.py", line 47, in __get__
    res = instance.__dict__[self.name] = self.func(instance)
                                         ~~~~~~~~~^^^^^^^^^^
  File "C:\Users\Ammar\OneDrive\Desktop\LMS_project\.venv\Lib\site-packages\django\core\paginator.py", line 110, in count
    return c()
  File "C:\Users\Ammar\OneDrive\Desktop\LMS_project\.venv\Lib\site-packages\django\db\models\query.py", line 606, in count
    return self.query.get_count(using=self.db)
           ~~~~~~~~~~~~~~~~~~~~^^^^^^^^^^^^^^^
  File "C:\Users\Ammar\OneDrive\Desktop\LMS_project\.venv\Lib\site-packages\django\db\models\sql\query.py", line 646, in get_count
    return obj.get_aggregation(using, {"__count": Count("*")})["__count"]
           ~~~~~~~~~~~~~~~~~~~^^^^^^^^^^^^^^^^^^^^^^^^^^^^^^^^
  File "C:\Users\Ammar\OneDrive\Desktop\LMS_project\.venv\Lib\site-packages\django\db\models\sql\query.py", line 628, in get_aggregation
    result = compiler.execute_sql(SINGLE)
  File "C:\Users\Ammar\OneDrive\Desktop\LMS_project\.venv\Lib\site-packages\django\db\models\sql\compiler.py", line 1623, in execute_sql
    cursor.execute(sql, params)
    ~~~~~~~~~~~~~~^^^^^^^^^^^^^
  File "C:\Users\Ammar\OneDrive\Desktop\LMS_project\.venv\Lib\site-packages\django\db\backends\utils.py", line 122, in execute
    return super().execute(sql, params)
           ~~~~~~~~~~~~~~~^^^^^^^^^^^^^
  File "C:\Users\Ammar\OneDrive\Desktop\LMS_project\.venv\Lib\site-packages\django\db\backends\utils.py", line 79, in execute
    return self._execute_with_wrappers(
           ~~~~~~~~~~~~~~~~~~~~~~~~~~~^
        sql, params, many=False, executor=self._execute
        ^^^^^^^^^^^^^^^^^^^^^^^^^^^^^^^^^^^^^^^^^^^^^^^
    )
    ^
  File "C:\Users\Ammar\OneDrive\Desktop\LMS_project\.venv\Lib\site-packages\django\db\backends\utils.py", line 92, in _execute_with_wrappers
    return executor(sql, params, many, context)
  File "C:\Users\Ammar\OneDrive\Desktop\LMS_project\.venv\Lib\site-packages\django\db\backends\utils.py", line 100, in _execute
    with self.db.wrap_database_errors:
         ^^^^^^^^^^^^^^^^^^^^^^^^^^^^
  File "C:\Users\Ammar\OneDrive\Desktop\LMS_project\.venv\Lib\site-packages\django\db\utils.py", line 91, in __exit__
    raise dj_exc_value.with_traceback(traceback) from exc_value
  File "C:\Users\Ammar\OneDrive\Desktop\LMS_project\.venv\Lib\site-packages\django\db\backends\utils.py", line 105, in _execute
    return self.cursor.execute(sql, params)
           ~~~~~~~~~~~~~~~~~~~^^^^^^^^^^^^^
django.db.utils.ProgrammingError: argument of AND must be type boolean, not type character varying
LINE 1: ...e_id" AS "course_id" FROM "enrollments" U0 WHERE (U0."is_act...
                                                             ^


ERROR 2026-07-12 12:52:03,273 exceptions 22452 22076 Unhandled exception: operator does not exist: uuid = integer
LINE 1: ...U0 WHERE (U0."is_active" AND U0."student_auth_id" = 83)) AND...
                                                             ^
HINT:  No operator matches the given name and argument types. You might need to add explicit type casts.

Traceback (most recent call last):
  File "C:\Users\Ammar\OneDrive\Desktop\LMS_project\.venv\Lib\site-packages\django\db\backends\utils.py", line 105, in _execute
    return self.cursor.execute(sql, params)
           ~~~~~~~~~~~~~~~~~~~^^^^^^^^^^^^^
psycopg2.errors.UndefinedFunction: operator does not exist: uuid = integer
LINE 1: ...U0 WHERE (U0."is_active" AND U0."student_auth_id" = 83)) AND...
                                                             ^
HINT:  No operator matches the given name and argument types. You might need to add explicit type casts.


The above exception was the direct cause of the following exception:

Traceback (most recent call last):
  File "C:\Users\Ammar\OneDrive\Desktop\LMS_project\.venv\Lib\site-packages\rest_framework\views.py", line 512, in dispatch
    response = handler(request, *args, **kwargs)
  File "C:\Users\Ammar\OneDrive\Desktop\LMS_project\.venv\Lib\site-packages\rest_framework\generics.py", line 243, in get
    return self.list(request, *args, **kwargs)
           ~~~~~~~~~^^^^^^^^^^^^^^^^^^^^^^^^^^
  File "C:\Users\Ammar\OneDrive\Desktop\LMS_project\apps\announcements\views.py", line 118, in list
    response = super().list(
        request,
        *args,
        **kwargs
    )
  File "C:\Users\Ammar\OneDrive\Desktop\LMS_project\.venv\Lib\site-packages\rest_framework\mixins.py", line 40, in list
    page = self.paginate_queryset(queryset)
  File "C:\Users\Ammar\OneDrive\Desktop\LMS_project\.venv\Lib\site-packages\rest_framework\generics.py", line 175, in paginate_queryset
    return self.paginator.paginate_queryset(queryset, self.request, view=self)
           ~~~~~~~~~~~~~~~~~~~~~~~~~~~~~~~~^^^^^^^^^^^^^^^^^^^^^^^^^^^^^^^^^^^
  File "C:\Users\Ammar\OneDrive\Desktop\LMS_project\.venv\Lib\site-packages\rest_framework\pagination.py", line 202, in paginate_queryset
    self.page = paginator.page(page_number)
                ~~~~~~~~~~~~~~^^^^^^^^^^^^^
  File "C:\Users\Ammar\OneDrive\Desktop\LMS_project\.venv\Lib\site-packages\django\core\paginator.py", line 89, in page
    number = self.validate_number(number)
  File "C:\Users\Ammar\OneDrive\Desktop\LMS_project\.venv\Lib\site-packages\django\core\paginator.py", line 70, in validate_number
    if number > self.num_pages:
                ^^^^^^^^^^^^^^
  File "C:\Users\Ammar\OneDrive\Desktop\LMS_project\.venv\Lib\site-packages\django\utils\functional.py", line 47, in __get__
    res = instance.__dict__[self.name] = self.func(instance)
                                         ~~~~~~~~~^^^^^^^^^^
  File "C:\Users\Ammar\OneDrive\Desktop\LMS_project\.venv\Lib\site-packages\django\core\paginator.py", line 116, in num_pages
    if self.count == 0 and not self.allow_empty_first_page:
       ^^^^^^^^^^
  File "C:\Users\Ammar\OneDrive\Desktop\LMS_project\.venv\Lib\site-packages\django\utils\functional.py", line 47, in __get__
    res = instance.__dict__[self.name] = self.func(instance)
                                         ~~~~~~~~~^^^^^^^^^^
  File "C:\Users\Ammar\OneDrive\Desktop\LMS_project\.venv\Lib\site-packages\django\core\paginator.py", line 110, in count
    return c()
  File "C:\Users\Ammar\OneDrive\Desktop\LMS_project\.venv\Lib\site-packages\django\db\models\query.py", line 606, in count
    return self.query.get_count(using=self.db)
           ~~~~~~~~~~~~~~~~~~~~^^^^^^^^^^^^^^^
  File "C:\Users\Ammar\OneDrive\Desktop\LMS_project\.venv\Lib\site-packages\django\db\models\sql\query.py", line 646, in get_count
    return obj.get_aggregation(using, {"__count": Count("*")})["__count"]
           ~~~~~~~~~~~~~~~~~~~^^^^^^^^^^^^^^^^^^^^^^^^^^^^^^^^
  File "C:\Users\Ammar\OneDrive\Desktop\LMS_project\.venv\Lib\site-packages\django\db\models\sql\query.py", line 628, in get_aggregation
    result = compiler.execute_sql(SINGLE)
  File "C:\Users\Ammar\OneDrive\Desktop\LMS_project\.venv\Lib\site-packages\django\db\models\sql\compiler.py", line 1623, in execute_sql
    cursor.execute(sql, params)
    ~~~~~~~~~~~~~~^^^^^^^^^^^^^
  File "C:\Users\Ammar\OneDrive\Desktop\LMS_project\.venv\Lib\site-packages\django\db\backends\utils.py", line 122, in execute
    return super().execute(sql, params)
           ~~~~~~~~~~~~~~~^^^^^^^^^^^^^
  File "C:\Users\Ammar\OneDrive\Desktop\LMS_project\.venv\Lib\site-packages\django\db\backends\utils.py", line 79, in execute
    return self._execute_with_wrappers(
           ~~~~~~~~~~~~~~~~~~~~~~~~~~~^
        sql, params, many=False, executor=self._execute
        ^^^^^^^^^^^^^^^^^^^^^^^^^^^^^^^^^^^^^^^^^^^^^^^
    )
    ^
  File "C:\Users\Ammar\OneDrive\Desktop\LMS_project\.venv\Lib\site-packages\django\db\backends\utils.py", line 92, in _execute_with_wrappers
    return executor(sql, params, many, context)
  File "C:\Users\Ammar\OneDrive\Desktop\LMS_project\.venv\Lib\site-packages\django\db\backends\utils.py", line 100, in _execute
    with self.db.wrap_database_errors:
         ^^^^^^^^^^^^^^^^^^^^^^^^^^^^
  File "C:\Users\Ammar\OneDrive\Desktop\LMS_project\.venv\Lib\site-packages\django\db\utils.py", line 91, in __exit__
    raise dj_exc_value.with_traceback(traceback) from exc_value
  File "C:\Users\Ammar\OneDrive\Desktop\LMS_project\.venv\Lib\site-packages\django\db\backends\utils.py", line 105, in _execute
    return self.cursor.execute(sql, params)
           ~~~~~~~~~~~~~~~~~~~^^^^^^^^^^^^^
django.db.utils.ProgrammingError: operator does not exist: uuid = integer
LINE 1: ...U0 WHERE (U0."is_active" AND U0."student_auth_id" = 83)) AND...
                                                             ^
HINT:  No operator matches the given name and argument types. You might need to add explicit type casts.


WARNING 2026-07-16 21:46:02,428 exceptions 5360 4608 API error 401: Given token not valid for any token type
ERROR 2026-07-16 21:47:57,717 exceptions 5360 12988 Unhandled exception: operator does not exist: uuid = integer
LINE 1: ...ent" U0 WHERE (U0."is_active" AND U0."student_id" = 83)) AND...
                                                             ^
HINT:  No operator matches the given name and argument types. You might need to add explicit type casts.

Traceback (most recent call last):
  File "C:\Users\Ammar\OneDrive\Desktop\LMS_project\.venv\Lib\site-packages\django\db\backends\utils.py", line 105, in _execute
    return self.cursor.execute(sql, params)
           ~~~~~~~~~~~~~~~~~~~^^^^^^^^^^^^^
psycopg2.errors.UndefinedFunction: operator does not exist: uuid = integer
LINE 1: ...ent" U0 WHERE (U0."is_active" AND U0."student_id" = 83)) AND...
                                                             ^
HINT:  No operator matches the given name and argument types. You might need to add explicit type casts.


The above exception was the direct cause of the following exception:

Traceback (most recent call last):
  File "C:\Users\Ammar\OneDrive\Desktop\LMS_project\.venv\Lib\site-packages\rest_framework\views.py", line 512, in dispatch
    response = handler(request, *args, **kwargs)
  File "C:\Users\Ammar\OneDrive\Desktop\LMS_project\.venv\Lib\site-packages\rest_framework\generics.py", line 243, in get
    return self.list(request, *args, **kwargs)
           ~~~~~~~~~^^^^^^^^^^^^^^^^^^^^^^^^^^
  File "C:\Users\Ammar\OneDrive\Desktop\LMS_project\apps\announcements\views.py", line 118, in list
    response = super().list(
        request,
        *args,
        **kwargs
    )
  File "C:\Users\Ammar\OneDrive\Desktop\LMS_project\.venv\Lib\site-packages\rest_framework\mixins.py", line 40, in list
    page = self.paginate_queryset(queryset)
  File "C:\Users\Ammar\OneDrive\Desktop\LMS_project\.venv\Lib\site-packages\rest_framework\generics.py", line 175, in paginate_queryset
    return self.paginator.paginate_queryset(queryset, self.request, view=self)
           ~~~~~~~~~~~~~~~~~~~~~~~~~~~~~~~~^^^^^^^^^^^^^^^^^^^^^^^^^^^^^^^^^^^
  File "C:\Users\Ammar\OneDrive\Desktop\LMS_project\.venv\Lib\site-packages\rest_framework\pagination.py", line 202, in paginate_queryset
    self.page = paginator.page(page_number)
                ~~~~~~~~~~~~~~^^^^^^^^^^^^^
  File "C:\Users\Ammar\OneDrive\Desktop\LMS_project\.venv\Lib\site-packages\django\core\paginator.py", line 89, in page
    number = self.validate_number(number)
  File "C:\Users\Ammar\OneDrive\Desktop\LMS_project\.venv\Lib\site-packages\django\core\paginator.py", line 70, in validate_number
    if number > self.num_pages:
                ^^^^^^^^^^^^^^
  File "C:\Users\Ammar\OneDrive\Desktop\LMS_project\.venv\Lib\site-packages\django\utils\functional.py", line 47, in __get__
    res = instance.__dict__[self.name] = self.func(instance)
                                         ~~~~~~~~~^^^^^^^^^^
  File "C:\Users\Ammar\OneDrive\Desktop\LMS_project\.venv\Lib\site-packages\django\core\paginator.py", line 116, in num_pages
    if self.count == 0 and not self.allow_empty_first_page:
       ^^^^^^^^^^
  File "C:\Users\Ammar\OneDrive\Desktop\LMS_project\.venv\Lib\site-packages\django\utils\functional.py", line 47, in __get__
    res = instance.__dict__[self.name] = self.func(instance)
                                         ~~~~~~~~~^^^^^^^^^^
  File "C:\Users\Ammar\OneDrive\Desktop\LMS_project\.venv\Lib\site-packages\django\core\paginator.py", line 110, in count
    return c()
  File "C:\Users\Ammar\OneDrive\Desktop\LMS_project\.venv\Lib\site-packages\django\db\models\query.py", line 606, in count
    return self.query.get_count(using=self.db)
           ~~~~~~~~~~~~~~~~~~~~^^^^^^^^^^^^^^^
  File "C:\Users\Ammar\OneDrive\Desktop\LMS_project\.venv\Lib\site-packages\django\db\models\sql\query.py", line 646, in get_count
    return obj.get_aggregation(using, {"__count": Count("*")})["__count"]
           ~~~~~~~~~~~~~~~~~~~^^^^^^^^^^^^^^^^^^^^^^^^^^^^^^^^
  File "C:\Users\Ammar\OneDrive\Desktop\LMS_project\.venv\Lib\site-packages\django\db\models\sql\query.py", line 628, in get_aggregation
    result = compiler.execute_sql(SINGLE)
  File "C:\Users\Ammar\OneDrive\Desktop\LMS_project\.venv\Lib\site-packages\django\db\models\sql\compiler.py", line 1623, in execute_sql
    cursor.execute(sql, params)
    ~~~~~~~~~~~~~~^^^^^^^^^^^^^
  File "C:\Users\Ammar\OneDrive\Desktop\LMS_project\.venv\Lib\site-packages\django\db\backends\utils.py", line 122, in execute
    return super().execute(sql, params)
           ~~~~~~~~~~~~~~~^^^^^^^^^^^^^
  File "C:\Users\Ammar\OneDrive\Desktop\LMS_project\.venv\Lib\site-packages\django\db\backends\utils.py", line 79, in execute
    return self._execute_with_wrappers(
           ~~~~~~~~~~~~~~~~~~~~~~~~~~~^
        sql, params, many=False, executor=self._execute
        ^^^^^^^^^^^^^^^^^^^^^^^^^^^^^^^^^^^^^^^^^^^^^^^
    )
    ^
  File "C:\Users\Ammar\OneDrive\Desktop\LMS_project\.venv\Lib\site-packages\django\db\backends\utils.py", line 92, in _execute_with_wrappers
    return executor(sql, params, many, context)
  File "C:\Users\Ammar\OneDrive\Desktop\LMS_project\.venv\Lib\site-packages\django\db\backends\utils.py", line 100, in _execute
    with self.db.wrap_database_errors:
         ^^^^^^^^^^^^^^^^^^^^^^^^^^^^
  File "C:\Users\Ammar\OneDrive\Desktop\LMS_project\.venv\Lib\site-packages\django\db\utils.py", line 91, in __exit__
    raise dj_exc_value.with_traceback(traceback) from exc_value
  File "C:\Users\Ammar\OneDrive\Desktop\LMS_project\.venv\Lib\site-packages\django\db\backends\utils.py", line 105, in _execute
    return self.cursor.execute(sql, params)
           ~~~~~~~~~~~~~~~~~~~^^^^^^^^^^^^^
django.db.utils.ProgrammingError: operator does not exist: uuid = integer
LINE 1: ...ent" U0 WHERE (U0."is_active" AND U0."student_id" = 83)) AND...
                                                             ^
HINT:  No operator matches the given name and argument types. You might need to add explicit type casts.


WARNING 2026-07-16 22:19:19,714 exceptions 4504 7000 API error 401: Authentication credentials were not provided.
WARNING 2026-07-16 22:23:34,485 exceptions 4504 12020 API error 403: You do not have permission to perform this action.
WARNING 2026-07-16 22:37:01,778 exceptions 784 18200 API error 400: course: Invalid pk "1" - object does not exist.
WARNING 2026-07-16 22:58:28,524 exceptions 6540 18388 API error 401: Given token not valid for any token type
WARNING 2026-07-16 23:02:09,003 exceptions 6540 12968 API error 401: Given token not valid for any token type
WARNING 2026-07-16 23:03:31,286 exceptions 6540 13872 API error 401: Token is blacklisted
WARNING 2026-07-16 23:08:18,574 exceptions 6540 17632 API error 401: Given token not valid for any token type
WARNING 2026-07-16 23:09:59,233 exceptions 6540 14964 API error 400: title: This field is required.
ERROR 2026-07-16 23:14:18,327 exceptions 10412 19472 Unhandled exception: null value in column "short_description" of relation "courses_course" violates not-null constraint
DETAIL:  Failing row contains (14, Django REST Framework, django-rest-framework, Learn backend API development using Django and DRF., null, , 0.00, null, null, published, 20, null, null, null, null, 2026-07-16 17:44:18.158166+00, 2026-07-16 17:44:18.158188+00, 1, 83, null).

Traceback (most recent call last):
  File "C:\Users\Ammar\OneDrive\Desktop\LMS_project\.venv\Lib\site-packages\django\db\backends\utils.py", line 105, in _execute
    return self.cursor.execute(sql, params)
           ~~~~~~~~~~~~~~~~~~~^^^^^^^^^^^^^
psycopg2.errors.NotNullViolation: null value in column "short_description" of relation "courses_course" violates not-null constraint
DETAIL:  Failing row contains (14, Django REST Framework, django-rest-framework, Learn backend API development using Django and DRF., null, , 0.00, null, null, published, 20, null, null, null, null, 2026-07-16 17:44:18.158166+00, 2026-07-16 17:44:18.158188+00, 1, 83, null).


The above exception was the direct cause of the following exception:

Traceback (most recent call last):
  File "C:\Users\Ammar\OneDrive\Desktop\LMS_project\.venv\Lib\site-packages\rest_framework\views.py", line 512, in dispatch
    response = handler(request, *args, **kwargs)
  File "C:\Users\Ammar\OneDrive\Desktop\LMS_project\.venv\Lib\site-packages\rest_framework\mixins.py", line 19, in create
    self.perform_create(serializer)
    ~~~~~~~~~~~~~~~~~~~^^^^^^^^^^^^
  File "C:\Users\Ammar\OneDrive\Desktop\LMS_project\apps\courses\views.py", line 189, in perform_create
    serializer.save(
    ~~~~~~~~~~~~~~~^
        instructor=self.request.user
        ^^^^^^^^^^^^^^^^^^^^^^^^^^^^
    )
    ^
  File "C:\Users\Ammar\OneDrive\Desktop\LMS_project\.venv\Lib\site-packages\rest_framework\serializers.py", line 210, in save
    self.instance = self.create(validated_data)
                    ~~~~~~~~~~~^^^^^^^^^^^^^^^^
  File "C:\Users\Ammar\OneDrive\Desktop\LMS_project\apps\courses\serializers.py", line 158, in create
    return super().create(
           ~~~~~~~~~~~~~~^
        validated_data
        ^^^^^^^^^^^^^^
    )
    ^
  File "C:\Users\Ammar\OneDrive\Desktop\LMS_project\.venv\Lib\site-packages\rest_framework\serializers.py", line 1011, in create
    instance = ModelClass._default_manager.create(**validated_data)
  File "C:\Users\Ammar\OneDrive\Desktop\LMS_project\.venv\Lib\site-packages\django\db\models\manager.py", line 87, in manager_method
    return getattr(self.get_queryset(), name)(*args, **kwargs)
           ~~~~~~~~~~~~~~~~~~~~~~~~~~~~~~~~~~^^^^^^^^^^^^^^^^^
  File "C:\Users\Ammar\OneDrive\Desktop\LMS_project\.venv\Lib\site-packages\django\db\models\query.py", line 665, in create
    obj.save(force_insert=True, using=self.db)
    ~~~~~~~~^^^^^^^^^^^^^^^^^^^^^^^^^^^^^^^^^^
  File "C:\Users\Ammar\OneDrive\Desktop\LMS_project\.venv\Lib\site-packages\django\db\models\base.py", line 902, in save
    self.save_base(
    ~~~~~~~~~~~~~~^
        using=using,
        ^^^^^^^^^^^^
    ...<2 lines>...
        update_fields=update_fields,
        ^^^^^^^^^^^^^^^^^^^^^^^^^^^^
    )
    ^
  File "C:\Users\Ammar\OneDrive\Desktop\LMS_project\.venv\Lib\site-packages\django\db\models\base.py", line 1008, in save_base
    updated = self._save_table(
        raw,
    ...<4 lines>...
        update_fields,
    )
  File "C:\Users\Ammar\OneDrive\Desktop\LMS_project\.venv\Lib\site-packages\django\db\models\base.py", line 1169, in _save_table
    results = self._do_insert(
        cls._base_manager, using, fields, returning_fields, raw
    )
  File "C:\Users\Ammar\OneDrive\Desktop\LMS_project\.venv\Lib\site-packages\django\db\models\base.py", line 1210, in _do_insert
    return manager._insert(
           ~~~~~~~~~~~~~~~^
        [self],
        ^^^^^^^
    ...<3 lines>...
        raw=raw,
        ^^^^^^^^
    )
    ^
  File "C:\Users\Ammar\OneDrive\Desktop\LMS_project\.venv\Lib\site-packages\django\db\models\manager.py", line 87, in manager_method
    return getattr(self.get_queryset(), name)(*args, **kwargs)
           ~~~~~~~~~~~~~~~~~~~~~~~~~~~~~~~~~~^^^^^^^^^^^^^^^^^
  File "C:\Users\Ammar\OneDrive\Desktop\LMS_project\.venv\Lib\site-packages\django\db\models\query.py", line 1873, in _insert
    return query.get_compiler(using=using).execute_sql(returning_fields)
           ~~~~~~~~~~~~~~~~~~~~~~~~~~~~~~~~~~~~~~~~~~~^^^^^^^^^^^^^^^^^^
  File "C:\Users\Ammar\OneDrive\Desktop\LMS_project\.venv\Lib\site-packages\django\db\models\sql\compiler.py", line 1882, in execute_sql
    cursor.execute(sql, params)
    ~~~~~~~~~~~~~~^^^^^^^^^^^^^
  File "C:\Users\Ammar\OneDrive\Desktop\LMS_project\.venv\Lib\site-packages\django\db\backends\utils.py", line 122, in execute
    return super().execute(sql, params)
           ~~~~~~~~~~~~~~~^^^^^^^^^^^^^
  File "C:\Users\Ammar\OneDrive\Desktop\LMS_project\.venv\Lib\site-packages\django\db\backends\utils.py", line 79, in execute
    return self._execute_with_wrappers(
           ~~~~~~~~~~~~~~~~~~~~~~~~~~~^
        sql, params, many=False, executor=self._execute
        ^^^^^^^^^^^^^^^^^^^^^^^^^^^^^^^^^^^^^^^^^^^^^^^
    )
    ^
  File "C:\Users\Ammar\OneDrive\Desktop\LMS_project\.venv\Lib\site-packages\django\db\backends\utils.py", line 92, in _execute_with_wrappers
    return executor(sql, params, many, context)
  File "C:\Users\Ammar\OneDrive\Desktop\LMS_project\.venv\Lib\site-packages\django\db\backends\utils.py", line 100, in _execute
    with self.db.wrap_database_errors:
         ^^^^^^^^^^^^^^^^^^^^^^^^^^^^
  File "C:\Users\Ammar\OneDrive\Desktop\LMS_project\.venv\Lib\site-packages\django\db\utils.py", line 91, in __exit__
    raise dj_exc_value.with_traceback(traceback) from exc_value
  File "C:\Users\Ammar\OneDrive\Desktop\LMS_project\.venv\Lib\site-packages\django\db\backends\utils.py", line 105, in _execute
    return self.cursor.execute(sql, params)
           ~~~~~~~~~~~~~~~~~~~^^^^^^^^^^^^^
django.db.utils.IntegrityError: null value in column "short_description" of relation "courses_course" violates not-null constraint
DETAIL:  Failing row contains (14, Django REST Framework, django-rest-framework, Learn backend API development using Django and DRF., null, , 0.00, null, null, published, 20, null, null, null, null, 2026-07-16 17:44:18.158166+00, 2026-07-16 17:44:18.158188+00, 1, 83, null).


ERROR 2026-07-16 23:18:40,860 exceptions 18012 5044 Unhandled exception: null value in column "short_description" of relation "courses_course" violates not-null constraint
DETAIL:  Failing row contains (15, Django REST Framework, django-rest-framework, Learn backend API development using Django and DRF., null, , 0.00, null, null, published, 20, null, null, null, null, 2026-07-16 17:48:40.738774+00, 2026-07-16 17:48:40.738815+00, 1, 83, null).

Traceback (most recent call last):
  File "C:\Users\Ammar\OneDrive\Desktop\LMS_project\.venv\Lib\site-packages\django\db\backends\utils.py", line 105, in _execute
    return self.cursor.execute(sql, params)
           ~~~~~~~~~~~~~~~~~~~^^^^^^^^^^^^^
psycopg2.errors.NotNullViolation: null value in column "short_description" of relation "courses_course" violates not-null constraint
DETAIL:  Failing row contains (15, Django REST Framework, django-rest-framework, Learn backend API development using Django and DRF., null, , 0.00, null, null, published, 20, null, null, null, null, 2026-07-16 17:48:40.738774+00, 2026-07-16 17:48:40.738815+00, 1, 83, null).


The above exception was the direct cause of the following exception:

Traceback (most recent call last):
  File "C:\Users\Ammar\OneDrive\Desktop\LMS_project\.venv\Lib\site-packages\rest_framework\views.py", line 512, in dispatch
    response = handler(request, *args, **kwargs)
  File "C:\Users\Ammar\OneDrive\Desktop\LMS_project\.venv\Lib\site-packages\rest_framework\mixins.py", line 19, in create
    self.perform_create(serializer)
    ~~~~~~~~~~~~~~~~~~~^^^^^^^^^^^^
  File "C:\Users\Ammar\OneDrive\Desktop\LMS_project\apps\courses\views.py", line 189, in perform_create
    serializer.save(
    ~~~~~~~~~~~~~~~^
        instructor=self.request.user
        ^^^^^^^^^^^^^^^^^^^^^^^^^^^^
    )
    ^
  File "C:\Users\Ammar\OneDrive\Desktop\LMS_project\.venv\Lib\site-packages\rest_framework\serializers.py", line 210, in save
    self.instance = self.create(validated_data)
                    ~~~~~~~~~~~^^^^^^^^^^^^^^^^
  File "C:\Users\Ammar\OneDrive\Desktop\LMS_project\apps\courses\serializers.py", line 152, in create
    return Course.objects.create(
           ~~~~~~~~~~~~~~~~~~~~~^
        **validated_data
        ^^^^^^^^^^^^^^^^
    )
    ^
  File "C:\Users\Ammar\OneDrive\Desktop\LMS_project\.venv\Lib\site-packages\django\db\models\manager.py", line 87, in manager_method
    return getattr(self.get_queryset(), name)(*args, **kwargs)
           ~~~~~~~~~~~~~~~~~~~~~~~~~~~~~~~~~~^^^^^^^^^^^^^^^^^
  File "C:\Users\Ammar\OneDrive\Desktop\LMS_project\.venv\Lib\site-packages\django\db\models\query.py", line 665, in create
    obj.save(force_insert=True, using=self.db)
    ~~~~~~~~^^^^^^^^^^^^^^^^^^^^^^^^^^^^^^^^^^
  File "C:\Users\Ammar\OneDrive\Desktop\LMS_project\.venv\Lib\site-packages\django\db\models\base.py", line 902, in save
    self.save_base(
    ~~~~~~~~~~~~~~^
        using=using,
        ^^^^^^^^^^^^
    ...<2 lines>...
        update_fields=update_fields,
        ^^^^^^^^^^^^^^^^^^^^^^^^^^^^
    )
    ^
  File "C:\Users\Ammar\OneDrive\Desktop\LMS_project\.venv\Lib\site-packages\django\db\models\base.py", line 1008, in save_base
    updated = self._save_table(
        raw,
    ...<4 lines>...
        update_fields,
    )
  File "C:\Users\Ammar\OneDrive\Desktop\LMS_project\.venv\Lib\site-packages\django\db\models\base.py", line 1169, in _save_table
    results = self._do_insert(
        cls._base_manager, using, fields, returning_fields, raw
    )
  File "C:\Users\Ammar\OneDrive\Desktop\LMS_project\.venv\Lib\site-packages\django\db\models\base.py", line 1210, in _do_insert
    return manager._insert(
           ~~~~~~~~~~~~~~~^
        [self],
        ^^^^^^^
    ...<3 lines>...
        raw=raw,
        ^^^^^^^^
    )
    ^
  File "C:\Users\Ammar\OneDrive\Desktop\LMS_project\.venv\Lib\site-packages\django\db\models\manager.py", line 87, in manager_method
    return getattr(self.get_queryset(), name)(*args, **kwargs)
           ~~~~~~~~~~~~~~~~~~~~~~~~~~~~~~~~~~^^^^^^^^^^^^^^^^^
  File "C:\Users\Ammar\OneDrive\Desktop\LMS_project\.venv\Lib\site-packages\django\db\models\query.py", line 1873, in _insert
    return query.get_compiler(using=using).execute_sql(returning_fields)
           ~~~~~~~~~~~~~~~~~~~~~~~~~~~~~~~~~~~~~~~~~~~^^^^^^^^^^^^^^^^^^
  File "C:\Users\Ammar\OneDrive\Desktop\LMS_project\.venv\Lib\site-packages\django\db\models\sql\compiler.py", line 1882, in execute_sql
    cursor.execute(sql, params)
    ~~~~~~~~~~~~~~^^^^^^^^^^^^^
  File "C:\Users\Ammar\OneDrive\Desktop\LMS_project\.venv\Lib\site-packages\django\db\backends\utils.py", line 122, in execute
    return super().execute(sql, params)
           ~~~~~~~~~~~~~~~^^^^^^^^^^^^^
  File "C:\Users\Ammar\OneDrive\Desktop\LMS_project\.venv\Lib\site-packages\django\db\backends\utils.py", line 79, in execute
    return self._execute_with_wrappers(
           ~~~~~~~~~~~~~~~~~~~~~~~~~~~^
        sql, params, many=False, executor=self._execute
        ^^^^^^^^^^^^^^^^^^^^^^^^^^^^^^^^^^^^^^^^^^^^^^^
    )
    ^
  File "C:\Users\Ammar\OneDrive\Desktop\LMS_project\.venv\Lib\site-packages\django\db\backends\utils.py", line 92, in _execute_with_wrappers
    return executor(sql, params, many, context)
  File "C:\Users\Ammar\OneDrive\Desktop\LMS_project\.venv\Lib\site-packages\django\db\backends\utils.py", line 100, in _execute
    with self.db.wrap_database_errors:
         ^^^^^^^^^^^^^^^^^^^^^^^^^^^^
  File "C:\Users\Ammar\OneDrive\Desktop\LMS_project\.venv\Lib\site-packages\django\db\utils.py", line 91, in __exit__
    raise dj_exc_value.with_traceback(traceback) from exc_value
  File "C:\Users\Ammar\OneDrive\Desktop\LMS_project\.venv\Lib\site-packages\django\db\backends\utils.py", line 105, in _execute
    return self.cursor.execute(sql, params)
           ~~~~~~~~~~~~~~~~~~~^^^^^^^^^^^^^
django.db.utils.IntegrityError: null value in column "short_description" of relation "courses_course" violates not-null constraint
DETAIL:  Failing row contains (15, Django REST Framework, django-rest-framework, Learn backend API development using Django and DRF., null, , 0.00, null, null, published, 20, null, null, null, null, 2026-07-16 17:48:40.738774+00, 2026-07-16 17:48:40.738815+00, 1, 83, null).


ERROR 2026-07-16 23:21:04,561 exceptions 18544 8896 Unhandled exception: null value in column "is_free" of relation "courses_course" violates not-null constraint
DETAIL:  Failing row contains (16, Django REST Framework, django-rest-framework, Learn backend API development using Django and DRF., , , 0.00, null, null, published, 20, null, , , null, 2026-07-16 17:51:04.461487+00, 2026-07-16 17:51:04.461528+00, 1, 83, null).

Traceback (most recent call last):
  File "C:\Users\Ammar\OneDrive\Desktop\LMS_project\.venv\Lib\site-packages\django\db\backends\utils.py", line 105, in _execute
    return self.cursor.execute(sql, params)
           ~~~~~~~~~~~~~~~~~~~^^^^^^^^^^^^^
psycopg2.errors.NotNullViolation: null value in column "is_free" of relation "courses_course" violates not-null constraint
DETAIL:  Failing row contains (16, Django REST Framework, django-rest-framework, Learn backend API development using Django and DRF., , , 0.00, null, null, published, 20, null, , , null, 2026-07-16 17:51:04.461487+00, 2026-07-16 17:51:04.461528+00, 1, 83, null).


The above exception was the direct cause of the following exception:

Traceback (most recent call last):
  File "C:\Users\Ammar\OneDrive\Desktop\LMS_project\.venv\Lib\site-packages\rest_framework\views.py", line 512, in dispatch
    response = handler(request, *args, **kwargs)
  File "C:\Users\Ammar\OneDrive\Desktop\LMS_project\.venv\Lib\site-packages\rest_framework\mixins.py", line 19, in create
    self.perform_create(serializer)
    ~~~~~~~~~~~~~~~~~~~^^^^^^^^^^^^
  File "C:\Users\Ammar\OneDrive\Desktop\LMS_project\apps\courses\views.py", line 189, in perform_create
    serializer.save(
    ~~~~~~~~~~~~~~~^
        instructor=self.request.user
        ^^^^^^^^^^^^^^^^^^^^^^^^^^^^
    )
    ^
  File "C:\Users\Ammar\OneDrive\Desktop\LMS_project\.venv\Lib\site-packages\rest_framework\serializers.py", line 210, in save
    self.instance = self.create(validated_data)
                    ~~~~~~~~~~~^^^^^^^^^^^^^^^^
  File "C:\Users\Ammar\OneDrive\Desktop\LMS_project\apps\courses\serializers.py", line 152, in create
    return Course.objects.create(
           ~~~~~~~~~~~~~~~~~~~~~^
        **validated_data
        ^^^^^^^^^^^^^^^^
    )
    ^
  File "C:\Users\Ammar\OneDrive\Desktop\LMS_project\.venv\Lib\site-packages\django\db\models\manager.py", line 87, in manager_method
    return getattr(self.get_queryset(), name)(*args, **kwargs)
           ~~~~~~~~~~~~~~~~~~~~~~~~~~~~~~~~~~^^^^^^^^^^^^^^^^^
  File "C:\Users\Ammar\OneDrive\Desktop\LMS_project\.venv\Lib\site-packages\django\db\models\query.py", line 665, in create
    obj.save(force_insert=True, using=self.db)
    ~~~~~~~~^^^^^^^^^^^^^^^^^^^^^^^^^^^^^^^^^^
  File "C:\Users\Ammar\OneDrive\Desktop\LMS_project\apps\courses\models.py", line 153, in save
    super().save(*args, **kwargs)
    ~~~~~~~~~~~~^^^^^^^^^^^^^^^^^
  File "C:\Users\Ammar\OneDrive\Desktop\LMS_project\.venv\Lib\site-packages\django\db\models\base.py", line 902, in save
    self.save_base(
    ~~~~~~~~~~~~~~^
        using=using,
        ^^^^^^^^^^^^
    ...<2 lines>...
        update_fields=update_fields,
        ^^^^^^^^^^^^^^^^^^^^^^^^^^^^
    )
    ^
  File "C:\Users\Ammar\OneDrive\Desktop\LMS_project\.venv\Lib\site-packages\django\db\models\base.py", line 1008, in save_base
    updated = self._save_table(
        raw,
    ...<4 lines>...
        update_fields,
    )
  File "C:\Users\Ammar\OneDrive\Desktop\LMS_project\.venv\Lib\site-packages\django\db\models\base.py", line 1169, in _save_table
    results = self._do_insert(
        cls._base_manager, using, fields, returning_fields, raw
    )
  File "C:\Users\Ammar\OneDrive\Desktop\LMS_project\.venv\Lib\site-packages\django\db\models\base.py", line 1210, in _do_insert
    return manager._insert(
           ~~~~~~~~~~~~~~~^
        [self],
        ^^^^^^^
    ...<3 lines>...
        raw=raw,
        ^^^^^^^^
    )
    ^
  File "C:\Users\Ammar\OneDrive\Desktop\LMS_project\.venv\Lib\site-packages\django\db\models\manager.py", line 87, in manager_method
    return getattr(self.get_queryset(), name)(*args, **kwargs)
           ~~~~~~~~~~~~~~~~~~~~~~~~~~~~~~~~~~^^^^^^^^^^^^^^^^^
  File "C:\Users\Ammar\OneDrive\Desktop\LMS_project\.venv\Lib\site-packages\django\db\models\query.py", line 1873, in _insert
    return query.get_compiler(using=using).execute_sql(returning_fields)
           ~~~~~~~~~~~~~~~~~~~~~~~~~~~~~~~~~~~~~~~~~~~^^^^^^^^^^^^^^^^^^
  File "C:\Users\Ammar\OneDrive\Desktop\LMS_project\.venv\Lib\site-packages\django\db\models\sql\compiler.py", line 1882, in execute_sql
    cursor.execute(sql, params)
    ~~~~~~~~~~~~~~^^^^^^^^^^^^^
  File "C:\Users\Ammar\OneDrive\Desktop\LMS_project\.venv\Lib\site-packages\django\db\backends\utils.py", line 122, in execute
    return super().execute(sql, params)
           ~~~~~~~~~~~~~~~^^^^^^^^^^^^^
  File "C:\Users\Ammar\OneDrive\Desktop\LMS_project\.venv\Lib\site-packages\django\db\backends\utils.py", line 79, in execute
    return self._execute_with_wrappers(
           ~~~~~~~~~~~~~~~~~~~~~~~~~~~^
        sql, params, many=False, executor=self._execute
        ^^^^^^^^^^^^^^^^^^^^^^^^^^^^^^^^^^^^^^^^^^^^^^^
    )
    ^
  File "C:\Users\Ammar\OneDrive\Desktop\LMS_project\.venv\Lib\site-packages\django\db\backends\utils.py", line 92, in _execute_with_wrappers
    return executor(sql, params, many, context)
  File "C:\Users\Ammar\OneDrive\Desktop\LMS_project\.venv\Lib\site-packages\django\db\backends\utils.py", line 100, in _execute
    with self.db.wrap_database_errors:
         ^^^^^^^^^^^^^^^^^^^^^^^^^^^^
  File "C:\Users\Ammar\OneDrive\Desktop\LMS_project\.venv\Lib\site-packages\django\db\utils.py", line 91, in __exit__
    raise dj_exc_value.with_traceback(traceback) from exc_value
  File "C:\Users\Ammar\OneDrive\Desktop\LMS_project\.venv\Lib\site-packages\django\db\backends\utils.py", line 105, in _execute
    return self.cursor.execute(sql, params)
           ~~~~~~~~~~~~~~~~~~~^^^^^^^^^^^^^
django.db.utils.IntegrityError: null value in column "is_free" of relation "courses_course" violates not-null constraint
DETAIL:  Failing row contains (16, Django REST Framework, django-rest-framework, Learn backend API development using Django and DRF., , , 0.00, null, null, published, 20, null, , , null, 2026-07-16 17:51:04.461487+00, 2026-07-16 17:51:04.461528+00, 1, 83, null).


ERROR 2026-07-16 23:26:29,807 exceptions 21580 21668 Unhandled exception: null value in column "level" of relation "courses_course" violates not-null constraint
DETAIL:  Failing row contains (17, Django REST Framework, django-rest-framework, Learn backend API development using Django and DRF., , , 0.00, f, null, published, 20, null, , , null, 2026-07-16 17:56:29.710941+00, 2026-07-16 17:56:29.710961+00, 1, 83, null).

Traceback (most recent call last):
  File "C:\Users\Ammar\OneDrive\Desktop\LMS_project\.venv\Lib\site-packages\django\db\backends\utils.py", line 105, in _execute
    return self.cursor.execute(sql, params)
           ~~~~~~~~~~~~~~~~~~~^^^^^^^^^^^^^
psycopg2.errors.NotNullViolation: null value in column "level" of relation "courses_course" violates not-null constraint
DETAIL:  Failing row contains (17, Django REST Framework, django-rest-framework, Learn backend API development using Django and DRF., , , 0.00, f, null, published, 20, null, , , null, 2026-07-16 17:56:29.710941+00, 2026-07-16 17:56:29.710961+00, 1, 83, null).


The above exception was the direct cause of the following exception:

Traceback (most recent call last):
  File "C:\Users\Ammar\OneDrive\Desktop\LMS_project\.venv\Lib\site-packages\rest_framework\views.py", line 512, in dispatch
    response = handler(request, *args, **kwargs)
  File "C:\Users\Ammar\OneDrive\Desktop\LMS_project\.venv\Lib\site-packages\rest_framework\mixins.py", line 19, in create
    self.perform_create(serializer)
    ~~~~~~~~~~~~~~~~~~~^^^^^^^^^^^^
  File "C:\Users\Ammar\OneDrive\Desktop\LMS_project\apps\courses\views.py", line 189, in perform_create
    serializer.save(
    ~~~~~~~~~~~~~~~^
        instructor=self.request.user
        ^^^^^^^^^^^^^^^^^^^^^^^^^^^^
    )
    ^
  File "C:\Users\Ammar\OneDrive\Desktop\LMS_project\.venv\Lib\site-packages\rest_framework\serializers.py", line 210, in save
    self.instance = self.create(validated_data)
                    ~~~~~~~~~~~^^^^^^^^^^^^^^^^
  File "C:\Users\Ammar\OneDrive\Desktop\LMS_project\apps\courses\serializers.py", line 152, in create
    return Course.objects.create(
           ~~~~~~~~~~~~~~~~~~~~~^
        **validated_data
        ^^^^^^^^^^^^^^^^
    )
    ^
  File "C:\Users\Ammar\OneDrive\Desktop\LMS_project\.venv\Lib\site-packages\django\db\models\manager.py", line 87, in manager_method
    return getattr(self.get_queryset(), name)(*args, **kwargs)
           ~~~~~~~~~~~~~~~~~~~~~~~~~~~~~~~~~~^^^^^^^^^^^^^^^^^
  File "C:\Users\Ammar\OneDrive\Desktop\LMS_project\.venv\Lib\site-packages\django\db\models\query.py", line 665, in create
    obj.save(force_insert=True, using=self.db)
    ~~~~~~~~^^^^^^^^^^^^^^^^^^^^^^^^^^^^^^^^^^
  File "C:\Users\Ammar\OneDrive\Desktop\LMS_project\apps\courses\models.py", line 157, in save
    super().save(*args, **kwargs)
    ~~~~~~~~~~~~^^^^^^^^^^^^^^^^^
  File "C:\Users\Ammar\OneDrive\Desktop\LMS_project\.venv\Lib\site-packages\django\db\models\base.py", line 902, in save
    self.save_base(
    ~~~~~~~~~~~~~~^
        using=using,
        ^^^^^^^^^^^^
    ...<2 lines>...
        update_fields=update_fields,
        ^^^^^^^^^^^^^^^^^^^^^^^^^^^^
    )
    ^
  File "C:\Users\Ammar\OneDrive\Desktop\LMS_project\.venv\Lib\site-packages\django\db\models\base.py", line 1008, in save_base
    updated = self._save_table(
        raw,
    ...<4 lines>...
        update_fields,
    )
  File "C:\Users\Ammar\OneDrive\Desktop\LMS_project\.venv\Lib\site-packages\django\db\models\base.py", line 1169, in _save_table
    results = self._do_insert(
        cls._base_manager, using, fields, returning_fields, raw
    )
  File "C:\Users\Ammar\OneDrive\Desktop\LMS_project\.venv\Lib\site-packages\django\db\models\base.py", line 1210, in _do_insert
    return manager._insert(
           ~~~~~~~~~~~~~~~^
        [self],
        ^^^^^^^
    ...<3 lines>...
        raw=raw,
        ^^^^^^^^
    )
    ^
  File "C:\Users\Ammar\OneDrive\Desktop\LMS_project\.venv\Lib\site-packages\django\db\models\manager.py", line 87, in manager_method
    return getattr(self.get_queryset(), name)(*args, **kwargs)
           ~~~~~~~~~~~~~~~~~~~~~~~~~~~~~~~~~~^^^^^^^^^^^^^^^^^
  File "C:\Users\Ammar\OneDrive\Desktop\LMS_project\.venv\Lib\site-packages\django\db\models\query.py", line 1873, in _insert
    return query.get_compiler(using=using).execute_sql(returning_fields)
           ~~~~~~~~~~~~~~~~~~~~~~~~~~~~~~~~~~~~~~~~~~~^^^^^^^^^^^^^^^^^^
  File "C:\Users\Ammar\OneDrive\Desktop\LMS_project\.venv\Lib\site-packages\django\db\models\sql\compiler.py", line 1882, in execute_sql
    cursor.execute(sql, params)
    ~~~~~~~~~~~~~~^^^^^^^^^^^^^
  File "C:\Users\Ammar\OneDrive\Desktop\LMS_project\.venv\Lib\site-packages\django\db\backends\utils.py", line 122, in execute
    return super().execute(sql, params)
           ~~~~~~~~~~~~~~~^^^^^^^^^^^^^
  File "C:\Users\Ammar\OneDrive\Desktop\LMS_project\.venv\Lib\site-packages\django\db\backends\utils.py", line 79, in execute
    return self._execute_with_wrappers(
           ~~~~~~~~~~~~~~~~~~~~~~~~~~~^
        sql, params, many=False, executor=self._execute
        ^^^^^^^^^^^^^^^^^^^^^^^^^^^^^^^^^^^^^^^^^^^^^^^
    )
    ^
  File "C:\Users\Ammar\OneDrive\Desktop\LMS_project\.venv\Lib\site-packages\django\db\backends\utils.py", line 92, in _execute_with_wrappers
    return executor(sql, params, many, context)
  File "C:\Users\Ammar\OneDrive\Desktop\LMS_project\.venv\Lib\site-packages\django\db\backends\utils.py", line 100, in _execute
    with self.db.wrap_database_errors:
         ^^^^^^^^^^^^^^^^^^^^^^^^^^^^
  File "C:\Users\Ammar\OneDrive\Desktop\LMS_project\.venv\Lib\site-packages\django\db\utils.py", line 91, in __exit__
    raise dj_exc_value.with_traceback(traceback) from exc_value
  File "C:\Users\Ammar\OneDrive\Desktop\LMS_project\.venv\Lib\site-packages\django\db\backends\utils.py", line 105, in _execute
    return self.cursor.execute(sql, params)
           ~~~~~~~~~~~~~~~~~~~^^^^^^^^^^^^^
django.db.utils.IntegrityError: null value in column "level" of relation "courses_course" violates not-null constraint
DETAIL:  Failing row contains (17, Django REST Framework, django-rest-framework, Learn backend API development using Django and DRF., , , 0.00, f, null, published, 20, null, , , null, 2026-07-16 17:56:29.710941+00, 2026-07-16 17:56:29.710961+00, 1, 83, null).


ERROR 2026-07-16 23:31:23,544 exceptions 18824 17064 Unhandled exception: null value in column "max_students" of relation "courses_course" violates not-null constraint
DETAIL:  Failing row contains (18, Django REST Framework, django-rest-framework, Learn backend API development using Django and DRF., , , 0.00, f, beginner, published, 20, null, , , null, 2026-07-16 18:01:23.418481+00, 2026-07-16 18:01:23.418506+00, 1, 83, null).

Traceback (most recent call last):
  File "C:\Users\Ammar\OneDrive\Desktop\LMS_project\.venv\Lib\site-packages\django\db\backends\utils.py", line 105, in _execute
    return self.cursor.execute(sql, params)
           ~~~~~~~~~~~~~~~~~~~^^^^^^^^^^^^^
psycopg2.errors.NotNullViolation: null value in column "max_students" of relation "courses_course" violates not-null constraint
DETAIL:  Failing row contains (18, Django REST Framework, django-rest-framework, Learn backend API development using Django and DRF., , , 0.00, f, beginner, published, 20, null, , , null, 2026-07-16 18:01:23.418481+00, 2026-07-16 18:01:23.418506+00, 1, 83, null).


The above exception was the direct cause of the following exception:

Traceback (most recent call last):
  File "C:\Users\Ammar\OneDrive\Desktop\LMS_project\.venv\Lib\site-packages\rest_framework\views.py", line 512, in dispatch
    response = handler(request, *args, **kwargs)
  File "C:\Users\Ammar\OneDrive\Desktop\LMS_project\.venv\Lib\site-packages\rest_framework\mixins.py", line 19, in create
    self.perform_create(serializer)
    ~~~~~~~~~~~~~~~~~~~^^^^^^^^^^^^
  File "C:\Users\Ammar\OneDrive\Desktop\LMS_project\apps\courses\views.py", line 189, in perform_create
    serializer.save(
    ~~~~~~~~~~~~~~~^
        instructor=self.request.user
        ^^^^^^^^^^^^^^^^^^^^^^^^^^^^
    )
    ^
  File "C:\Users\Ammar\OneDrive\Desktop\LMS_project\.venv\Lib\site-packages\rest_framework\serializers.py", line 210, in save
    self.instance = self.create(validated_data)
                    ~~~~~~~~~~~^^^^^^^^^^^^^^^^
  File "C:\Users\Ammar\OneDrive\Desktop\LMS_project\apps\courses\serializers.py", line 162, in create
    return Course.objects.create(
           ~~~~~~~~~~~~~~~~~~~~~^
        **validated_data
        ^^^^^^^^^^^^^^^^
    )
    ^
  File "C:\Users\Ammar\OneDrive\Desktop\LMS_project\.venv\Lib\site-packages\django\db\models\manager.py", line 87, in manager_method
    return getattr(self.get_queryset(), name)(*args, **kwargs)
           ~~~~~~~~~~~~~~~~~~~~~~~~~~~~~~~~~~^^^^^^^^^^^^^^^^^
  File "C:\Users\Ammar\OneDrive\Desktop\LMS_project\.venv\Lib\site-packages\django\db\models\query.py", line 665, in create
    obj.save(force_insert=True, using=self.db)
    ~~~~~~~~^^^^^^^^^^^^^^^^^^^^^^^^^^^^^^^^^^
  File "C:\Users\Ammar\OneDrive\Desktop\LMS_project\apps\courses\models.py", line 185, in save
    super().save(*args, **kwargs)
    ~~~~~~~~~~~~^^^^^^^^^^^^^^^^^
  File "C:\Users\Ammar\OneDrive\Desktop\LMS_project\.venv\Lib\site-packages\django\db\models\base.py", line 902, in save
    self.save_base(
    ~~~~~~~~~~~~~~^
        using=using,
        ^^^^^^^^^^^^
    ...<2 lines>...
        update_fields=update_fields,
        ^^^^^^^^^^^^^^^^^^^^^^^^^^^^
    )
    ^
  File "C:\Users\Ammar\OneDrive\Desktop\LMS_project\.venv\Lib\site-packages\django\db\models\base.py", line 1008, in save_base
    updated = self._save_table(
        raw,
    ...<4 lines>...
        update_fields,
    )
  File "C:\Users\Ammar\OneDrive\Desktop\LMS_project\.venv\Lib\site-packages\django\db\models\base.py", line 1169, in _save_table
    results = self._do_insert(
        cls._base_manager, using, fields, returning_fields, raw
    )
  File "C:\Users\Ammar\OneDrive\Desktop\LMS_project\.venv\Lib\site-packages\django\db\models\base.py", line 1210, in _do_insert
    return manager._insert(
           ~~~~~~~~~~~~~~~^
        [self],
        ^^^^^^^
    ...<3 lines>...
        raw=raw,
        ^^^^^^^^
    )
    ^
  File "C:\Users\Ammar\OneDrive\Desktop\LMS_project\.venv\Lib\site-packages\django\db\models\manager.py", line 87, in manager_method
    return getattr(self.get_queryset(), name)(*args, **kwargs)
           ~~~~~~~~~~~~~~~~~~~~~~~~~~~~~~~~~~^^^^^^^^^^^^^^^^^
  File "C:\Users\Ammar\OneDrive\Desktop\LMS_project\.venv\Lib\site-packages\django\db\models\query.py", line 1873, in _insert
    return query.get_compiler(using=using).execute_sql(returning_fields)
           ~~~~~~~~~~~~~~~~~~~~~~~~~~~~~~~~~~~~~~~~~~~^^^^^^^^^^^^^^^^^^
  File "C:\Users\Ammar\OneDrive\Desktop\LMS_project\.venv\Lib\site-packages\django\db\models\sql\compiler.py", line 1882, in execute_sql
    cursor.execute(sql, params)
    ~~~~~~~~~~~~~~^^^^^^^^^^^^^
  File "C:\Users\Ammar\OneDrive\Desktop\LMS_project\.venv\Lib\site-packages\django\db\backends\utils.py", line 122, in execute
    return super().execute(sql, params)
           ~~~~~~~~~~~~~~~^^^^^^^^^^^^^
  File "C:\Users\Ammar\OneDrive\Desktop\LMS_project\.venv\Lib\site-packages\django\db\backends\utils.py", line 79, in execute
    return self._execute_with_wrappers(
           ~~~~~~~~~~~~~~~~~~~~~~~~~~~^
        sql, params, many=False, executor=self._execute
        ^^^^^^^^^^^^^^^^^^^^^^^^^^^^^^^^^^^^^^^^^^^^^^^
    )
    ^
  File "C:\Users\Ammar\OneDrive\Desktop\LMS_project\.venv\Lib\site-packages\django\db\backends\utils.py", line 92, in _execute_with_wrappers
    return executor(sql, params, many, context)
  File "C:\Users\Ammar\OneDrive\Desktop\LMS_project\.venv\Lib\site-packages\django\db\backends\utils.py", line 100, in _execute
    with self.db.wrap_database_errors:
         ^^^^^^^^^^^^^^^^^^^^^^^^^^^^
  File "C:\Users\Ammar\OneDrive\Desktop\LMS_project\.venv\Lib\site-packages\django\db\utils.py", line 91, in __exit__
    raise dj_exc_value.with_traceback(traceback) from exc_value
  File "C:\Users\Ammar\OneDrive\Desktop\LMS_project\.venv\Lib\site-packages\django\db\backends\utils.py", line 105, in _execute
    return self.cursor.execute(sql, params)
           ~~~~~~~~~~~~~~~~~~~^^^^^^^^^^^^^
django.db.utils.IntegrityError: null value in column "max_students" of relation "courses_course" violates not-null constraint
DETAIL:  Failing row contains (18, Django REST Framework, django-rest-framework, Learn backend API development using Django and DRF., , , 0.00, f, beginner, published, 20, null, , , null, 2026-07-16 18:01:23.418481+00, 2026-07-16 18:01:23.418506+00, 1, 83, null).


ERROR 2026-07-16 23:35:16,239 exceptions 4396 18028 Unhandled exception: Field name `max_students` is not valid for model `Course` in `apps.courses.serializers.CourseCreateUpdateSerializer`.
Traceback (most recent call last):
  File "C:\Users\Ammar\OneDrive\Desktop\LMS_project\.venv\Lib\site-packages\rest_framework\views.py", line 512, in dispatch
    response = handler(request, *args, **kwargs)
  File "C:\Users\Ammar\OneDrive\Desktop\LMS_project\.venv\Lib\site-packages\rest_framework\mixins.py", line 18, in create
    serializer.is_valid(raise_exception=True)
    ~~~~~~~~~~~~~~~~~~~^^^^^^^^^^^^^^^^^^^^^^
  File "C:\Users\Ammar\OneDrive\Desktop\LMS_project\.venv\Lib\site-packages\rest_framework\serializers.py", line 225, in is_valid
    self._validated_data = self.run_validation(self.initial_data)
                           ~~~~~~~~~~~~~~~~~~~^^^^^^^^^^^^^^^^^^^
  File "C:\Users\Ammar\OneDrive\Desktop\LMS_project\.venv\Lib\site-packages\rest_framework\serializers.py", line 456, in run_validation
    value = self.to_internal_value(data)
  File "C:\Users\Ammar\OneDrive\Desktop\LMS_project\.venv\Lib\site-packages\rest_framework\serializers.py", line 509, in to_internal_value
    for field in fields:
                 ^^^^^^
  File "C:\Users\Ammar\OneDrive\Desktop\LMS_project\.venv\Lib\site-packages\rest_framework\serializers.py", line 392, in _writable_fields
    for field in self.fields.values():
                 ^^^^^^^^^^^
  File "C:\Users\Ammar\OneDrive\Desktop\LMS_project\.venv\Lib\site-packages\django\utils\functional.py", line 47, in __get__
    res = instance.__dict__[self.name] = self.func(instance)
                                         ~~~~~~~~~^^^^^^^^^^
  File "C:\Users\Ammar\OneDrive\Desktop\LMS_project\.venv\Lib\site-packages\rest_framework\serializers.py", line 386, in fields
    for key, value in self.get_fields().items():
                      ~~~~~~~~~~~~~~~^^
  File "C:\Users\Ammar\OneDrive\Desktop\LMS_project\.venv\Lib\site-packages\rest_framework\serializers.py", line 1132, in get_fields
    field_class, field_kwargs = self.build_field(
                                ~~~~~~~~~~~~~~~~^
        source, info, model, depth
        ^^^^^^^^^^^^^^^^^^^^^^^^^^
    )
    ^
  File "C:\Users\Ammar\OneDrive\Desktop\LMS_project\.venv\Lib\site-packages\rest_framework\serializers.py", line 1278, in build_field
    return self.build_unknown_field(field_name, model_class)
           ~~~~~~~~~~~~~~~~~~~~~~~~^^^^^^^^^^^^^^^^^^^^^^^^^
  File "C:\Users\Ammar\OneDrive\Desktop\LMS_project\.venv\Lib\site-packages\rest_framework\serializers.py", line 1396, in build_unknown_field
    raise ImproperlyConfigured(
    ...<2 lines>...
    )
django.core.exceptions.ImproperlyConfigured: Field name `max_students` is not valid for model `Course` in `apps.courses.serializers.CourseCreateUpdateSerializer`.

WARNING 2026-07-16 23:42:45,079 exceptions 18956 14480 API error 401: Given token not valid for any token type
WARNING 2026-07-21 21:04:29,827 exceptions 9380 7120 API error 401: Given token not valid for any token type
WARNING 2026-07-21 21:06:03,483 exceptions 9380 14148 API error 401: Given token not valid for any token type
WARNING 2026-07-21 21:14:13,799 exceptions 9380 2452 API error 401: Given token not valid for any token type
ERROR 2026-07-21 21:16:15,817 exceptions 9380 16896 Unhandled exception: column courses_enrollment.status does not exist
LINE 1: ..."."student_id", "courses_enrollment"."course_id", "courses_e...
                                                             ^

Traceback (most recent call last):
  File "C:\Users\Ammar\OneDrive\Desktop\LMS_project\.venv\Lib\site-packages\django\db\backends\utils.py", line 105, in _execute
    return self.cursor.execute(sql, params)
           ~~~~~~~~~~~~~~~~~~~^^^^^^^^^^^^^
psycopg2.errors.UndefinedColumn: column courses_enrollment.status does not exist
LINE 1: ..."."student_id", "courses_enrollment"."course_id", "courses_e...
                                                             ^


The above exception was the direct cause of the following exception:

Traceback (most recent call last):
  File "C:\Users\Ammar\OneDrive\Desktop\LMS_project\.venv\Lib\site-packages\rest_framework\views.py", line 512, in dispatch
    response = handler(request, *args, **kwargs)
  File "C:\Users\Ammar\OneDrive\Desktop\LMS_project\apps\enrollments\views.py", line 54, in post
    enrollment = EnrollmentService.enroll(
        request.user,
        course
    )
  File "C:\Program Files\WindowsApps\PythonSoftwareFoundation.Python.3.13_3.13.3824.0_x64__qbz5n2kfra8p0\Lib\contextlib.py", line 85, in inner
    return func(*args, **kwds)
  File "C:\Users\Ammar\OneDrive\Desktop\LMS_project\apps\enrollments\services.py", line 20, in enroll
    ).first()
      ~~~~~^^
  File "C:\Users\Ammar\OneDrive\Desktop\LMS_project\.venv\Lib\site-packages\django\db\models\query.py", line 1106, in first
    for obj in queryset[:1]:
               ~~~~~~~~^^^^
  File "C:\Users\Ammar\OneDrive\Desktop\LMS_project\.venv\Lib\site-packages\django\db\models\query.py", line 386, in __iter__
    self._fetch_all()
    ~~~~~~~~~~~~~~~^^
  File "C:\Users\Ammar\OneDrive\Desktop\LMS_project\.venv\Lib\site-packages\django\db\models\query.py", line 1954, in _fetch_all
    self._result_cache = list(self._iterable_class(self))
                         ~~~~^^^^^^^^^^^^^^^^^^^^^^^^^^^^
  File "C:\Users\Ammar\OneDrive\Desktop\LMS_project\.venv\Lib\site-packages\django\db\models\query.py", line 93, in __iter__
    results = compiler.execute_sql(
        chunked_fetch=self.chunked_fetch, chunk_size=self.chunk_size
    )
  File "C:\Users\Ammar\OneDrive\Desktop\LMS_project\.venv\Lib\site-packages\django\db\models\sql\compiler.py", line 1623, in execute_sql
    cursor.execute(sql, params)
    ~~~~~~~~~~~~~~^^^^^^^^^^^^^
  File "C:\Users\Ammar\OneDrive\Desktop\LMS_project\.venv\Lib\site-packages\django\db\backends\utils.py", line 122, in execute
    return super().execute(sql, params)
           ~~~~~~~~~~~~~~~^^^^^^^^^^^^^
  File "C:\Users\Ammar\OneDrive\Desktop\LMS_project\.venv\Lib\site-packages\django\db\backends\utils.py", line 79, in execute
    return self._execute_with_wrappers(
           ~~~~~~~~~~~~~~~~~~~~~~~~~~~^
        sql, params, many=False, executor=self._execute
        ^^^^^^^^^^^^^^^^^^^^^^^^^^^^^^^^^^^^^^^^^^^^^^^
    )
    ^
  File "C:\Users\Ammar\OneDrive\Desktop\LMS_project\.venv\Lib\site-packages\django\db\backends\utils.py", line 92, in _execute_with_wrappers
    return executor(sql, params, many, context)
  File "C:\Users\Ammar\OneDrive\Desktop\LMS_project\.venv\Lib\site-packages\django\db\backends\utils.py", line 100, in _execute
    with self.db.wrap_database_errors:
         ^^^^^^^^^^^^^^^^^^^^^^^^^^^^
  File "C:\Users\Ammar\OneDrive\Desktop\LMS_project\.venv\Lib\site-packages\django\db\utils.py", line 91, in __exit__
    raise dj_exc_value.with_traceback(traceback) from exc_value
  File "C:\Users\Ammar\OneDrive\Desktop\LMS_project\.venv\Lib\site-packages\django\db\backends\utils.py", line 105, in _execute
    return self.cursor.execute(sql, params)
           ~~~~~~~~~~~~~~~~~~~^^^^^^^^^^^^^
django.db.utils.ProgrammingError: column courses_enrollment.status does not exist
LINE 1: ..."."student_id", "courses_enrollment"."course_id", "courses_e...
                                                             ^


ERROR 2026-07-21 21:40:57,244 exceptions 18804 20412 Unhandled exception: column courses_enrollment.status does not exist
LINE 1: ..."."student_id", "courses_enrollment"."course_id", "courses_e...
                                                             ^

Traceback (most recent call last):
  File "C:\Users\Ammar\OneDrive\Desktop\LMS_project\.venv\Lib\site-packages\django\db\backends\utils.py", line 105, in _execute
    return self.cursor.execute(sql, params)
           ~~~~~~~~~~~~~~~~~~~^^^^^^^^^^^^^
psycopg2.errors.UndefinedColumn: column courses_enrollment.status does not exist
LINE 1: ..."."student_id", "courses_enrollment"."course_id", "courses_e...
                                                             ^


The above exception was the direct cause of the following exception:

Traceback (most recent call last):
  File "C:\Users\Ammar\OneDrive\Desktop\LMS_project\.venv\Lib\site-packages\rest_framework\views.py", line 512, in dispatch
    response = handler(request, *args, **kwargs)
  File "C:\Users\Ammar\OneDrive\Desktop\LMS_project\apps\enrollments\views.py", line 54, in post
    enrollment = EnrollmentService.enroll(
        request.user,
        course
    )
  File "C:\Program Files\WindowsApps\PythonSoftwareFoundation.Python.3.13_3.13.3824.0_x64__qbz5n2kfra8p0\Lib\contextlib.py", line 85, in inner
    return func(*args, **kwds)
  File "C:\Users\Ammar\OneDrive\Desktop\LMS_project\apps\enrollments\services.py", line 20, in enroll
    ).first()
      ~~~~~^^
  File "C:\Users\Ammar\OneDrive\Desktop\LMS_project\.venv\Lib\site-packages\django\db\models\query.py", line 1106, in first
    for obj in queryset[:1]:
               ~~~~~~~~^^^^
  File "C:\Users\Ammar\OneDrive\Desktop\LMS_project\.venv\Lib\site-packages\django\db\models\query.py", line 386, in __iter__
    self._fetch_all()
    ~~~~~~~~~~~~~~~^^
  File "C:\Users\Ammar\OneDrive\Desktop\LMS_project\.venv\Lib\site-packages\django\db\models\query.py", line 1954, in _fetch_all
    self._result_cache = list(self._iterable_class(self))
                         ~~~~^^^^^^^^^^^^^^^^^^^^^^^^^^^^
  File "C:\Users\Ammar\OneDrive\Desktop\LMS_project\.venv\Lib\site-packages\django\db\models\query.py", line 93, in __iter__
    results = compiler.execute_sql(
        chunked_fetch=self.chunked_fetch, chunk_size=self.chunk_size
    )
  File "C:\Users\Ammar\OneDrive\Desktop\LMS_project\.venv\Lib\site-packages\django\db\models\sql\compiler.py", line 1623, in execute_sql
    cursor.execute(sql, params)
    ~~~~~~~~~~~~~~^^^^^^^^^^^^^
  File "C:\Users\Ammar\OneDrive\Desktop\LMS_project\.venv\Lib\site-packages\django\db\backends\utils.py", line 122, in execute
    return super().execute(sql, params)
           ~~~~~~~~~~~~~~~^^^^^^^^^^^^^
  File "C:\Users\Ammar\OneDrive\Desktop\LMS_project\.venv\Lib\site-packages\django\db\backends\utils.py", line 79, in execute
    return self._execute_with_wrappers(
           ~~~~~~~~~~~~~~~~~~~~~~~~~~~^
        sql, params, many=False, executor=self._execute
        ^^^^^^^^^^^^^^^^^^^^^^^^^^^^^^^^^^^^^^^^^^^^^^^
    )
    ^
  File "C:\Users\Ammar\OneDrive\Desktop\LMS_project\.venv\Lib\site-packages\django\db\backends\utils.py", line 92, in _execute_with_wrappers
    return executor(sql, params, many, context)
  File "C:\Users\Ammar\OneDrive\Desktop\LMS_project\.venv\Lib\site-packages\django\db\backends\utils.py", line 100, in _execute
    with self.db.wrap_database_errors:
         ^^^^^^^^^^^^^^^^^^^^^^^^^^^^
  File "C:\Users\Ammar\OneDrive\Desktop\LMS_project\.venv\Lib\site-packages\django\db\utils.py", line 91, in __exit__
    raise dj_exc_value.with_traceback(traceback) from exc_value
  File "C:\Users\Ammar\OneDrive\Desktop\LMS_project\.venv\Lib\site-packages\django\db\backends\utils.py", line 105, in _execute
    return self.cursor.execute(sql, params)
           ~~~~~~~~~~~~~~~~~~~^^^^^^^^^^^^^
django.db.utils.ProgrammingError: column courses_enrollment.status does not exist
LINE 1: ..."."student_id", "courses_enrollment"."course_id", "courses_e...
                                                             ^


WARNING 2026-07-21 23:12:43,579 exceptions 22620 2680 API error 401: Given token not valid for any token type
WARNING 2026-07-21 23:14:54,389 exceptions 22620 9808 API error 404: No Course matches the given query.
WARNING 2026-07-21 23:17:08,720 exceptions 22620 16484 API error 401: Given token not valid for any token type
WARNING 2026-07-21 23:17:21,963 exceptions 22620 16484 API error 401: Given token not valid for any token type
WARNING 2026-07-21 23:18:32,425 exceptions 22620 5556 API error 401: Given token not valid for any token type
WARNING 2026-07-21 23:19:55,148 exceptions 22620 10900 API error 401: Given token not valid for any token type
WARNING 2026-07-21 23:21:39,792 exceptions 22620 780 API error 401: Authentication credentials were not provided.
WARNING 2026-07-21 23:22:42,407 exceptions 22620 1188 API error 401: Authentication credentials were not provided.
ERROR 2026-07-21 23:23:58,817 exceptions 22620 20412 Unhandled exception: The field 'module_count' was declared on serializer CourseListSerializer, but has not been included in the 'fields' option.
Traceback (most recent call last):
  File "C:\Users\Ammar\OneDrive\Desktop\LMS_project\.venv\Lib\site-packages\rest_framework\views.py", line 512, in dispatch
    response = handler(request, *args, **kwargs)
  File "C:\Users\Ammar\OneDrive\Desktop\LMS_project\.venv\Lib\site-packages\rest_framework\mixins.py", line 43, in list
    return self.get_paginated_response(serializer.data)
                                       ^^^^^^^^^^^^^^^
  File "C:\Users\Ammar\OneDrive\Desktop\LMS_project\.venv\Lib\site-packages\rest_framework\serializers.py", line 809, in data
    ret = super().data
          ^^^^^^^^^^^^
  File "C:\Users\Ammar\OneDrive\Desktop\LMS_project\.venv\Lib\site-packages\rest_framework\serializers.py", line 251, in data
    self._data = self.to_representation(self.instance)
                 ~~~~~~~~~~~~~~~~~~~~~~^^^^^^^^^^^^^^^
  File "C:\Users\Ammar\OneDrive\Desktop\LMS_project\.venv\Lib\site-packages\rest_framework\serializers.py", line 728, in to_representation
    self.child.to_representation(item) for item in iterable
    ~~~~~~~~~~~~~~~~~~~~~~~~~~~~^^^^^^
  File "C:\Users\Ammar\OneDrive\Desktop\LMS_project\.venv\Lib\site-packages\rest_framework\serializers.py", line 537, in to_representation
    for field in fields:
                 ^^^^^^
  File "C:\Users\Ammar\OneDrive\Desktop\LMS_project\.venv\Lib\site-packages\rest_framework\serializers.py", line 398, in _readable_fields
    for field in self.fields.values():
                 ^^^^^^^^^^^
  File "C:\Users\Ammar\OneDrive\Desktop\LMS_project\.venv\Lib\site-packages\django\utils\functional.py", line 47, in __get__
    res = instance.__dict__[self.name] = self.func(instance)
                                         ~~~~~~~~~^^^^^^^^^^
  File "C:\Users\Ammar\OneDrive\Desktop\LMS_project\.venv\Lib\site-packages\rest_framework\serializers.py", line 386, in fields
    for key, value in self.get_fields().items():
                      ~~~~~~~~~~~~~~~^^
  File "C:\Users\Ammar\OneDrive\Desktop\LMS_project\.venv\Lib\site-packages\rest_framework\serializers.py", line 1101, in get_fields
    field_names = self.get_field_names(declared_fields, info)
  File "C:\Users\Ammar\OneDrive\Desktop\LMS_project\.venv\Lib\site-packages\rest_framework\serializers.py", line 1204, in get_field_names
    assert field_name in fields, (
           ^^^^^^^^^^^^^^^^^^^^
AssertionError: The field 'module_count' was declared on serializer CourseListSerializer, but has not been included in the 'fields' option.

WARNING 2026-07-23 20:29:09,035 exceptions 5936 7256 API error 401: Authentication credentials were not provided.
WARNING 2026-07-23 21:26:08,181 exceptions 5900 9808 API error 401: Authentication credentials were not provided.
WARNING 2026-07-23 21:28:15,108 exceptions 5900 9436 API error 401: Authentication credentials were not provided.
WARNING 2026-07-23 21:28:18,185 exceptions 5900 9436 API error 401: Authentication credentials were not provided.
WARNING 2026-07-23 21:29:50,939 exceptions 5900 9436 API error 401: Authentication credentials were not provided.
WARNING 2026-07-23 21:34:57,355 exceptions 5900 9196 API error 401: Given token not valid for any token type
WARNING 2026-07-23 21:35:44,153 exceptions 5900 9196 API error 403: You do not have permission to perform this action.
WARNING 2026-07-23 21:40:21,910 exceptions 10272 16528 API error 401: Authentication credentials were not provided.
WARNING 2026-07-23 21:42:00,586 exceptions 10272 17568 API error 401: Authentication credentials were not provided.
WARNING 2026-07-23 21:47:20,830 exceptions 10272 13168 API error 403: You do not have permission to perform this action.
WARNING 2026-07-23 21:50:34,227 exceptions 10272 8288 API error 403: You do not have permission to perform this action.
WARNING 2026-07-23 21:53:22,921 exceptions 10272 6496 API error 403: You do not have permission to perform this action.
ERROR 2026-07-23 21:54:13,051 exceptions 10272 6496 Unhandled exception: column quizzes_quiz.lesson_id does not exist
LINE 1: ... "quizzes_quiz"."id", "quizzes_quiz"."course_id", "quizzes_q...
                                                             ^

Traceback (most recent call last):
  File "C:\Users\Ammar\OneDrive\Desktop\LMS_project\.venv\Lib\site-packages\django\db\backends\utils.py", line 105, in _execute
    return self.cursor.execute(sql, params)
           ~~~~~~~~~~~~~~~~~~~^^^^^^^^^^^^^
psycopg2.errors.UndefinedColumn: column quizzes_quiz.lesson_id does not exist
LINE 1: ... "quizzes_quiz"."id", "quizzes_quiz"."course_id", "quizzes_q...
                                                             ^


The above exception was the direct cause of the following exception:

Traceback (most recent call last):
  File "C:\Users\Ammar\OneDrive\Desktop\LMS_project\.venv\Lib\site-packages\rest_framework\views.py", line 512, in dispatch
    response = handler(request, *args, **kwargs)
  File "C:\Users\Ammar\OneDrive\Desktop\LMS_project\.venv\Lib\site-packages\rest_framework\mixins.py", line 91, in destroy
    self.perform_destroy(instance)
    ~~~~~~~~~~~~~~~~~~~~^^^^^^^^^^
  File "C:\Users\Ammar\OneDrive\Desktop\LMS_project\.venv\Lib\site-packages\rest_framework\mixins.py", line 95, in perform_destroy
    instance.delete()
    ~~~~~~~~~~~~~~~^^
  File "C:\Users\Ammar\OneDrive\Desktop\LMS_project\.venv\Lib\site-packages\django\db\models\base.py", line 1280, in delete
    collector.collect([self], keep_parents=keep_parents)
    ~~~~~~~~~~~~~~~~~^^^^^^^^^^^^^^^^^^^^^^^^^^^^^^^^^^^
  File "C:\Users\Ammar\OneDrive\Desktop\LMS_project\.venv\Lib\site-packages\django\db\models\deletion.py", line 343, in collect
    if getattr(on_delete, "lazy_sub_objs", False) or sub_objs:
                                                     ^^^^^^^^
  File "C:\Users\Ammar\OneDrive\Desktop\LMS_project\.venv\Lib\site-packages\django\db\models\query.py", line 400, in __bool__
    self._fetch_all()
    ~~~~~~~~~~~~~~~^^
  File "C:\Users\Ammar\OneDrive\Desktop\LMS_project\.venv\Lib\site-packages\django\db\models\query.py", line 1954, in _fetch_all
    self._result_cache = list(self._iterable_class(self))
                         ~~~~^^^^^^^^^^^^^^^^^^^^^^^^^^^^
  File "C:\Users\Ammar\OneDrive\Desktop\LMS_project\.venv\Lib\site-packages\django\db\models\query.py", line 93, in __iter__
    results = compiler.execute_sql(
        chunked_fetch=self.chunked_fetch, chunk_size=self.chunk_size
    )
  File "C:\Users\Ammar\OneDrive\Desktop\LMS_project\.venv\Lib\site-packages\django\db\models\sql\compiler.py", line 1623, in execute_sql
    cursor.execute(sql, params)
    ~~~~~~~~~~~~~~^^^^^^^^^^^^^
  File "C:\Users\Ammar\OneDrive\Desktop\LMS_project\.venv\Lib\site-packages\django\db\backends\utils.py", line 122, in execute
    return super().execute(sql, params)
           ~~~~~~~~~~~~~~~^^^^^^^^^^^^^
  File "C:\Users\Ammar\OneDrive\Desktop\LMS_project\.venv\Lib\site-packages\django\db\backends\utils.py", line 79, in execute
    return self._execute_with_wrappers(
           ~~~~~~~~~~~~~~~~~~~~~~~~~~~^
        sql, params, many=False, executor=self._execute
        ^^^^^^^^^^^^^^^^^^^^^^^^^^^^^^^^^^^^^^^^^^^^^^^
    )
    ^
  File "C:\Users\Ammar\OneDrive\Desktop\LMS_project\.venv\Lib\site-packages\django\db\backends\utils.py", line 92, in _execute_with_wrappers
    return executor(sql, params, many, context)
  File "C:\Users\Ammar\OneDrive\Desktop\LMS_project\.venv\Lib\site-packages\django\db\backends\utils.py", line 100, in _execute
    with self.db.wrap_database_errors:
         ^^^^^^^^^^^^^^^^^^^^^^^^^^^^
  File "C:\Users\Ammar\OneDrive\Desktop\LMS_project\.venv\Lib\site-packages\django\db\utils.py", line 91, in __exit__
    raise dj_exc_value.with_traceback(traceback) from exc_value
  File "C:\Users\Ammar\OneDrive\Desktop\LMS_project\.venv\Lib\site-packages\django\db\backends\utils.py", line 105, in _execute
    return self.cursor.execute(sql, params)
           ~~~~~~~~~~~~~~~~~~~^^^^^^^^^^^^^
django.db.utils.ProgrammingError: column quizzes_quiz.lesson_id does not exist
LINE 1: ... "quizzes_quiz"."id", "quizzes_quiz"."course_id", "quizzes_q...
                                                             ^


ERROR 2026-07-23 22:10:47,490 exceptions 1620 17224 Unhandled exception: column quizzes_quiz.created_by_id does not exist
LINE 1: ...s_published", "quizzes_quiz"."shuffle_questions", "quizzes_q...
                                                             ^

Traceback (most recent call last):
  File "C:\Users\Ammar\OneDrive\Desktop\LMS_project\.venv\Lib\site-packages\django\db\backends\utils.py", line 105, in _execute
    return self.cursor.execute(sql, params)
           ~~~~~~~~~~~~~~~~~~~^^^^^^^^^^^^^
psycopg2.errors.UndefinedColumn: column quizzes_quiz.created_by_id does not exist
LINE 1: ...s_published", "quizzes_quiz"."shuffle_questions", "quizzes_q...
                                                             ^


The above exception was the direct cause of the following exception:

Traceback (most recent call last):
  File "C:\Users\Ammar\OneDrive\Desktop\LMS_project\.venv\Lib\site-packages\rest_framework\views.py", line 512, in dispatch
    response = handler(request, *args, **kwargs)
  File "C:\Users\Ammar\OneDrive\Desktop\LMS_project\.venv\Lib\site-packages\rest_framework\mixins.py", line 91, in destroy
    self.perform_destroy(instance)
    ~~~~~~~~~~~~~~~~~~~~^^^^^^^^^^
  File "C:\Users\Ammar\OneDrive\Desktop\LMS_project\.venv\Lib\site-packages\rest_framework\mixins.py", line 95, in perform_destroy
    instance.delete()
    ~~~~~~~~~~~~~~~^^
  File "C:\Users\Ammar\OneDrive\Desktop\LMS_project\.venv\Lib\site-packages\django\db\models\base.py", line 1280, in delete
    collector.collect([self], keep_parents=keep_parents)
    ~~~~~~~~~~~~~~~~~^^^^^^^^^^^^^^^^^^^^^^^^^^^^^^^^^^^
  File "C:\Users\Ammar\OneDrive\Desktop\LMS_project\.venv\Lib\site-packages\django\db\models\deletion.py", line 343, in collect
    if getattr(on_delete, "lazy_sub_objs", False) or sub_objs:
                                                     ^^^^^^^^
  File "C:\Users\Ammar\OneDrive\Desktop\LMS_project\.venv\Lib\site-packages\django\db\models\query.py", line 400, in __bool__
    self._fetch_all()
    ~~~~~~~~~~~~~~~^^
  File "C:\Users\Ammar\OneDrive\Desktop\LMS_project\.venv\Lib\site-packages\django\db\models\query.py", line 1954, in _fetch_all
    self._result_cache = list(self._iterable_class(self))
                         ~~~~^^^^^^^^^^^^^^^^^^^^^^^^^^^^
  File "C:\Users\Ammar\OneDrive\Desktop\LMS_project\.venv\Lib\site-packages\django\db\models\query.py", line 93, in __iter__
    results = compiler.execute_sql(
        chunked_fetch=self.chunked_fetch, chunk_size=self.chunk_size
    )
  File "C:\Users\Ammar\OneDrive\Desktop\LMS_project\.venv\Lib\site-packages\django\db\models\sql\compiler.py", line 1623, in execute_sql
    cursor.execute(sql, params)
    ~~~~~~~~~~~~~~^^^^^^^^^^^^^
  File "C:\Users\Ammar\OneDrive\Desktop\LMS_project\.venv\Lib\site-packages\django\db\backends\utils.py", line 122, in execute
    return super().execute(sql, params)
           ~~~~~~~~~~~~~~~^^^^^^^^^^^^^
  File "C:\Users\Ammar\OneDrive\Desktop\LMS_project\.venv\Lib\site-packages\django\db\backends\utils.py", line 79, in execute
    return self._execute_with_wrappers(
           ~~~~~~~~~~~~~~~~~~~~~~~~~~~^
        sql, params, many=False, executor=self._execute
        ^^^^^^^^^^^^^^^^^^^^^^^^^^^^^^^^^^^^^^^^^^^^^^^
    )
    ^
  File "C:\Users\Ammar\OneDrive\Desktop\LMS_project\.venv\Lib\site-packages\django\db\backends\utils.py", line 92, in _execute_with_wrappers
    return executor(sql, params, many, context)
  File "C:\Users\Ammar\OneDrive\Desktop\LMS_project\.venv\Lib\site-packages\django\db\backends\utils.py", line 100, in _execute
    with self.db.wrap_database_errors:
         ^^^^^^^^^^^^^^^^^^^^^^^^^^^^
  File "C:\Users\Ammar\OneDrive\Desktop\LMS_project\.venv\Lib\site-packages\django\db\utils.py", line 91, in __exit__
    raise dj_exc_value.with_traceback(traceback) from exc_value
  File "C:\Users\Ammar\OneDrive\Desktop\LMS_project\.venv\Lib\site-packages\django\db\backends\utils.py", line 105, in _execute
    return self.cursor.execute(sql, params)
           ~~~~~~~~~~~~~~~~~~~^^^^^^^^^^^^^
django.db.utils.ProgrammingError: column quizzes_quiz.created_by_id does not exist
LINE 1: ...s_published", "quizzes_quiz"."shuffle_questions", "quizzes_q...
                                                             ^


ERROR 2026-07-23 22:10:57,548 exceptions 1620 17224 Unhandled exception: column quizzes_quiz.created_by_id does not exist
LINE 1: ...s_published", "quizzes_quiz"."shuffle_questions", "quizzes_q...
                                                             ^

Traceback (most recent call last):
  File "C:\Users\Ammar\OneDrive\Desktop\LMS_project\.venv\Lib\site-packages\django\db\backends\utils.py", line 105, in _execute
    return self.cursor.execute(sql, params)
           ~~~~~~~~~~~~~~~~~~~^^^^^^^^^^^^^
psycopg2.errors.UndefinedColumn: column quizzes_quiz.created_by_id does not exist
LINE 1: ...s_published", "quizzes_quiz"."shuffle_questions", "quizzes_q...
                                                             ^


The above exception was the direct cause of the following exception:

Traceback (most recent call last):
  File "C:\Users\Ammar\OneDrive\Desktop\LMS_project\.venv\Lib\site-packages\rest_framework\views.py", line 512, in dispatch
    response = handler(request, *args, **kwargs)
  File "C:\Users\Ammar\OneDrive\Desktop\LMS_project\.venv\Lib\site-packages\rest_framework\mixins.py", line 91, in destroy
    self.perform_destroy(instance)
    ~~~~~~~~~~~~~~~~~~~~^^^^^^^^^^
  File "C:\Users\Ammar\OneDrive\Desktop\LMS_project\.venv\Lib\site-packages\rest_framework\mixins.py", line 95, in perform_destroy
    instance.delete()
    ~~~~~~~~~~~~~~~^^
  File "C:\Users\Ammar\OneDrive\Desktop\LMS_project\.venv\Lib\site-packages\django\db\models\base.py", line 1280, in delete
    collector.collect([self], keep_parents=keep_parents)
    ~~~~~~~~~~~~~~~~~^^^^^^^^^^^^^^^^^^^^^^^^^^^^^^^^^^^
  File "C:\Users\Ammar\OneDrive\Desktop\LMS_project\.venv\Lib\site-packages\django\db\models\deletion.py", line 343, in collect
    if getattr(on_delete, "lazy_sub_objs", False) or sub_objs:
                                                     ^^^^^^^^
  File "C:\Users\Ammar\OneDrive\Desktop\LMS_project\.venv\Lib\site-packages\django\db\models\query.py", line 400, in __bool__
    self._fetch_all()
    ~~~~~~~~~~~~~~~^^
  File "C:\Users\Ammar\OneDrive\Desktop\LMS_project\.venv\Lib\site-packages\django\db\models\query.py", line 1954, in _fetch_all
    self._result_cache = list(self._iterable_class(self))
                         ~~~~^^^^^^^^^^^^^^^^^^^^^^^^^^^^
  File "C:\Users\Ammar\OneDrive\Desktop\LMS_project\.venv\Lib\site-packages\django\db\models\query.py", line 93, in __iter__
    results = compiler.execute_sql(
        chunked_fetch=self.chunked_fetch, chunk_size=self.chunk_size
    )
  File "C:\Users\Ammar\OneDrive\Desktop\LMS_project\.venv\Lib\site-packages\django\db\models\sql\compiler.py", line 1623, in execute_sql
    cursor.execute(sql, params)
    ~~~~~~~~~~~~~~^^^^^^^^^^^^^
  File "C:\Users\Ammar\OneDrive\Desktop\LMS_project\.venv\Lib\site-packages\django\db\backends\utils.py", line 122, in execute
    return super().execute(sql, params)
           ~~~~~~~~~~~~~~~^^^^^^^^^^^^^
  File "C:\Users\Ammar\OneDrive\Desktop\LMS_project\.venv\Lib\site-packages\django\db\backends\utils.py", line 79, in execute
    return self._execute_with_wrappers(
           ~~~~~~~~~~~~~~~~~~~~~~~~~~~^
        sql, params, many=False, executor=self._execute
        ^^^^^^^^^^^^^^^^^^^^^^^^^^^^^^^^^^^^^^^^^^^^^^^
    )
    ^
  File "C:\Users\Ammar\OneDrive\Desktop\LMS_project\.venv\Lib\site-packages\django\db\backends\utils.py", line 92, in _execute_with_wrappers
    return executor(sql, params, many, context)
  File "C:\Users\Ammar\OneDrive\Desktop\LMS_project\.venv\Lib\site-packages\django\db\backends\utils.py", line 100, in _execute
    with self.db.wrap_database_errors:
         ^^^^^^^^^^^^^^^^^^^^^^^^^^^^
  File "C:\Users\Ammar\OneDrive\Desktop\LMS_project\.venv\Lib\site-packages\django\db\utils.py", line 91, in __exit__
    raise dj_exc_value.with_traceback(traceback) from exc_value
  File "C:\Users\Ammar\OneDrive\Desktop\LMS_project\.venv\Lib\site-packages\django\db\backends\utils.py", line 105, in _execute
    return self.cursor.execute(sql, params)
           ~~~~~~~~~~~~~~~~~~~^^^^^^^^^^^^^
django.db.utils.ProgrammingError: column quizzes_quiz.created_by_id does not exist
LINE 1: ...s_published", "quizzes_quiz"."shuffle_questions", "quizzes_q...
                                                             ^


ERROR 2026-07-23 22:17:13,311 exceptions 15504 17872 Unhandled exception: column progress_student_progress.lesson_id does not exist
LINE 1: ...ent_id", "progress_student_progress"."course_id", "progress_...
                                                             ^

Traceback (most recent call last):
  File "C:\Users\Ammar\OneDrive\Desktop\LMS_project\.venv\Lib\site-packages\django\db\backends\utils.py", line 105, in _execute
    return self.cursor.execute(sql, params)
           ~~~~~~~~~~~~~~~~~~~^^^^^^^^^^^^^
psycopg2.errors.UndefinedColumn: column progress_student_progress.lesson_id does not exist
LINE 1: ...ent_id", "progress_student_progress"."course_id", "progress_...
                                                             ^


The above exception was the direct cause of the following exception:

Traceback (most recent call last):
  File "C:\Users\Ammar\OneDrive\Desktop\LMS_project\.venv\Lib\site-packages\rest_framework\views.py", line 512, in dispatch
    response = handler(request, *args, **kwargs)
  File "C:\Users\Ammar\OneDrive\Desktop\LMS_project\.venv\Lib\site-packages\rest_framework\mixins.py", line 91, in destroy
    self.perform_destroy(instance)
    ~~~~~~~~~~~~~~~~~~~~^^^^^^^^^^
  File "C:\Users\Ammar\OneDrive\Desktop\LMS_project\.venv\Lib\site-packages\rest_framework\mixins.py", line 95, in perform_destroy
    instance.delete()
    ~~~~~~~~~~~~~~~^^
  File "C:\Users\Ammar\OneDrive\Desktop\LMS_project\.venv\Lib\site-packages\django\db\models\base.py", line 1280, in delete
    collector.collect([self], keep_parents=keep_parents)
    ~~~~~~~~~~~~~~~~~^^^^^^^^^^^^^^^^^^^^^^^^^^^^^^^^^^^
  File "C:\Users\Ammar\OneDrive\Desktop\LMS_project\.venv\Lib\site-packages\django\db\models\deletion.py", line 343, in collect
    if getattr(on_delete, "lazy_sub_objs", False) or sub_objs:
                                                     ^^^^^^^^
  File "C:\Users\Ammar\OneDrive\Desktop\LMS_project\.venv\Lib\site-packages\django\db\models\query.py", line 400, in __bool__
    self._fetch_all()
    ~~~~~~~~~~~~~~~^^
  File "C:\Users\Ammar\OneDrive\Desktop\LMS_project\.venv\Lib\site-packages\django\db\models\query.py", line 1954, in _fetch_all
    self._result_cache = list(self._iterable_class(self))
                         ~~~~^^^^^^^^^^^^^^^^^^^^^^^^^^^^
  File "C:\Users\Ammar\OneDrive\Desktop\LMS_project\.venv\Lib\site-packages\django\db\models\query.py", line 93, in __iter__
    results = compiler.execute_sql(
        chunked_fetch=self.chunked_fetch, chunk_size=self.chunk_size
    )
  File "C:\Users\Ammar\OneDrive\Desktop\LMS_project\.venv\Lib\site-packages\django\db\models\sql\compiler.py", line 1623, in execute_sql
    cursor.execute(sql, params)
    ~~~~~~~~~~~~~~^^^^^^^^^^^^^
  File "C:\Users\Ammar\OneDrive\Desktop\LMS_project\.venv\Lib\site-packages\django\db\backends\utils.py", line 122, in execute
    return super().execute(sql, params)
           ~~~~~~~~~~~~~~~^^^^^^^^^^^^^
  File "C:\Users\Ammar\OneDrive\Desktop\LMS_project\.venv\Lib\site-packages\django\db\backends\utils.py", line 79, in execute
    return self._execute_with_wrappers(
           ~~~~~~~~~~~~~~~~~~~~~~~~~~~^
        sql, params, many=False, executor=self._execute
        ^^^^^^^^^^^^^^^^^^^^^^^^^^^^^^^^^^^^^^^^^^^^^^^
    )
    ^
  File "C:\Users\Ammar\OneDrive\Desktop\LMS_project\.venv\Lib\site-packages\django\db\backends\utils.py", line 92, in _execute_with_wrappers
    return executor(sql, params, many, context)
  File "C:\Users\Ammar\OneDrive\Desktop\LMS_project\.venv\Lib\site-packages\django\db\backends\utils.py", line 100, in _execute
    with self.db.wrap_database_errors:
         ^^^^^^^^^^^^^^^^^^^^^^^^^^^^
  File "C:\Users\Ammar\OneDrive\Desktop\LMS_project\.venv\Lib\site-packages\django\db\utils.py", line 91, in __exit__
    raise dj_exc_value.with_traceback(traceback) from exc_value
  File "C:\Users\Ammar\OneDrive\Desktop\LMS_project\.venv\Lib\site-packages\django\db\backends\utils.py", line 105, in _execute
    return self.cursor.execute(sql, params)
           ~~~~~~~~~~~~~~~~~~~^^^^^^^^^^^^^
django.db.utils.ProgrammingError: column progress_student_progress.lesson_id does not exist
LINE 1: ...ent_id", "progress_student_progress"."course_id", "progress_...
                                                             ^


INFO 2026-08-01 19:57:10,581 services 2640 9168 Verification email queued for user 85
ERROR 2026-08-04 18:54:53,616 exceptions 15356 12272 Unhandled exception: Field name `lesson` is not valid for model `Quiz` in `apps.quizzes.serializers.QuizCreateSerializer`.
Traceback (most recent call last):
  File "C:\Users\Ammar\OneDrive\Desktop\LMS_project\.venv\Lib\site-packages\rest_framework\views.py", line 512, in dispatch
    response = handler(request, *args, **kwargs)
  File "C:\Users\Ammar\OneDrive\Desktop\LMS_project\.venv\Lib\site-packages\drf_spectacular\views.py", line 84, in get
    return self._get_schema_response(request)
           ~~~~~~~~~~~~~~~~~~~~~~~~~^^^^^^^^^
  File "C:\Users\Ammar\OneDrive\Desktop\LMS_project\.venv\Lib\site-packages\drf_spectacular\views.py", line 92, in _get_schema_response
    data=generator.get_schema(request=request, public=self.serve_public),
         ~~~~~~~~~~~~~~~~~~~~^^^^^^^^^^^^^^^^^^^^^^^^^^^^^^^^^^^^^^^^^^^
  File "C:\Users\Ammar\OneDrive\Desktop\LMS_project\.venv\Lib\site-packages\drf_spectacular\generators.py", line 287, in get_schema
    paths=self.parse(request, public),
          ~~~~~~~~~~^^^^^^^^^^^^^^^^^
  File "C:\Users\Ammar\OneDrive\Desktop\LMS_project\.venv\Lib\site-packages\drf_spectacular\generators.py", line 258, in parse
    operation = view.schema.get_operation(
        path, path_regex, path_prefix, method, self.registry
    )
  File "C:\Users\Ammar\OneDrive\Desktop\LMS_project\.venv\Lib\site-packages\drf_spectacular\openapi.py", line 101, in get_operation
    request_body = self._get_request_body()
  File "C:\Users\Ammar\OneDrive\Desktop\LMS_project\.venv\Lib\site-packages\drf_spectacular\openapi.py", line 1331, in _get_request_body
    schema, partial_request_body_required = self._get_request_for_media_type(serializer, direction)
                                            ~~~~~~~~~~~~~~~~~~~~~~~~~~~~~~~~^^^^^^^^^^^^^^^^^^^^^^^
  File "C:\Users\Ammar\OneDrive\Desktop\LMS_project\.venv\Lib\site-packages\drf_spectacular\openapi.py", line 1363, in _get_request_for_media_type
    component = self.resolve_serializer(serializer, direction)
  File "C:\Users\Ammar\OneDrive\Desktop\LMS_project\.venv\Lib\site-packages\drf_spectacular\openapi.py", line 1658, in resolve_serializer
    component.schema = self._map_serializer(serializer, direction, bypass_extensions)
                       ~~~~~~~~~~~~~~~~~~~~^^^^^^^^^^^^^^^^^^^^^^^^^^^^^^^^^^^^^^^^^^
  File "C:\Users\Ammar\OneDrive\Desktop\LMS_project\.venv\Lib\site-packages\drf_spectacular\openapi.py", line 959, in _map_serializer
    schema = self._map_basic_serializer(serializer, direction)
  File "C:\Users\Ammar\OneDrive\Desktop\LMS_project\.venv\Lib\site-packages\drf_spectacular\openapi.py", line 1052, in _map_basic_serializer
    for field in serializer.fields.values():
                 ^^^^^^^^^^^^^^^^^
  File "C:\Users\Ammar\OneDrive\Desktop\LMS_project\.venv\Lib\site-packages\django\utils\functional.py", line 47, in __get__
    res = instance.__dict__[self.name] = self.func(instance)
                                         ~~~~~~~~~^^^^^^^^^^
  File "C:\Users\Ammar\OneDrive\Desktop\LMS_project\.venv\Lib\site-packages\rest_framework\serializers.py", line 386, in fields
    for key, value in self.get_fields().items():
                      ~~~~~~~~~~~~~~~^^
  File "C:\Users\Ammar\OneDrive\Desktop\LMS_project\.venv\Lib\site-packages\rest_framework\serializers.py", line 1132, in get_fields
    field_class, field_kwargs = self.build_field(
                                ~~~~~~~~~~~~~~~~^
        source, info, model, depth
        ^^^^^^^^^^^^^^^^^^^^^^^^^^
    )
    ^
  File "C:\Users\Ammar\OneDrive\Desktop\LMS_project\.venv\Lib\site-packages\rest_framework\serializers.py", line 1278, in build_field
    return self.build_unknown_field(field_name, model_class)
           ~~~~~~~~~~~~~~~~~~~~~~~~^^^^^^^^^^^^^^^^^^^^^^^^^
  File "C:\Users\Ammar\OneDrive\Desktop\LMS_project\.venv\Lib\site-packages\rest_framework\serializers.py", line 1396, in build_unknown_field
    raise ImproperlyConfigured(
    ...<2 lines>...
    )
django.core.exceptions.ImproperlyConfigured: Field name `lesson` is not valid for model `Quiz` in `apps.quizzes.serializers.QuizCreateSerializer`.

ERROR 2026-08-04 18:54:53,949 exceptions 15356 12272 Unhandled exception: Field name `lesson` is not valid for model `Quiz` in `apps.quizzes.serializers.QuizCreateSerializer`.
Traceback (most recent call last):
  File "C:\Users\Ammar\OneDrive\Desktop\LMS_project\.venv\Lib\site-packages\rest_framework\views.py", line 512, in dispatch
    response = handler(request, *args, **kwargs)
  File "C:\Users\Ammar\OneDrive\Desktop\LMS_project\.venv\Lib\site-packages\drf_spectacular\views.py", line 84, in get
    return self._get_schema_response(request)
           ~~~~~~~~~~~~~~~~~~~~~~~~~^^^^^^^^^
  File "C:\Users\Ammar\OneDrive\Desktop\LMS_project\.venv\Lib\site-packages\drf_spectacular\views.py", line 92, in _get_schema_response
    data=generator.get_schema(request=request, public=self.serve_public),
         ~~~~~~~~~~~~~~~~~~~~^^^^^^^^^^^^^^^^^^^^^^^^^^^^^^^^^^^^^^^^^^^
  File "C:\Users\Ammar\OneDrive\Desktop\LMS_project\.venv\Lib\site-packages\drf_spectacular\generators.py", line 287, in get_schema
    paths=self.parse(request, public),
          ~~~~~~~~~~^^^^^^^^^^^^^^^^^
  File "C:\Users\Ammar\OneDrive\Desktop\LMS_project\.venv\Lib\site-packages\drf_spectacular\generators.py", line 258, in parse
    operation = view.schema.get_operation(
        path, path_regex, path_prefix, method, self.registry
    )
  File "C:\Users\Ammar\OneDrive\Desktop\LMS_project\.venv\Lib\site-packages\drf_spectacular\openapi.py", line 101, in get_operation
    request_body = self._get_request_body()
  File "C:\Users\Ammar\OneDrive\Desktop\LMS_project\.venv\Lib\site-packages\drf_spectacular\openapi.py", line 1331, in _get_request_body
    schema, partial_request_body_required = self._get_request_for_media_type(serializer, direction)
                                            ~~~~~~~~~~~~~~~~~~~~~~~~~~~~~~~~^^^^^^^^^^^^^^^^^^^^^^^
  File "C:\Users\Ammar\OneDrive\Desktop\LMS_project\.venv\Lib\site-packages\drf_spectacular\openapi.py", line 1363, in _get_request_for_media_type
    component = self.resolve_serializer(serializer, direction)
  File "C:\Users\Ammar\OneDrive\Desktop\LMS_project\.venv\Lib\site-packages\drf_spectacular\openapi.py", line 1658, in resolve_serializer
    component.schema = self._map_serializer(serializer, direction, bypass_extensions)
                       ~~~~~~~~~~~~~~~~~~~~^^^^^^^^^^^^^^^^^^^^^^^^^^^^^^^^^^^^^^^^^^
  File "C:\Users\Ammar\OneDrive\Desktop\LMS_project\.venv\Lib\site-packages\drf_spectacular\openapi.py", line 959, in _map_serializer
    schema = self._map_basic_serializer(serializer, direction)
  File "C:\Users\Ammar\OneDrive\Desktop\LMS_project\.venv\Lib\site-packages\drf_spectacular\openapi.py", line 1052, in _map_basic_serializer
    for field in serializer.fields.values():
                 ^^^^^^^^^^^^^^^^^
  File "C:\Users\Ammar\OneDrive\Desktop\LMS_project\.venv\Lib\site-packages\django\utils\functional.py", line 47, in __get__
    res = instance.__dict__[self.name] = self.func(instance)
                                         ~~~~~~~~~^^^^^^^^^^
  File "C:\Users\Ammar\OneDrive\Desktop\LMS_project\.venv\Lib\site-packages\rest_framework\serializers.py", line 386, in fields
    for key, value in self.get_fields().items():
                      ~~~~~~~~~~~~~~~^^
  File "C:\Users\Ammar\OneDrive\Desktop\LMS_project\.venv\Lib\site-packages\rest_framework\serializers.py", line 1132, in get_fields
    field_class, field_kwargs = self.build_field(
                                ~~~~~~~~~~~~~~~~^
        source, info, model, depth
        ^^^^^^^^^^^^^^^^^^^^^^^^^^
    )
    ^
  File "C:\Users\Ammar\OneDrive\Desktop\LMS_project\.venv\Lib\site-packages\rest_framework\serializers.py", line 1278, in build_field
    return self.build_unknown_field(field_name, model_class)
           ~~~~~~~~~~~~~~~~~~~~~~~~^^^^^^^^^^^^^^^^^^^^^^^^^
  File "C:\Users\Ammar\OneDrive\Desktop\LMS_project\.venv\Lib\site-packages\rest_framework\serializers.py", line 1396, in build_unknown_field
    raise ImproperlyConfigured(
    ...<2 lines>...
    )
django.core.exceptions.ImproperlyConfigured: Field name `lesson` is not valid for model `Quiz` in `apps.quizzes.serializers.QuizCreateSerializer`.

ERROR 2026-08-04 18:55:37,910 exceptions 15356 17292 Unhandled exception: Field name `lesson` is not valid for model `Quiz` in `apps.quizzes.serializers.QuizCreateSerializer`.
Traceback (most recent call last):
  File "C:\Users\Ammar\OneDrive\Desktop\LMS_project\.venv\Lib\site-packages\rest_framework\views.py", line 512, in dispatch
    response = handler(request, *args, **kwargs)
  File "C:\Users\Ammar\OneDrive\Desktop\LMS_project\.venv\Lib\site-packages\drf_spectacular\views.py", line 84, in get
    return self._get_schema_response(request)
           ~~~~~~~~~~~~~~~~~~~~~~~~~^^^^^^^^^
  File "C:\Users\Ammar\OneDrive\Desktop\LMS_project\.venv\Lib\site-packages\drf_spectacular\views.py", line 92, in _get_schema_response
    data=generator.get_schema(request=request, public=self.serve_public),
         ~~~~~~~~~~~~~~~~~~~~^^^^^^^^^^^^^^^^^^^^^^^^^^^^^^^^^^^^^^^^^^^
  File "C:\Users\Ammar\OneDrive\Desktop\LMS_project\.venv\Lib\site-packages\drf_spectacular\generators.py", line 287, in get_schema
    paths=self.parse(request, public),
          ~~~~~~~~~~^^^^^^^^^^^^^^^^^
  File "C:\Users\Ammar\OneDrive\Desktop\LMS_project\.venv\Lib\site-packages\drf_spectacular\generators.py", line 258, in parse
    operation = view.schema.get_operation(
        path, path_regex, path_prefix, method, self.registry
    )
  File "C:\Users\Ammar\OneDrive\Desktop\LMS_project\.venv\Lib\site-packages\drf_spectacular\openapi.py", line 101, in get_operation
    request_body = self._get_request_body()
  File "C:\Users\Ammar\OneDrive\Desktop\LMS_project\.venv\Lib\site-packages\drf_spectacular\openapi.py", line 1331, in _get_request_body
    schema, partial_request_body_required = self._get_request_for_media_type(serializer, direction)
                                            ~~~~~~~~~~~~~~~~~~~~~~~~~~~~~~~~^^^^^^^^^^^^^^^^^^^^^^^
  File "C:\Users\Ammar\OneDrive\Desktop\LMS_project\.venv\Lib\site-packages\drf_spectacular\openapi.py", line 1363, in _get_request_for_media_type
    component = self.resolve_serializer(serializer, direction)
  File "C:\Users\Ammar\OneDrive\Desktop\LMS_project\.venv\Lib\site-packages\drf_spectacular\openapi.py", line 1658, in resolve_serializer
    component.schema = self._map_serializer(serializer, direction, bypass_extensions)
                       ~~~~~~~~~~~~~~~~~~~~^^^^^^^^^^^^^^^^^^^^^^^^^^^^^^^^^^^^^^^^^^
  File "C:\Users\Ammar\OneDrive\Desktop\LMS_project\.venv\Lib\site-packages\drf_spectacular\openapi.py", line 959, in _map_serializer
    schema = self._map_basic_serializer(serializer, direction)
  File "C:\Users\Ammar\OneDrive\Desktop\LMS_project\.venv\Lib\site-packages\drf_spectacular\openapi.py", line 1052, in _map_basic_serializer
    for field in serializer.fields.values():
                 ^^^^^^^^^^^^^^^^^
  File "C:\Users\Ammar\OneDrive\Desktop\LMS_project\.venv\Lib\site-packages\django\utils\functional.py", line 47, in __get__
    res = instance.__dict__[self.name] = self.func(instance)
                                         ~~~~~~~~~^^^^^^^^^^
  File "C:\Users\Ammar\OneDrive\Desktop\LMS_project\.venv\Lib\site-packages\rest_framework\serializers.py", line 386, in fields
    for key, value in self.get_fields().items():
                      ~~~~~~~~~~~~~~~^^
  File "C:\Users\Ammar\OneDrive\Desktop\LMS_project\.venv\Lib\site-packages\rest_framework\serializers.py", line 1132, in get_fields
    field_class, field_kwargs = self.build_field(
                                ~~~~~~~~~~~~~~~~^
        source, info, model, depth
        ^^^^^^^^^^^^^^^^^^^^^^^^^^
    )
    ^
  File "C:\Users\Ammar\OneDrive\Desktop\LMS_project\.venv\Lib\site-packages\rest_framework\serializers.py", line 1278, in build_field
    return self.build_unknown_field(field_name, model_class)
           ~~~~~~~~~~~~~~~~~~~~~~~~^^^^^^^^^^^^^^^^^^^^^^^^^
  File "C:\Users\Ammar\OneDrive\Desktop\LMS_project\.venv\Lib\site-packages\rest_framework\serializers.py", line 1396, in build_unknown_field
    raise ImproperlyConfigured(
    ...<2 lines>...
    )
django.core.exceptions.ImproperlyConfigured: Field name `lesson` is not valid for model `Quiz` in `apps.quizzes.serializers.QuizCreateSerializer`.

ERROR 2026-08-04 18:55:39,293 exceptions 15356 17292 Unhandled exception: Field name `lesson` is not valid for model `Quiz` in `apps.quizzes.serializers.QuizCreateSerializer`.
Traceback (most recent call last):
  File "C:\Users\Ammar\OneDrive\Desktop\LMS_project\.venv\Lib\site-packages\rest_framework\views.py", line 512, in dispatch
    response = handler(request, *args, **kwargs)
  File "C:\Users\Ammar\OneDrive\Desktop\LMS_project\.venv\Lib\site-packages\drf_spectacular\views.py", line 84, in get
    return self._get_schema_response(request)
           ~~~~~~~~~~~~~~~~~~~~~~~~~^^^^^^^^^
  File "C:\Users\Ammar\OneDrive\Desktop\LMS_project\.venv\Lib\site-packages\drf_spectacular\views.py", line 92, in _get_schema_response
    data=generator.get_schema(request=request, public=self.serve_public),
         ~~~~~~~~~~~~~~~~~~~~^^^^^^^^^^^^^^^^^^^^^^^^^^^^^^^^^^^^^^^^^^^
  File "C:\Users\Ammar\OneDrive\Desktop\LMS_project\.venv\Lib\site-packages\drf_spectacular\generators.py", line 287, in get_schema
    paths=self.parse(request, public),
          ~~~~~~~~~~^^^^^^^^^^^^^^^^^
  File "C:\Users\Ammar\OneDrive\Desktop\LMS_project\.venv\Lib\site-packages\drf_spectacular\generators.py", line 258, in parse
    operation = view.schema.get_operation(
        path, path_regex, path_prefix, method, self.registry
    )
  File "C:\Users\Ammar\OneDrive\Desktop\LMS_project\.venv\Lib\site-packages\drf_spectacular\openapi.py", line 101, in get_operation
    request_body = self._get_request_body()
  File "C:\Users\Ammar\OneDrive\Desktop\LMS_project\.venv\Lib\site-packages\drf_spectacular\openapi.py", line 1331, in _get_request_body
    schema, partial_request_body_required = self._get_request_for_media_type(serializer, direction)
                                            ~~~~~~~~~~~~~~~~~~~~~~~~~~~~~~~~^^^^^^^^^^^^^^^^^^^^^^^
  File "C:\Users\Ammar\OneDrive\Desktop\LMS_project\.venv\Lib\site-packages\drf_spectacular\openapi.py", line 1363, in _get_request_for_media_type
    component = self.resolve_serializer(serializer, direction)
  File "C:\Users\Ammar\OneDrive\Desktop\LMS_project\.venv\Lib\site-packages\drf_spectacular\openapi.py", line 1658, in resolve_serializer
    component.schema = self._map_serializer(serializer, direction, bypass_extensions)
                       ~~~~~~~~~~~~~~~~~~~~^^^^^^^^^^^^^^^^^^^^^^^^^^^^^^^^^^^^^^^^^^
  File "C:\Users\Ammar\OneDrive\Desktop\LMS_project\.venv\Lib\site-packages\drf_spectacular\openapi.py", line 959, in _map_serializer
    schema = self._map_basic_serializer(serializer, direction)
  File "C:\Users\Ammar\OneDrive\Desktop\LMS_project\.venv\Lib\site-packages\drf_spectacular\openapi.py", line 1052, in _map_basic_serializer
    for field in serializer.fields.values():
                 ^^^^^^^^^^^^^^^^^
  File "C:\Users\Ammar\OneDrive\Desktop\LMS_project\.venv\Lib\site-packages\django\utils\functional.py", line 47, in __get__
    res = instance.__dict__[self.name] = self.func(instance)
                                         ~~~~~~~~~^^^^^^^^^^
  File "C:\Users\Ammar\OneDrive\Desktop\LMS_project\.venv\Lib\site-packages\rest_framework\serializers.py", line 386, in fields
    for key, value in self.get_fields().items():
                      ~~~~~~~~~~~~~~~^^
  File "C:\Users\Ammar\OneDrive\Desktop\LMS_project\.venv\Lib\site-packages\rest_framework\serializers.py", line 1132, in get_fields
    field_class, field_kwargs = self.build_field(
                                ~~~~~~~~~~~~~~~~^
        source, info, model, depth
        ^^^^^^^^^^^^^^^^^^^^^^^^^^
    )
    ^
  File "C:\Users\Ammar\OneDrive\Desktop\LMS_project\.venv\Lib\site-packages\rest_framework\serializers.py", line 1278, in build_field
    return self.build_unknown_field(field_name, model_class)
           ~~~~~~~~~~~~~~~~~~~~~~~~^^^^^^^^^^^^^^^^^^^^^^^^^
  File "C:\Users\Ammar\OneDrive\Desktop\LMS_project\.venv\Lib\site-packages\rest_framework\serializers.py", line 1396, in build_unknown_field
    raise ImproperlyConfigured(
    ...<2 lines>...
    )
django.core.exceptions.ImproperlyConfigured: Field name `lesson` is not valid for model `Quiz` in `apps.quizzes.serializers.QuizCreateSerializer`.

ERROR 2026-08-04 18:55:44,852 exceptions 15356 18932 Unhandled exception: Field name `lesson` is not valid for model `Quiz` in `apps.quizzes.serializers.QuizCreateSerializer`.
Traceback (most recent call last):
  File "C:\Users\Ammar\OneDrive\Desktop\LMS_project\.venv\Lib\site-packages\rest_framework\views.py", line 512, in dispatch
    response = handler(request, *args, **kwargs)
  File "C:\Users\Ammar\OneDrive\Desktop\LMS_project\.venv\Lib\site-packages\drf_spectacular\views.py", line 84, in get
    return self._get_schema_response(request)
           ~~~~~~~~~~~~~~~~~~~~~~~~~^^^^^^^^^
  File "C:\Users\Ammar\OneDrive\Desktop\LMS_project\.venv\Lib\site-packages\drf_spectacular\views.py", line 92, in _get_schema_response
    data=generator.get_schema(request=request, public=self.serve_public),
         ~~~~~~~~~~~~~~~~~~~~^^^^^^^^^^^^^^^^^^^^^^^^^^^^^^^^^^^^^^^^^^^
  File "C:\Users\Ammar\OneDrive\Desktop\LMS_project\.venv\Lib\site-packages\drf_spectacular\generators.py", line 287, in get_schema
    paths=self.parse(request, public),
          ~~~~~~~~~~^^^^^^^^^^^^^^^^^
  File "C:\Users\Ammar\OneDrive\Desktop\LMS_project\.venv\Lib\site-packages\drf_spectacular\generators.py", line 258, in parse
    operation = view.schema.get_operation(
        path, path_regex, path_prefix, method, self.registry
    )
  File "C:\Users\Ammar\OneDrive\Desktop\LMS_project\.venv\Lib\site-packages\drf_spectacular\openapi.py", line 101, in get_operation
    request_body = self._get_request_body()
  File "C:\Users\Ammar\OneDrive\Desktop\LMS_project\.venv\Lib\site-packages\drf_spectacular\openapi.py", line 1331, in _get_request_body
    schema, partial_request_body_required = self._get_request_for_media_type(serializer, direction)
                                            ~~~~~~~~~~~~~~~~~~~~~~~~~~~~~~~~^^^^^^^^^^^^^^^^^^^^^^^
  File "C:\Users\Ammar\OneDrive\Desktop\LMS_project\.venv\Lib\site-packages\drf_spectacular\openapi.py", line 1363, in _get_request_for_media_type
    component = self.resolve_serializer(serializer, direction)
  File "C:\Users\Ammar\OneDrive\Desktop\LMS_project\.venv\Lib\site-packages\drf_spectacular\openapi.py", line 1658, in resolve_serializer
    component.schema = self._map_serializer(serializer, direction, bypass_extensions)
                       ~~~~~~~~~~~~~~~~~~~~^^^^^^^^^^^^^^^^^^^^^^^^^^^^^^^^^^^^^^^^^^
  File "C:\Users\Ammar\OneDrive\Desktop\LMS_project\.venv\Lib\site-packages\drf_spectacular\openapi.py", line 959, in _map_serializer
    schema = self._map_basic_serializer(serializer, direction)
  File "C:\Users\Ammar\OneDrive\Desktop\LMS_project\.venv\Lib\site-packages\drf_spectacular\openapi.py", line 1052, in _map_basic_serializer
    for field in serializer.fields.values():
                 ^^^^^^^^^^^^^^^^^
  File "C:\Users\Ammar\OneDrive\Desktop\LMS_project\.venv\Lib\site-packages\django\utils\functional.py", line 47, in __get__
    res = instance.__dict__[self.name] = self.func(instance)
                                         ~~~~~~~~~^^^^^^^^^^
  File "C:\Users\Ammar\OneDrive\Desktop\LMS_project\.venv\Lib\site-packages\rest_framework\serializers.py", line 386, in fields
    for key, value in self.get_fields().items():
                      ~~~~~~~~~~~~~~~^^
  File "C:\Users\Ammar\OneDrive\Desktop\LMS_project\.venv\Lib\site-packages\rest_framework\serializers.py", line 1132, in get_fields
    field_class, field_kwargs = self.build_field(
                                ~~~~~~~~~~~~~~~~^
        source, info, model, depth
        ^^^^^^^^^^^^^^^^^^^^^^^^^^
    )
    ^
  File "C:\Users\Ammar\OneDrive\Desktop\LMS_project\.venv\Lib\site-packages\rest_framework\serializers.py", line 1278, in build_field
    return self.build_unknown_field(field_name, model_class)
           ~~~~~~~~~~~~~~~~~~~~~~~~^^^^^^^^^^^^^^^^^^^^^^^^^
  File "C:\Users\Ammar\OneDrive\Desktop\LMS_project\.venv\Lib\site-packages\rest_framework\serializers.py", line 1396, in build_unknown_field
    raise ImproperlyConfigured(
    ...<2 lines>...
    )
django.core.exceptions.ImproperlyConfigured: Field name `lesson` is not valid for model `Quiz` in `apps.quizzes.serializers.QuizCreateSerializer`.

ERROR 2026-08-04 18:56:15,182 exceptions 15356 10272 Unhandled exception: Field name `lesson` is not valid for model `Quiz` in `apps.quizzes.serializers.QuizCreateSerializer`.
Traceback (most recent call last):
  File "C:\Users\Ammar\OneDrive\Desktop\LMS_project\.venv\Lib\site-packages\rest_framework\views.py", line 512, in dispatch
    response = handler(request, *args, **kwargs)
  File "C:\Users\Ammar\OneDrive\Desktop\LMS_project\.venv\Lib\site-packages\drf_spectacular\views.py", line 84, in get
    return self._get_schema_response(request)
           ~~~~~~~~~~~~~~~~~~~~~~~~~^^^^^^^^^
  File "C:\Users\Ammar\OneDrive\Desktop\LMS_project\.venv\Lib\site-packages\drf_spectacular\views.py", line 92, in _get_schema_response
    data=generator.get_schema(request=request, public=self.serve_public),
         ~~~~~~~~~~~~~~~~~~~~^^^^^^^^^^^^^^^^^^^^^^^^^^^^^^^^^^^^^^^^^^^
  File "C:\Users\Ammar\OneDrive\Desktop\LMS_project\.venv\Lib\site-packages\drf_spectacular\generators.py", line 287, in get_schema
    paths=self.parse(request, public),
          ~~~~~~~~~~^^^^^^^^^^^^^^^^^
  File "C:\Users\Ammar\OneDrive\Desktop\LMS_project\.venv\Lib\site-packages\drf_spectacular\generators.py", line 258, in parse
    operation = view.schema.get_operation(
        path, path_regex, path_prefix, method, self.registry
    )
  File "C:\Users\Ammar\OneDrive\Desktop\LMS_project\.venv\Lib\site-packages\drf_spectacular\openapi.py", line 101, in get_operation
    request_body = self._get_request_body()
  File "C:\Users\Ammar\OneDrive\Desktop\LMS_project\.venv\Lib\site-packages\drf_spectacular\openapi.py", line 1331, in _get_request_body
    schema, partial_request_body_required = self._get_request_for_media_type(serializer, direction)
                                            ~~~~~~~~~~~~~~~~~~~~~~~~~~~~~~~~^^^^^^^^^^^^^^^^^^^^^^^
  File "C:\Users\Ammar\OneDrive\Desktop\LMS_project\.venv\Lib\site-packages\drf_spectacular\openapi.py", line 1363, in _get_request_for_media_type
    component = self.resolve_serializer(serializer, direction)
  File "C:\Users\Ammar\OneDrive\Desktop\LMS_project\.venv\Lib\site-packages\drf_spectacular\openapi.py", line 1658, in resolve_serializer
    component.schema = self._map_serializer(serializer, direction, bypass_extensions)
                       ~~~~~~~~~~~~~~~~~~~~^^^^^^^^^^^^^^^^^^^^^^^^^^^^^^^^^^^^^^^^^^
  File "C:\Users\Ammar\OneDrive\Desktop\LMS_project\.venv\Lib\site-packages\drf_spectacular\openapi.py", line 959, in _map_serializer
    schema = self._map_basic_serializer(serializer, direction)
  File "C:\Users\Ammar\OneDrive\Desktop\LMS_project\.venv\Lib\site-packages\drf_spectacular\openapi.py", line 1052, in _map_basic_serializer
    for field in serializer.fields.values():
                 ^^^^^^^^^^^^^^^^^
  File "C:\Users\Ammar\OneDrive\Desktop\LMS_project\.venv\Lib\site-packages\django\utils\functional.py", line 47, in __get__
    res = instance.__dict__[self.name] = self.func(instance)
                                         ~~~~~~~~~^^^^^^^^^^
  File "C:\Users\Ammar\OneDrive\Desktop\LMS_project\.venv\Lib\site-packages\rest_framework\serializers.py", line 386, in fields
    for key, value in self.get_fields().items():
                      ~~~~~~~~~~~~~~~^^
  File "C:\Users\Ammar\OneDrive\Desktop\LMS_project\.venv\Lib\site-packages\rest_framework\serializers.py", line 1132, in get_fields
    field_class, field_kwargs = self.build_field(
                                ~~~~~~~~~~~~~~~~^
        source, info, model, depth
        ^^^^^^^^^^^^^^^^^^^^^^^^^^
    )
    ^
  File "C:\Users\Ammar\OneDrive\Desktop\LMS_project\.venv\Lib\site-packages\rest_framework\serializers.py", line 1278, in build_field
    return self.build_unknown_field(field_name, model_class)
           ~~~~~~~~~~~~~~~~~~~~~~~~^^^^^^^^^^^^^^^^^^^^^^^^^
  File "C:\Users\Ammar\OneDrive\Desktop\LMS_project\.venv\Lib\site-packages\rest_framework\serializers.py", line 1396, in build_unknown_field
    raise ImproperlyConfigured(
    ...<2 lines>...
    )
django.core.exceptions.ImproperlyConfigured: Field name `lesson` is not valid for model `Quiz` in `apps.quizzes.serializers.QuizCreateSerializer`.

ERROR 2026-08-04 18:57:15,904 exceptions 15356 19128 Unhandled exception: Field name `lesson` is not valid for model `Quiz` in `apps.quizzes.serializers.QuizCreateSerializer`.
Traceback (most recent call last):
  File "C:\Users\Ammar\OneDrive\Desktop\LMS_project\.venv\Lib\site-packages\rest_framework\views.py", line 512, in dispatch
    response = handler(request, *args, **kwargs)
  File "C:\Users\Ammar\OneDrive\Desktop\LMS_project\.venv\Lib\site-packages\drf_spectacular\views.py", line 84, in get
    return self._get_schema_response(request)
           ~~~~~~~~~~~~~~~~~~~~~~~~~^^^^^^^^^
  File "C:\Users\Ammar\OneDrive\Desktop\LMS_project\.venv\Lib\site-packages\drf_spectacular\views.py", line 92, in _get_schema_response
    data=generator.get_schema(request=request, public=self.serve_public),
         ~~~~~~~~~~~~~~~~~~~~^^^^^^^^^^^^^^^^^^^^^^^^^^^^^^^^^^^^^^^^^^^
  File "C:\Users\Ammar\OneDrive\Desktop\LMS_project\.venv\Lib\site-packages\drf_spectacular\generators.py", line 287, in get_schema
    paths=self.parse(request, public),
          ~~~~~~~~~~^^^^^^^^^^^^^^^^^
  File "C:\Users\Ammar\OneDrive\Desktop\LMS_project\.venv\Lib\site-packages\drf_spectacular\generators.py", line 258, in parse
    operation = view.schema.get_operation(
        path, path_regex, path_prefix, method, self.registry
    )
  File "C:\Users\Ammar\OneDrive\Desktop\LMS_project\.venv\Lib\site-packages\drf_spectacular\openapi.py", line 101, in get_operation
    request_body = self._get_request_body()
  File "C:\Users\Ammar\OneDrive\Desktop\LMS_project\.venv\Lib\site-packages\drf_spectacular\openapi.py", line 1331, in _get_request_body
    schema, partial_request_body_required = self._get_request_for_media_type(serializer, direction)
                                            ~~~~~~~~~~~~~~~~~~~~~~~~~~~~~~~~^^^^^^^^^^^^^^^^^^^^^^^
  File "C:\Users\Ammar\OneDrive\Desktop\LMS_project\.venv\Lib\site-packages\drf_spectacular\openapi.py", line 1363, in _get_request_for_media_type
    component = self.resolve_serializer(serializer, direction)
  File "C:\Users\Ammar\OneDrive\Desktop\LMS_project\.venv\Lib\site-packages\drf_spectacular\openapi.py", line 1658, in resolve_serializer
    component.schema = self._map_serializer(serializer, direction, bypass_extensions)
                       ~~~~~~~~~~~~~~~~~~~~^^^^^^^^^^^^^^^^^^^^^^^^^^^^^^^^^^^^^^^^^^
  File "C:\Users\Ammar\OneDrive\Desktop\LMS_project\.venv\Lib\site-packages\drf_spectacular\openapi.py", line 959, in _map_serializer
    schema = self._map_basic_serializer(serializer, direction)
  File "C:\Users\Ammar\OneDrive\Desktop\LMS_project\.venv\Lib\site-packages\drf_spectacular\openapi.py", line 1052, in _map_basic_serializer
    for field in serializer.fields.values():
                 ^^^^^^^^^^^^^^^^^
  File "C:\Users\Ammar\OneDrive\Desktop\LMS_project\.venv\Lib\site-packages\django\utils\functional.py", line 47, in __get__
    res = instance.__dict__[self.name] = self.func(instance)
                                         ~~~~~~~~~^^^^^^^^^^
  File "C:\Users\Ammar\OneDrive\Desktop\LMS_project\.venv\Lib\site-packages\rest_framework\serializers.py", line 386, in fields
    for key, value in self.get_fields().items():
                      ~~~~~~~~~~~~~~~^^
  File "C:\Users\Ammar\OneDrive\Desktop\LMS_project\.venv\Lib\site-packages\rest_framework\serializers.py", line 1132, in get_fields
    field_class, field_kwargs = self.build_field(
                                ~~~~~~~~~~~~~~~~^
        source, info, model, depth
        ^^^^^^^^^^^^^^^^^^^^^^^^^^
    )
    ^
  File "C:\Users\Ammar\OneDrive\Desktop\LMS_project\.venv\Lib\site-packages\rest_framework\serializers.py", line 1278, in build_field
    return self.build_unknown_field(field_name, model_class)
           ~~~~~~~~~~~~~~~~~~~~~~~~^^^^^^^^^^^^^^^^^^^^^^^^^
  File "C:\Users\Ammar\OneDrive\Desktop\LMS_project\.venv\Lib\site-packages\rest_framework\serializers.py", line 1396, in build_unknown_field
    raise ImproperlyConfigured(
    ...<2 lines>...
    )
django.core.exceptions.ImproperlyConfigured: Field name `lesson` is not valid for model `Quiz` in `apps.quizzes.serializers.QuizCreateSerializer`.

ERROR 2026-08-04 19:02:16,519 exceptions 15356 16052 Unhandled exception: Field name `lesson` is not valid for model `Quiz` in `apps.quizzes.serializers.QuizCreateSerializer`.
Traceback (most recent call last):
  File "C:\Users\Ammar\OneDrive\Desktop\LMS_project\.venv\Lib\site-packages\rest_framework\views.py", line 512, in dispatch
    response = handler(request, *args, **kwargs)
  File "C:\Users\Ammar\OneDrive\Desktop\LMS_project\.venv\Lib\site-packages\drf_spectacular\views.py", line 84, in get
    return self._get_schema_response(request)
           ~~~~~~~~~~~~~~~~~~~~~~~~~^^^^^^^^^
  File "C:\Users\Ammar\OneDrive\Desktop\LMS_project\.venv\Lib\site-packages\drf_spectacular\views.py", line 92, in _get_schema_response
    data=generator.get_schema(request=request, public=self.serve_public),
         ~~~~~~~~~~~~~~~~~~~~^^^^^^^^^^^^^^^^^^^^^^^^^^^^^^^^^^^^^^^^^^^
  File "C:\Users\Ammar\OneDrive\Desktop\LMS_project\.venv\Lib\site-packages\drf_spectacular\generators.py", line 287, in get_schema
    paths=self.parse(request, public),
          ~~~~~~~~~~^^^^^^^^^^^^^^^^^
  File "C:\Users\Ammar\OneDrive\Desktop\LMS_project\.venv\Lib\site-packages\drf_spectacular\generators.py", line 258, in parse
    operation = view.schema.get_operation(
        path, path_regex, path_prefix, method, self.registry
    )
  File "C:\Users\Ammar\OneDrive\Desktop\LMS_project\.venv\Lib\site-packages\drf_spectacular\openapi.py", line 101, in get_operation
    request_body = self._get_request_body()
  File "C:\Users\Ammar\OneDrive\Desktop\LMS_project\.venv\Lib\site-packages\drf_spectacular\openapi.py", line 1331, in _get_request_body
    schema, partial_request_body_required = self._get_request_for_media_type(serializer, direction)
                                            ~~~~~~~~~~~~~~~~~~~~~~~~~~~~~~~~^^^^^^^^^^^^^^^^^^^^^^^
  File "C:\Users\Ammar\OneDrive\Desktop\LMS_project\.venv\Lib\site-packages\drf_spectacular\openapi.py", line 1363, in _get_request_for_media_type
    component = self.resolve_serializer(serializer, direction)
  File "C:\Users\Ammar\OneDrive\Desktop\LMS_project\.venv\Lib\site-packages\drf_spectacular\openapi.py", line 1658, in resolve_serializer
    component.schema = self._map_serializer(serializer, direction, bypass_extensions)
                       ~~~~~~~~~~~~~~~~~~~~^^^^^^^^^^^^^^^^^^^^^^^^^^^^^^^^^^^^^^^^^^
  File "C:\Users\Ammar\OneDrive\Desktop\LMS_project\.venv\Lib\site-packages\drf_spectacular\openapi.py", line 959, in _map_serializer
    schema = self._map_basic_serializer(serializer, direction)
  File "C:\Users\Ammar\OneDrive\Desktop\LMS_project\.venv\Lib\site-packages\drf_spectacular\openapi.py", line 1052, in _map_basic_serializer
    for field in serializer.fields.values():
                 ^^^^^^^^^^^^^^^^^
  File "C:\Users\Ammar\OneDrive\Desktop\LMS_project\.venv\Lib\site-packages\django\utils\functional.py", line 47, in __get__
    res = instance.__dict__[self.name] = self.func(instance)
                                         ~~~~~~~~~^^^^^^^^^^
  File "C:\Users\Ammar\OneDrive\Desktop\LMS_project\.venv\Lib\site-packages\rest_framework\serializers.py", line 386, in fields
    for key, value in self.get_fields().items():
                      ~~~~~~~~~~~~~~~^^
  File "C:\Users\Ammar\OneDrive\Desktop\LMS_project\.venv\Lib\site-packages\rest_framework\serializers.py", line 1132, in get_fields
    field_class, field_kwargs = self.build_field(
                                ~~~~~~~~~~~~~~~~^
        source, info, model, depth
        ^^^^^^^^^^^^^^^^^^^^^^^^^^
    )
    ^
  File "C:\Users\Ammar\OneDrive\Desktop\LMS_project\.venv\Lib\site-packages\rest_framework\serializers.py", line 1278, in build_field
    return self.build_unknown_field(field_name, model_class)
           ~~~~~~~~~~~~~~~~~~~~~~~~^^^^^^^^^^^^^^^^^^^^^^^^^
  File "C:\Users\Ammar\OneDrive\Desktop\LMS_project\.venv\Lib\site-packages\rest_framework\serializers.py", line 1396, in build_unknown_field
    raise ImproperlyConfigured(
    ...<2 lines>...
    )
django.core.exceptions.ImproperlyConfigured: Field name `lesson` is not valid for model `Quiz` in `apps.quizzes.serializers.QuizCreateSerializer`.

ERROR 2026-08-04 19:03:02,085 exceptions 19036 10884 Unhandled exception: Field name `lesson` is not valid for model `Quiz` in `apps.quizzes.serializers.QuizCreateSerializer`.
Traceback (most recent call last):
  File "C:\Users\Ammar\OneDrive\Desktop\LMS_project\.venv\Lib\site-packages\rest_framework\views.py", line 512, in dispatch
    response = handler(request, *args, **kwargs)
  File "C:\Users\Ammar\OneDrive\Desktop\LMS_project\.venv\Lib\site-packages\drf_spectacular\views.py", line 84, in get
    return self._get_schema_response(request)
           ~~~~~~~~~~~~~~~~~~~~~~~~~^^^^^^^^^
  File "C:\Users\Ammar\OneDrive\Desktop\LMS_project\.venv\Lib\site-packages\drf_spectacular\views.py", line 92, in _get_schema_response
    data=generator.get_schema(request=request, public=self.serve_public),
         ~~~~~~~~~~~~~~~~~~~~^^^^^^^^^^^^^^^^^^^^^^^^^^^^^^^^^^^^^^^^^^^
  File "C:\Users\Ammar\OneDrive\Desktop\LMS_project\.venv\Lib\site-packages\drf_spectacular\generators.py", line 287, in get_schema
    paths=self.parse(request, public),
          ~~~~~~~~~~^^^^^^^^^^^^^^^^^
  File "C:\Users\Ammar\OneDrive\Desktop\LMS_project\.venv\Lib\site-packages\drf_spectacular\generators.py", line 258, in parse
    operation = view.schema.get_operation(
        path, path_regex, path_prefix, method, self.registry
    )
  File "C:\Users\Ammar\OneDrive\Desktop\LMS_project\.venv\Lib\site-packages\drf_spectacular\openapi.py", line 101, in get_operation
    request_body = self._get_request_body()
  File "C:\Users\Ammar\OneDrive\Desktop\LMS_project\.venv\Lib\site-packages\drf_spectacular\openapi.py", line 1331, in _get_request_body
    schema, partial_request_body_required = self._get_request_for_media_type(serializer, direction)
                                            ~~~~~~~~~~~~~~~~~~~~~~~~~~~~~~~~^^^^^^^^^^^^^^^^^^^^^^^
  File "C:\Users\Ammar\OneDrive\Desktop\LMS_project\.venv\Lib\site-packages\drf_spectacular\openapi.py", line 1363, in _get_request_for_media_type
    component = self.resolve_serializer(serializer, direction)
  File "C:\Users\Ammar\OneDrive\Desktop\LMS_project\.venv\Lib\site-packages\drf_spectacular\openapi.py", line 1658, in resolve_serializer
    component.schema = self._map_serializer(serializer, direction, bypass_extensions)
                       ~~~~~~~~~~~~~~~~~~~~^^^^^^^^^^^^^^^^^^^^^^^^^^^^^^^^^^^^^^^^^^
  File "C:\Users\Ammar\OneDrive\Desktop\LMS_project\.venv\Lib\site-packages\drf_spectacular\openapi.py", line 959, in _map_serializer
    schema = self._map_basic_serializer(serializer, direction)
  File "C:\Users\Ammar\OneDrive\Desktop\LMS_project\.venv\Lib\site-packages\drf_spectacular\openapi.py", line 1052, in _map_basic_serializer
    for field in serializer.fields.values():
                 ^^^^^^^^^^^^^^^^^
  File "C:\Users\Ammar\OneDrive\Desktop\LMS_project\.venv\Lib\site-packages\django\utils\functional.py", line 47, in __get__
    res = instance.__dict__[self.name] = self.func(instance)
                                         ~~~~~~~~~^^^^^^^^^^
  File "C:\Users\Ammar\OneDrive\Desktop\LMS_project\.venv\Lib\site-packages\rest_framework\serializers.py", line 386, in fields
    for key, value in self.get_fields().items():
                      ~~~~~~~~~~~~~~~^^
  File "C:\Users\Ammar\OneDrive\Desktop\LMS_project\.venv\Lib\site-packages\rest_framework\serializers.py", line 1132, in get_fields
    field_class, field_kwargs = self.build_field(
                                ~~~~~~~~~~~~~~~~^
        source, info, model, depth
        ^^^^^^^^^^^^^^^^^^^^^^^^^^
    )
    ^
  File "C:\Users\Ammar\OneDrive\Desktop\LMS_project\.venv\Lib\site-packages\rest_framework\serializers.py", line 1278, in build_field
    return self.build_unknown_field(field_name, model_class)
           ~~~~~~~~~~~~~~~~~~~~~~~~^^^^^^^^^^^^^^^^^^^^^^^^^
  File "C:\Users\Ammar\OneDrive\Desktop\LMS_project\.venv\Lib\site-packages\rest_framework\serializers.py", line 1396, in build_unknown_field
    raise ImproperlyConfigured(
    ...<2 lines>...
    )
django.core.exceptions.ImproperlyConfigured: Field name `lesson` is not valid for model `Quiz` in `apps.quizzes.serializers.QuizCreateSerializer`.

ERROR 2026-08-04 19:03:03,359 exceptions 19036 3304 Unhandled exception: Field name `lesson` is not valid for model `Quiz` in `apps.quizzes.serializers.QuizCreateSerializer`.
Traceback (most recent call last):
  File "C:\Users\Ammar\OneDrive\Desktop\LMS_project\.venv\Lib\site-packages\rest_framework\views.py", line 512, in dispatch
    response = handler(request, *args, **kwargs)
  File "C:\Users\Ammar\OneDrive\Desktop\LMS_project\.venv\Lib\site-packages\drf_spectacular\views.py", line 84, in get
    return self._get_schema_response(request)
           ~~~~~~~~~~~~~~~~~~~~~~~~~^^^^^^^^^
  File "C:\Users\Ammar\OneDrive\Desktop\LMS_project\.venv\Lib\site-packages\drf_spectacular\views.py", line 92, in _get_schema_response
    data=generator.get_schema(request=request, public=self.serve_public),
         ~~~~~~~~~~~~~~~~~~~~^^^^^^^^^^^^^^^^^^^^^^^^^^^^^^^^^^^^^^^^^^^
  File "C:\Users\Ammar\OneDrive\Desktop\LMS_project\.venv\Lib\site-packages\drf_spectacular\generators.py", line 287, in get_schema
    paths=self.parse(request, public),
          ~~~~~~~~~~^^^^^^^^^^^^^^^^^
  File "C:\Users\Ammar\OneDrive\Desktop\LMS_project\.venv\Lib\site-packages\drf_spectacular\generators.py", line 258, in parse
    operation = view.schema.get_operation(
        path, path_regex, path_prefix, method, self.registry
    )
  File "C:\Users\Ammar\OneDrive\Desktop\LMS_project\.venv\Lib\site-packages\drf_spectacular\openapi.py", line 101, in get_operation
    request_body = self._get_request_body()
  File "C:\Users\Ammar\OneDrive\Desktop\LMS_project\.venv\Lib\site-packages\drf_spectacular\openapi.py", line 1331, in _get_request_body
    schema, partial_request_body_required = self._get_request_for_media_type(serializer, direction)
                                            ~~~~~~~~~~~~~~~~~~~~~~~~~~~~~~~~^^^^^^^^^^^^^^^^^^^^^^^
  File "C:\Users\Ammar\OneDrive\Desktop\LMS_project\.venv\Lib\site-packages\drf_spectacular\openapi.py", line 1363, in _get_request_for_media_type
    component = self.resolve_serializer(serializer, direction)
  File "C:\Users\Ammar\OneDrive\Desktop\LMS_project\.venv\Lib\site-packages\drf_spectacular\openapi.py", line 1658, in resolve_serializer
    component.schema = self._map_serializer(serializer, direction, bypass_extensions)
                       ~~~~~~~~~~~~~~~~~~~~^^^^^^^^^^^^^^^^^^^^^^^^^^^^^^^^^^^^^^^^^^
  File "C:\Users\Ammar\OneDrive\Desktop\LMS_project\.venv\Lib\site-packages\drf_spectacular\openapi.py", line 959, in _map_serializer
    schema = self._map_basic_serializer(serializer, direction)
  File "C:\Users\Ammar\OneDrive\Desktop\LMS_project\.venv\Lib\site-packages\drf_spectacular\openapi.py", line 1052, in _map_basic_serializer
    for field in serializer.fields.values():
                 ^^^^^^^^^^^^^^^^^
  File "C:\Users\Ammar\OneDrive\Desktop\LMS_project\.venv\Lib\site-packages\django\utils\functional.py", line 47, in __get__
    res = instance.__dict__[self.name] = self.func(instance)
                                         ~~~~~~~~~^^^^^^^^^^
  File "C:\Users\Ammar\OneDrive\Desktop\LMS_project\.venv\Lib\site-packages\rest_framework\serializers.py", line 386, in fields
    for key, value in self.get_fields().items():
                      ~~~~~~~~~~~~~~~^^
  File "C:\Users\Ammar\OneDrive\Desktop\LMS_project\.venv\Lib\site-packages\rest_framework\serializers.py", line 1132, in get_fields
    field_class, field_kwargs = self.build_field(
                                ~~~~~~~~~~~~~~~~^
        source, info, model, depth
        ^^^^^^^^^^^^^^^^^^^^^^^^^^
    )
    ^
  File "C:\Users\Ammar\OneDrive\Desktop\LMS_project\.venv\Lib\site-packages\rest_framework\serializers.py", line 1278, in build_field
    return self.build_unknown_field(field_name, model_class)
           ~~~~~~~~~~~~~~~~~~~~~~~~^^^^^^^^^^^^^^^^^^^^^^^^^
  File "C:\Users\Ammar\OneDrive\Desktop\LMS_project\.venv\Lib\site-packages\rest_framework\serializers.py", line 1396, in build_unknown_field
    raise ImproperlyConfigured(
    ...<2 lines>...
    )
django.core.exceptions.ImproperlyConfigured: Field name `lesson` is not valid for model `Quiz` in `apps.quizzes.serializers.QuizCreateSerializer`.

ERROR 2026-08-04 19:03:08,752 exceptions 19036 14128 Unhandled exception: Field name `lesson` is not valid for model `Quiz` in `apps.quizzes.serializers.QuizCreateSerializer`.
Traceback (most recent call last):
  File "C:\Users\Ammar\OneDrive\Desktop\LMS_project\.venv\Lib\site-packages\rest_framework\views.py", line 512, in dispatch
    response = handler(request, *args, **kwargs)
  File "C:\Users\Ammar\OneDrive\Desktop\LMS_project\.venv\Lib\site-packages\drf_spectacular\views.py", line 84, in get
    return self._get_schema_response(request)
           ~~~~~~~~~~~~~~~~~~~~~~~~~^^^^^^^^^
  File "C:\Users\Ammar\OneDrive\Desktop\LMS_project\.venv\Lib\site-packages\drf_spectacular\views.py", line 92, in _get_schema_response
    data=generator.get_schema(request=request, public=self.serve_public),
         ~~~~~~~~~~~~~~~~~~~~^^^^^^^^^^^^^^^^^^^^^^^^^^^^^^^^^^^^^^^^^^^
  File "C:\Users\Ammar\OneDrive\Desktop\LMS_project\.venv\Lib\site-packages\drf_spectacular\generators.py", line 287, in get_schema
    paths=self.parse(request, public),
          ~~~~~~~~~~^^^^^^^^^^^^^^^^^
  File "C:\Users\Ammar\OneDrive\Desktop\LMS_project\.venv\Lib\site-packages\drf_spectacular\generators.py", line 258, in parse
    operation = view.schema.get_operation(
        path, path_regex, path_prefix, method, self.registry
    )
  File "C:\Users\Ammar\OneDrive\Desktop\LMS_project\.venv\Lib\site-packages\drf_spectacular\openapi.py", line 101, in get_operation
    request_body = self._get_request_body()
  File "C:\Users\Ammar\OneDrive\Desktop\LMS_project\.venv\Lib\site-packages\drf_spectacular\openapi.py", line 1331, in _get_request_body
    schema, partial_request_body_required = self._get_request_for_media_type(serializer, direction)
                                            ~~~~~~~~~~~~~~~~~~~~~~~~~~~~~~~~^^^^^^^^^^^^^^^^^^^^^^^
  File "C:\Users\Ammar\OneDrive\Desktop\LMS_project\.venv\Lib\site-packages\drf_spectacular\openapi.py", line 1363, in _get_request_for_media_type
    component = self.resolve_serializer(serializer, direction)
  File "C:\Users\Ammar\OneDrive\Desktop\LMS_project\.venv\Lib\site-packages\drf_spectacular\openapi.py", line 1658, in resolve_serializer
    component.schema = self._map_serializer(serializer, direction, bypass_extensions)
                       ~~~~~~~~~~~~~~~~~~~~^^^^^^^^^^^^^^^^^^^^^^^^^^^^^^^^^^^^^^^^^^
  File "C:\Users\Ammar\OneDrive\Desktop\LMS_project\.venv\Lib\site-packages\drf_spectacular\openapi.py", line 959, in _map_serializer
    schema = self._map_basic_serializer(serializer, direction)
  File "C:\Users\Ammar\OneDrive\Desktop\LMS_project\.venv\Lib\site-packages\drf_spectacular\openapi.py", line 1052, in _map_basic_serializer
    for field in serializer.fields.values():
                 ^^^^^^^^^^^^^^^^^
  File "C:\Users\Ammar\OneDrive\Desktop\LMS_project\.venv\Lib\site-packages\django\utils\functional.py", line 47, in __get__
    res = instance.__dict__[self.name] = self.func(instance)
                                         ~~~~~~~~~^^^^^^^^^^
  File "C:\Users\Ammar\OneDrive\Desktop\LMS_project\.venv\Lib\site-packages\rest_framework\serializers.py", line 386, in fields
    for key, value in self.get_fields().items():
                      ~~~~~~~~~~~~~~~^^
  File "C:\Users\Ammar\OneDrive\Desktop\LMS_project\.venv\Lib\site-packages\rest_framework\serializers.py", line 1132, in get_fields
    field_class, field_kwargs = self.build_field(
                                ~~~~~~~~~~~~~~~~^
        source, info, model, depth
        ^^^^^^^^^^^^^^^^^^^^^^^^^^
    )
    ^
  File "C:\Users\Ammar\OneDrive\Desktop\LMS_project\.venv\Lib\site-packages\rest_framework\serializers.py", line 1278, in build_field
    return self.build_unknown_field(field_name, model_class)
           ~~~~~~~~~~~~~~~~~~~~~~~~^^^^^^^^^^^^^^^^^^^^^^^^^
  File "C:\Users\Ammar\OneDrive\Desktop\LMS_project\.venv\Lib\site-packages\rest_framework\serializers.py", line 1396, in build_unknown_field
    raise ImproperlyConfigured(
    ...<2 lines>...
    )
django.core.exceptions.ImproperlyConfigured: Field name `lesson` is not valid for model `Quiz` in `apps.quizzes.serializers.QuizCreateSerializer`.

ERROR 2026-08-04 19:03:39,346 exceptions 19036 7596 Unhandled exception: Field name `lesson` is not valid for model `Quiz` in `apps.quizzes.serializers.QuizCreateSerializer`.
Traceback (most recent call last):
  File "C:\Users\Ammar\OneDrive\Desktop\LMS_project\.venv\Lib\site-packages\rest_framework\views.py", line 512, in dispatch
    response = handler(request, *args, **kwargs)
  File "C:\Users\Ammar\OneDrive\Desktop\LMS_project\.venv\Lib\site-packages\drf_spectacular\views.py", line 84, in get
    return self._get_schema_response(request)
           ~~~~~~~~~~~~~~~~~~~~~~~~~^^^^^^^^^
  File "C:\Users\Ammar\OneDrive\Desktop\LMS_project\.venv\Lib\site-packages\drf_spectacular\views.py", line 92, in _get_schema_response
    data=generator.get_schema(request=request, public=self.serve_public),
         ~~~~~~~~~~~~~~~~~~~~^^^^^^^^^^^^^^^^^^^^^^^^^^^^^^^^^^^^^^^^^^^
  File "C:\Users\Ammar\OneDrive\Desktop\LMS_project\.venv\Lib\site-packages\drf_spectacular\generators.py", line 287, in get_schema
    paths=self.parse(request, public),
          ~~~~~~~~~~^^^^^^^^^^^^^^^^^
  File "C:\Users\Ammar\OneDrive\Desktop\LMS_project\.venv\Lib\site-packages\drf_spectacular\generators.py", line 258, in parse
    operation = view.schema.get_operation(
        path, path_regex, path_prefix, method, self.registry
    )
  File "C:\Users\Ammar\OneDrive\Desktop\LMS_project\.venv\Lib\site-packages\drf_spectacular\openapi.py", line 101, in get_operation
    request_body = self._get_request_body()
  File "C:\Users\Ammar\OneDrive\Desktop\LMS_project\.venv\Lib\site-packages\drf_spectacular\openapi.py", line 1331, in _get_request_body
    schema, partial_request_body_required = self._get_request_for_media_type(serializer, direction)
                                            ~~~~~~~~~~~~~~~~~~~~~~~~~~~~~~~~^^^^^^^^^^^^^^^^^^^^^^^
  File "C:\Users\Ammar\OneDrive\Desktop\LMS_project\.venv\Lib\site-packages\drf_spectacular\openapi.py", line 1363, in _get_request_for_media_type
    component = self.resolve_serializer(serializer, direction)
  File "C:\Users\Ammar\OneDrive\Desktop\LMS_project\.venv\Lib\site-packages\drf_spectacular\openapi.py", line 1658, in resolve_serializer
    component.schema = self._map_serializer(serializer, direction, bypass_extensions)
                       ~~~~~~~~~~~~~~~~~~~~^^^^^^^^^^^^^^^^^^^^^^^^^^^^^^^^^^^^^^^^^^
  File "C:\Users\Ammar\OneDrive\Desktop\LMS_project\.venv\Lib\site-packages\drf_spectacular\openapi.py", line 959, in _map_serializer
    schema = self._map_basic_serializer(serializer, direction)
  File "C:\Users\Ammar\OneDrive\Desktop\LMS_project\.venv\Lib\site-packages\drf_spectacular\openapi.py", line 1052, in _map_basic_serializer
    for field in serializer.fields.values():
                 ^^^^^^^^^^^^^^^^^
  File "C:\Users\Ammar\OneDrive\Desktop\LMS_project\.venv\Lib\site-packages\django\utils\functional.py", line 47, in __get__
    res = instance.__dict__[self.name] = self.func(instance)
                                         ~~~~~~~~~^^^^^^^^^^
  File "C:\Users\Ammar\OneDrive\Desktop\LMS_project\.venv\Lib\site-packages\rest_framework\serializers.py", line 386, in fields
    for key, value in self.get_fields().items():
                      ~~~~~~~~~~~~~~~^^
  File "C:\Users\Ammar\OneDrive\Desktop\LMS_project\.venv\Lib\site-packages\rest_framework\serializers.py", line 1132, in get_fields
    field_class, field_kwargs = self.build_field(
                                ~~~~~~~~~~~~~~~~^
        source, info, model, depth
        ^^^^^^^^^^^^^^^^^^^^^^^^^^
    )
    ^
  File "C:\Users\Ammar\OneDrive\Desktop\LMS_project\.venv\Lib\site-packages\rest_framework\serializers.py", line 1278, in build_field
    return self.build_unknown_field(field_name, model_class)
           ~~~~~~~~~~~~~~~~~~~~~~~~^^^^^^^^^^^^^^^^^^^^^^^^^
  File "C:\Users\Ammar\OneDrive\Desktop\LMS_project\.venv\Lib\site-packages\rest_framework\serializers.py", line 1396, in build_unknown_field
    raise ImproperlyConfigured(
    ...<2 lines>...
    )
django.core.exceptions.ImproperlyConfigured: Field name `lesson` is not valid for model `Quiz` in `apps.quizzes.serializers.QuizCreateSerializer`.

ERROR 2026-08-04 19:04:40,004 exceptions 19036 2316 Unhandled exception: Field name `lesson` is not valid for model `Quiz` in `apps.quizzes.serializers.QuizCreateSerializer`.
Traceback (most recent call last):
  File "C:\Users\Ammar\OneDrive\Desktop\LMS_project\.venv\Lib\site-packages\rest_framework\views.py", line 512, in dispatch
    response = handler(request, *args, **kwargs)
  File "C:\Users\Ammar\OneDrive\Desktop\LMS_project\.venv\Lib\site-packages\drf_spectacular\views.py", line 84, in get
    return self._get_schema_response(request)
           ~~~~~~~~~~~~~~~~~~~~~~~~~^^^^^^^^^
  File "C:\Users\Ammar\OneDrive\Desktop\LMS_project\.venv\Lib\site-packages\drf_spectacular\views.py", line 92, in _get_schema_response
    data=generator.get_schema(request=request, public=self.serve_public),
         ~~~~~~~~~~~~~~~~~~~~^^^^^^^^^^^^^^^^^^^^^^^^^^^^^^^^^^^^^^^^^^^
  File "C:\Users\Ammar\OneDrive\Desktop\LMS_project\.venv\Lib\site-packages\drf_spectacular\generators.py", line 287, in get_schema
    paths=self.parse(request, public),
          ~~~~~~~~~~^^^^^^^^^^^^^^^^^
  File "C:\Users\Ammar\OneDrive\Desktop\LMS_project\.venv\Lib\site-packages\drf_spectacular\generators.py", line 258, in parse
    operation = view.schema.get_operation(
        path, path_regex, path_prefix, method, self.registry
    )
  File "C:\Users\Ammar\OneDrive\Desktop\LMS_project\.venv\Lib\site-packages\drf_spectacular\openapi.py", line 101, in get_operation
    request_body = self._get_request_body()
  File "C:\Users\Ammar\OneDrive\Desktop\LMS_project\.venv\Lib\site-packages\drf_spectacular\openapi.py", line 1331, in _get_request_body
    schema, partial_request_body_required = self._get_request_for_media_type(serializer, direction)
                                            ~~~~~~~~~~~~~~~~~~~~~~~~~~~~~~~~^^^^^^^^^^^^^^^^^^^^^^^
  File "C:\Users\Ammar\OneDrive\Desktop\LMS_project\.venv\Lib\site-packages\drf_spectacular\openapi.py", line 1363, in _get_request_for_media_type
    component = self.resolve_serializer(serializer, direction)
  File "C:\Users\Ammar\OneDrive\Desktop\LMS_project\.venv\Lib\site-packages\drf_spectacular\openapi.py", line 1658, in resolve_serializer
    component.schema = self._map_serializer(serializer, direction, bypass_extensions)
                       ~~~~~~~~~~~~~~~~~~~~^^^^^^^^^^^^^^^^^^^^^^^^^^^^^^^^^^^^^^^^^^
  File "C:\Users\Ammar\OneDrive\Desktop\LMS_project\.venv\Lib\site-packages\drf_spectacular\openapi.py", line 959, in _map_serializer
    schema = self._map_basic_serializer(serializer, direction)
  File "C:\Users\Ammar\OneDrive\Desktop\LMS_project\.venv\Lib\site-packages\drf_spectacular\openapi.py", line 1052, in _map_basic_serializer
    for field in serializer.fields.values():
                 ^^^^^^^^^^^^^^^^^
  File "C:\Users\Ammar\OneDrive\Desktop\LMS_project\.venv\Lib\site-packages\django\utils\functional.py", line 47, in __get__
    res = instance.__dict__[self.name] = self.func(instance)
                                         ~~~~~~~~~^^^^^^^^^^
  File "C:\Users\Ammar\OneDrive\Desktop\LMS_project\.venv\Lib\site-packages\rest_framework\serializers.py", line 386, in fields
    for key, value in self.get_fields().items():
                      ~~~~~~~~~~~~~~~^^
  File "C:\Users\Ammar\OneDrive\Desktop\LMS_project\.venv\Lib\site-packages\rest_framework\serializers.py", line 1132, in get_fields
    field_class, field_kwargs = self.build_field(
                                ~~~~~~~~~~~~~~~~^
        source, info, model, depth
        ^^^^^^^^^^^^^^^^^^^^^^^^^^
    )
    ^
  File "C:\Users\Ammar\OneDrive\Desktop\LMS_project\.venv\Lib\site-packages\rest_framework\serializers.py", line 1278, in build_field
    return self.build_unknown_field(field_name, model_class)
           ~~~~~~~~~~~~~~~~~~~~~~~~^^^^^^^^^^^^^^^^^^^^^^^^^
  File "C:\Users\Ammar\OneDrive\Desktop\LMS_project\.venv\Lib\site-packages\rest_framework\serializers.py", line 1396, in build_unknown_field
    raise ImproperlyConfigured(
    ...<2 lines>...
    )
django.core.exceptions.ImproperlyConfigured: Field name `lesson` is not valid for model `Quiz` in `apps.quizzes.serializers.QuizCreateSerializer`.

WARNING 2026-08-04 19:14:04,124 exceptions 13080 4456 API error 401: Authentication credentials were not provided.
WARNING 2026-08-04 19:19:44,320 exceptions 13080 19628 API error 401: Given token not valid for any token type
WARNING 2026-08-04 19:22:42,417 exceptions 13080 1144 API error 401: Given token not valid for any token type
WARNING 2026-08-04 19:24:33,113 exceptions 7380 17436 API error 401: Given token not valid for any token type
WARNING 2026-08-04 19:28:55,865 exceptions 7380 6632 API error 403: You do not have permission to perform this action.
WARNING 2026-08-05 20:14:42,826 exceptions 9820 21796 API error 403: You do not have permission to perform this action.
