INFO 2026-06-29 16:11:14,834 services 8448 19020 Verification email sent to user 1
INFO 2026-06-29 16:23:41,124 autoreload 6784 9020 Watching for file changes with StatReloader
WARNING 2026-06-29 16:23:47,194 log 6784 17688 Not Found: /
WARNING 2026-06-29 16:23:47,195 basehttp 6784 17688 "GET / HTTP/1.1" 404 4242
WARNING 2026-06-29 16:23:47,908 log 6784 12540 Not Found: /favicon.ico
WARNING 2026-06-29 16:23:47,910 basehttp 6784 12540 "GET /favicon.ico HTTP/1.1" 404 4293
INFO 2026-06-29 16:23:54,352 basehttp 6784 19316 "GET /admin/ HTTP/1.1" 302 0
INFO 2026-06-29 16:23:54,489 basehttp 6784 19316 "GET /admin/login/?next=/admin/ HTTP/1.1" 200 4170
INFO 2026-06-29 16:23:54,907 basehttp 6784 22024 "GET /static/admin/css/login.css HTTP/1.1" 200 951
INFO 2026-06-29 16:23:54,989 basehttp 6784 19316 "GET /static/admin/css/base.css HTTP/1.1" 200 22120
INFO 2026-06-29 16:23:55,002 basehttp 6784 20860 "GET /static/admin/css/nav_sidebar.css HTTP/1.1" 200 2810
INFO 2026-06-29 16:23:55,015 basehttp 6784 7476 "GET /static/admin/css/dark_mode.css HTTP/1.1" 200 2808
INFO 2026-06-29 16:23:55,022 basehttp 6784 9748 "GET /static/admin/css/responsive.css HTTP/1.1" 200 16565
INFO 2026-06-29 16:23:55,026 basehttp 6784 9872 "GET /static/admin/js/theme.js HTTP/1.1" 200 1653
INFO 2026-06-29 16:23:55,030 basehttp 6784 9748 "GET /static/admin/js/nav_sidebar.js HTTP/1.1" 200 3063
WARNING 2026-06-29 16:24:23,018 log 6784 21476 Not Found: /accounts
WARNING 2026-06-29 16:24:23,031 basehttp 6784 21476 "GET /accounts HTTP/1.1" 404 4284
WARNING 2026-06-29 16:24:50,450 log 6784 9828 Not Found: /accounts/
WARNING 2026-06-29 16:24:50,461 basehttp 6784 9828 "GET /accounts/ HTTP/1.1" 404 4287
WARNING 2026-06-29 16:25:01,195 log 6784 16896 Not Found: /annoncements
WARNING 2026-06-29 16:25:01,196 basehttp 6784 16896 "GET /annoncements HTTP/1.1" 404 4296
WARNING 2026-06-29 16:25:32,244 log 6784 17792 Not Found: /api/token/
WARNING 2026-06-29 16:25:32,254 basehttp 6784 17792 "GET /api/token/ HTTP/1.1" 404 4290
INFO 2026-06-29 16:25:40,499 basehttp 6784 18092 "GET /api/docs/ HTTP/1.1" 200 4653
INFO 2026-06-29 16:25:43,733 basehttp 6784 18460 "GET /api/schema/ HTTP/1.1" 200 182621
INFO 2026-06-29 16:26:55,167 basehttp 6784 12736 "GET /api/schema/ HTTP/1.1" 200 84170
INFO 2026-06-29 16:27:16,807 basehttp 6784 2200 "GET /api/schema/ HTTP/1.1" 200 84170
INFO 2026-06-29 16:49:37,258 autoreload 6784 9020 C:\Users\Ammar\OneDrive\Desktop\LMS_project\apps\accounts\services.py changed, reloading.
INFO 2026-06-29 16:49:45,858 autoreload 1168 3956 Watching for file changes with StatReloader
INFO 2026-06-29 16:50:04,984 autoreload 1168 3956 C:\Users\Ammar\OneDrive\Desktop\LMS_project\apps\accounts\views.py changed, reloading.
INFO 2026-06-29 16:50:07,435 autoreload 20120 17516 Watching for file changes with StatReloader
INFO 2026-06-29 16:50:14,720 autoreload 20120 17516 C:\Users\Ammar\OneDrive\Desktop\LMS_project\apps\accounts\urls.py changed, reloading.
INFO 2026-06-29 16:50:16,137 autoreload 4944 21936 Watching for file changes with StatReloader
INFO 2026-06-29 16:50:53,138 autoreload 4944 21936 C:\Users\Ammar\OneDrive\Desktop\LMS_project\apps\courses\services.py changed, reloading.
INFO 2026-06-29 16:50:55,296 autoreload 19696 21220 Watching for file changes with StatReloader
INFO 2026-06-29 16:50:57,022 autoreload 19696 21220 C:\Users\Ammar\OneDrive\Desktop\LMS_project\apps\courses\serializers.py changed, reloading.
INFO 2026-06-29 16:50:57,972 autoreload 13948 21456 Watching for file changes with StatReloader
INFO 2026-06-29 16:51:10,349 autoreload 13948 21456 C:\Users\Ammar\OneDrive\Desktop\LMS_project\apps\courses\serializers.py changed, reloading.
INFO 2026-06-29 16:51:13,960 autoreload 8076 19384 Watching for file changes with StatReloader
INFO 2026-06-29 16:51:18,430 autoreload 8076 19384 C:\Users\Ammar\OneDrive\Desktop\LMS_project\apps\courses\serializers.py changed, reloading.
INFO 2026-06-29 16:51:20,315 autoreload 21932 16776 Watching for file changes with StatReloader
INFO 2026-06-29 16:52:08,386 autoreload 21932 16776 C:\Users\Ammar\OneDrive\Desktop\LMS_project\apps\courses\views.py changed, reloading.
INFO 2026-06-29 16:52:13,144 autoreload 4876 16044 Watching for file changes with StatReloader
INFO 2026-06-29 16:52:31,463 autoreload 4876 16044 C:\Users\Ammar\OneDrive\Desktop\LMS_project\apps\quizzes\services.py changed, reloading.
INFO 2026-06-29 16:52:33,488 autoreload 804 8800 Watching for file changes with StatReloader
INFO 2026-06-29 16:52:37,346 autoreload 804 8800 C:\Users\Ammar\OneDrive\Desktop\LMS_project\apps\notifications\services.py changed, reloading.
INFO 2026-06-29 16:52:38,340 autoreload 2432 7852 Watching for file changes with StatReloader
INFO 2026-06-29 16:53:08,387 autoreload 2432 7852 C:\Users\Ammar\OneDrive\Desktop\LMS_project\apps\quizzes\views.py changed, reloading.
INFO 2026-06-29 16:53:12,011 autoreload 12200 17380 Watching for file changes with StatReloader
INFO 2026-06-29 16:53:23,526 autoreload 12200 17380 C:\Users\Ammar\OneDrive\Desktop\LMS_project\apps\assignments\views.py changed, reloading.
INFO 2026-06-29 16:53:26,119 autoreload 100 2976 Watching for file changes with StatReloader
INFO 2026-06-29 16:53:29,423 autoreload 100 2976 C:\Users\Ammar\OneDrive\Desktop\LMS_project\apps\assignments\views.py changed, reloading.
INFO 2026-06-29 16:53:30,595 autoreload 18392 9244 Watching for file changes with StatReloader
INFO 2026-06-29 16:53:35,527 autoreload 18392 9244 C:\Users\Ammar\OneDrive\Desktop\LMS_project\apps\assignments\urls.py changed, reloading.
INFO 2026-06-29 16:53:37,515 autoreload 7872 4796 Watching for file changes with StatReloader
INFO 2026-06-29 16:53:43,701 autoreload 7872 4796 C:\Users\Ammar\OneDrive\Desktop\LMS_project\apps\enrollments\services.py changed, reloading.
INFO 2026-06-29 16:53:45,070 autoreload 9372 9356 Watching for file changes with StatReloader
INFO 2026-06-29 16:53:51,014 autoreload 9372 9356 C:\Users\Ammar\OneDrive\Desktop\LMS_project\apps\enrollments\views.py changed, reloading.
INFO 2026-06-29 16:53:51,958 autoreload 21228 5728 Watching for file changes with StatReloader
INFO 2026-06-29 16:53:58,240 autoreload 21228 5728 C:\Users\Ammar\OneDrive\Desktop\LMS_project\apps\enrollments\views.py changed, reloading.
INFO 2026-06-29 16:53:59,298 autoreload 2632 9712 Watching for file changes with StatReloader
INFO 2026-06-29 16:54:01,884 autoreload 2632 9712 C:\Users\Ammar\OneDrive\Desktop\LMS_project\apps\enrollments\urls.py changed, reloading.
INFO 2026-06-29 16:54:02,856 autoreload 18600 21252 Watching for file changes with StatReloader
INFO 2026-06-29 16:54:04,442 autoreload 18600 21252 C:\Users\Ammar\OneDrive\Desktop\LMS_project\apps\progress\services.py changed, reloading.
INFO 2026-06-29 16:54:05,475 autoreload 18536 11504 Watching for file changes with StatReloader
INFO 2026-06-29 16:54:09,827 autoreload 18536 11504 C:\Users\Ammar\OneDrive\Desktop\LMS_project\apps\progress\services.py changed, reloading.
INFO 2026-06-29 16:54:11,648 autoreload 14012 18848 Watching for file changes with StatReloader
INFO 2026-06-29 16:54:22,288 autoreload 14012 18848 C:\Users\Ammar\OneDrive\Desktop\LMS_project\apps\progress\services.py changed, reloading.
INFO 2026-06-29 16:54:23,514 autoreload 372 21600 Watching for file changes with StatReloader
INFO 2026-06-29 16:54:35,205 autoreload 372 21600 C:\Users\Ammar\OneDrive\Desktop\LMS_project\apps\progress\views.py changed, reloading.
INFO 2026-06-29 16:54:36,545 autoreload 2180 6208 Watching for file changes with StatReloader
INFO 2026-06-29 16:54:46,987 autoreload 2180 6208 C:\Users\Ammar\OneDrive\Desktop\LMS_project\apps\notifications\views.py changed, reloading.
INFO 2026-06-29 16:54:49,136 autoreload 10948 10356 Watching for file changes with StatReloader
INFO 2026-06-29 16:54:53,857 autoreload 10948 10356 C:\Users\Ammar\OneDrive\Desktop\LMS_project\apps\notifications\urls.py changed, reloading.
INFO 2026-06-29 16:54:56,147 autoreload 7312 9288 Watching for file changes with StatReloader
INFO 2026-06-29 16:55:01,615 autoreload 7312 9288 C:\Users\Ammar\OneDrive\Desktop\LMS_project\apps\notifications\views.py changed, reloading.
INFO 2026-06-29 16:55:02,967 autoreload 19972 3176 Watching for file changes with StatReloader
INFO 2026-06-29 16:55:19,413 autoreload 19972 3176 C:\Users\Ammar\OneDrive\Desktop\LMS_project\apps\dashboard\services.py changed, reloading.
INFO 2026-06-29 16:55:20,998 autoreload 10444 16720 Watching for file changes with StatReloader
INFO 2026-06-29 16:55:22,740 autoreload 10444 16720 C:\Users\Ammar\OneDrive\Desktop\LMS_project\apps\dashboard\services.py changed, reloading.
INFO 2026-06-29 16:55:24,137 autoreload 18964 21588 Watching for file changes with StatReloader
INFO 2026-06-29 16:55:27,291 autoreload 18964 21588 C:\Users\Ammar\OneDrive\Desktop\LMS_project\apps\dashboard\views.py changed, reloading.
INFO 2026-06-29 16:55:28,915 autoreload 7496 21628 Watching for file changes with StatReloader
INFO 2026-06-29 16:55:35,299 autoreload 7496 21628 C:\Users\Ammar\OneDrive\Desktop\LMS_project\hope_academy\settings.py changed, reloading.
INFO 2026-06-29 16:55:36,766 autoreload 22432 20568 Watching for file changes with StatReloader
INFO 2026-06-29 16:55:38,496 autoreload 22432 20568 C:\Users\Ammar\OneDrive\Desktop\LMS_project\hope_academy\settings.py changed, reloading.
INFO 2026-06-29 16:55:39,386 autoreload 21592 14536 Watching for file changes with StatReloader
INFO 2026-06-29 16:55:42,313 autoreload 21592 14536 C:\Users\Ammar\OneDrive\Desktop\LMS_project\hope_academy\settings.py changed, reloading.
INFO 2026-06-29 16:55:43,785 autoreload 21464 19116 Watching for file changes with StatReloader
INFO 2026-06-29 16:55:45,556 autoreload 21464 19116 C:\Users\Ammar\OneDrive\Desktop\LMS_project\hope_academy\settings.py changed, reloading.
INFO 2026-06-29 16:55:46,686 autoreload 9348 3076 Watching for file changes with StatReloader
INFO 2026-06-29 16:55:48,409 autoreload 9348 3076 C:\Users\Ammar\OneDrive\Desktop\LMS_project\hope_academy\urls.py changed, reloading.
INFO 2026-06-29 16:55:49,374 autoreload 17840 4984 Watching for file changes with StatReloader
INFO 2026-06-29 16:55:59,307 autoreload 17840 4984 C:\Users\Ammar\OneDrive\Desktop\LMS_project\apps\progress\views.py changed, reloading.
INFO 2026-06-29 16:56:00,881 autoreload 8752 9332 Watching for file changes with StatReloader
INFO 2026-06-29 16:56:33,871 autoreload 8752 9332 C:\Users\Ammar\OneDrive\Desktop\LMS_project\apps\accounts\views.py changed, reloading.
INFO 2026-06-29 16:56:37,542 autoreload 12092 7848 Watching for file changes with StatReloader
INFO 2026-06-29 16:56:50,237 middleware 11092 19764 user=1 method=POST path=/api/auth/logout/ status=200 ip=127.0.0.1
WARNING 2026-06-29 16:56:50,284 exceptions 11092 19764 API error 400: role: Only student self-registration is allowed.
WARNING 2026-06-29 16:56:50,287 log 11092 19764 Bad Request: /api/auth/register/
INFO 2026-06-29 16:58:40,201 services 11092 19764 Verification email queued for user 1
WARNING 2026-06-29 16:58:42,363 exceptions 11092 19764 API error 404: No Course matches the given query.
WARNING 2026-06-29 16:58:42,365 log 11092 19764 Not Found: /api/courses/3/
WARNING 2026-06-29 16:58:43,726 log 11092 19764 Forbidden: /api/courses/materials/1/download/
WARNING 2026-06-29 16:58:45,381 exceptions 11092 19764 API error 404: No Course matches the given query.
WARNING 2026-06-29 16:58:45,383 log 11092 19764 Not Found: /api/courses/1/
INFO 2026-06-29 17:03:59,922 autoreload 2272 22460 Watching for file changes with StatReloader
WARNING 2026-06-29 17:07:10,295 log 12092 18960 Not Found: /
WARNING 2026-06-29 17:07:10,327 basehttp 12092 18960 "GET / HTTP/1.1" 404 4417
WARNING 2026-06-29 17:07:10,349 log 12092 18960 Not Found: /
WARNING 2026-06-29 17:07:10,355 basehttp 12092 18960 "GET / HTTP/1.1" 404 4417
WARNING 2026-06-29 17:07:10,429 log 12092 18960 Not Found: /favicon.ico
WARNING 2026-06-29 17:07:10,432 basehttp 12092 18960 "GET /favicon.ico HTTP/1.1" 404 4468
INFO 2026-06-29 17:07:19,116 basehttp 12092 12020 "GET /admin/ HTTP/1.1" 302 0
INFO 2026-06-29 17:07:19,387 basehttp 12092 12020 "GET /admin/login/?next=/admin/ HTTP/1.1" 200 4170
INFO 2026-06-29 17:07:19,422 basehttp 12092 1700 "GET /static/admin/css/dark_mode.css HTTP/1.1" 304 0
INFO 2026-06-29 17:07:19,427 basehttp 12092 12020 "GET /static/admin/css/base.css HTTP/1.1" 304 0
INFO 2026-06-29 17:07:19,427 basehttp 12092 21348 "GET /static/admin/css/nav_sidebar.css HTTP/1.1" 304 0
INFO 2026-06-29 17:07:19,432 basehttp 12092 7604 "GET /static/admin/css/login.css HTTP/1.1" 304 0
INFO 2026-06-29 17:07:19,433 basehttp 12092 20280 "GET /static/admin/js/theme.js HTTP/1.1" 304 0
INFO 2026-06-29 17:07:19,438 basehttp 12092 21740 "GET /static/admin/css/responsive.css HTTP/1.1" 304 0
INFO 2026-06-29 17:07:19,443 basehttp 12092 21740 "GET /static/admin/js/nav_sidebar.js HTTP/1.1" 304 0
INFO 2026-06-29 17:08:24,670 basehttp 12092 6708 "GET /api/docs/ HTTP/1.1" 200 4662
INFO 2026-06-29 17:08:27,570 basehttp 12092 6708 "GET /api/schema/ HTTP/1.1" 200 258034
INFO 2026-06-29 17:11:29,349 middleware 17668 21316 user=1 method=POST path=/api/auth/logout/ status=200 ip=127.0.0.1
WARNING 2026-06-29 17:11:29,379 exceptions 17668 21316 API error 400: role: Only student self-registration is allowed.
WARNING 2026-06-29 17:11:29,380 log 17668 21316 Bad Request: /api/auth/register/
INFO 2026-06-29 17:13:18,629 services 17668 21316 Verification email queued for user 1
WARNING 2026-06-29 17:13:20,716 exceptions 17668 21316 API error 404: No Course matches the given query.
WARNING 2026-06-29 17:13:20,718 log 17668 21316 Not Found: /api/courses/3/
WARNING 2026-06-29 17:13:22,397 log 17668 21316 Forbidden: /api/courses/materials/1/download/
WARNING 2026-06-29 17:13:25,936 exceptions 17668 21316 API error 404: No Course matches the given query.
WARNING 2026-06-29 17:13:25,937 log 17668 21316 Not Found: /api/courses/1/
INFO 2026-07-06 13:52:30,568 autoreload 12240 1508 Watching for file changes with StatReloader
WARNING 2026-07-06 13:52:34,184 log 12240 7320 Not Found: /
WARNING 2026-07-06 13:52:34,185 basehttp 12240 7320 "GET / HTTP/1.1" 404 4417
WARNING 2026-07-06 13:52:34,918 log 12240 7320 Not Found: /favicon.ico
WARNING 2026-07-06 13:52:34,920 basehttp 12240 7320 "GET /favicon.ico HTTP/1.1" 404 4468
INFO 2026-07-06 13:52:42,251 basehttp 12240 4184 "GET /admin/ HTTP/1.1" 302 0
INFO 2026-07-06 13:52:42,403 basehttp 12240 4184 "GET /admin/login/?next=/admin/ HTTP/1.1" 200 4170
INFO 2026-07-06 13:52:42,441 basehttp 12240 4184 "GET /static/admin/css/base.css HTTP/1.1" 304 0
INFO 2026-07-06 13:52:42,443 basehttp 12240 17312 "GET /static/admin/css/dark_mode.css HTTP/1.1" 304 0
INFO 2026-07-06 13:52:42,451 basehttp 12240 11756 "GET /static/admin/js/theme.js HTTP/1.1" 304 0
INFO 2026-07-06 13:52:42,452 basehttp 12240 14196 "GET /static/admin/css/nav_sidebar.css HTTP/1.1" 304 0
INFO 2026-07-06 13:52:42,466 basehttp 12240 18468 "GET /static/admin/css/login.css HTTP/1.1" 304 0
INFO 2026-07-06 13:52:42,470 basehttp 12240 14196 "GET /static/admin/js/nav_sidebar.js HTTP/1.1" 304 0
INFO 2026-07-06 13:52:42,472 basehttp 12240 19584 "GET /static/admin/css/responsive.css HTTP/1.1" 304 0
INFO 2026-07-06 13:55:18,015 basehttp 12240 11476 "GET /api/docs/ HTTP/1.1" 200 4662
INFO 2026-07-06 13:55:21,735 basehttp 12240 11476 "GET /api/schema/ HTTP/1.1" 200 258034
INFO 2026-07-06 13:55:39,985 basehttp 12240 16236 "GET /api/schema HTTP/1.1" 301 0
INFO 2026-07-06 13:55:40,971 basehttp 12240 12176 "GET /api/schema/ HTTP/1.1" 200 116501
INFO 2026-07-06 15:21:49,958 autoreload 1228 12604 Watching for file changes with StatReloader
INFO 2026-07-06 15:26:00,433 autoreload 1228 12604 C:\Users\Ammar\OneDrive\Desktop\LMS_project\hope_academy\settings.py changed, reloading.
INFO 2026-07-06 15:26:02,538 autoreload 18196 5864 Watching for file changes with StatReloader
INFO 2026-07-06 15:31:42,044 autoreload 18196 5864 C:\Users\Ammar\OneDrive\Desktop\LMS_project\hope_academy\settings.py changed, reloading.
INFO 2026-07-06 15:31:44,982 autoreload 14956 21988 Watching for file changes with StatReloader
INFO 2026-07-06 15:33:35,434 autoreload 22116 12164 Watching for file changes with StatReloader
INFO 2026-07-08 09:43:44,484 autoreload 19620 14256 Watching for file changes with StatReloader
INFO 2026-07-08 09:47:18,384 autoreload 6868 8080 Watching for file changes with StatReloader
INFO 2026-07-08 09:57:16,107 autoreload 17912 9912 Watching for file changes with StatReloader
INFO 2026-07-09 11:16:39,335 autoreload 18840 3484 Watching for file changes with StatReloader
INFO 2026-07-09 11:22:39,866 autoreload 18840 3484 C:\Users\Ammar\OneDrive\Desktop\LMS_project\hope_academy\settings.py changed, reloading.
INFO 2026-07-09 11:45:49,677 autoreload 15380 16512 Watching for file changes with StatReloader
INFO 2026-07-09 12:58:12,851 autoreload 17496 17580 Watching for file changes with StatReloader
INFO 2026-07-09 13:37:19,548 autoreload 18364 15052 Watching for file changes with StatReloader
WARNING 2026-07-09 13:37:30,751 log 18364 21372 Not Found: /
WARNING 2026-07-09 13:37:30,753 basehttp 18364 21372 "GET / HTTP/1.1" 404 4417
WARNING 2026-07-09 13:37:31,794 log 18364 21372 Not Found: /favicon.ico
WARNING 2026-07-09 13:37:31,800 basehttp 18364 21372 "GET /favicon.ico HTTP/1.1" 404 4468
INFO 2026-07-09 13:37:40,128 basehttp 18364 16660 "GET /admin/ HTTP/1.1" 302 0
INFO 2026-07-09 13:37:40,253 basehttp 18364 16660 "GET /admin/login/?next=/admin/ HTTP/1.1" 200 4170
INFO 2026-07-09 13:37:40,276 basehttp 18364 9832 "GET /static/admin/css/base.css HTTP/1.1" 304 0
INFO 2026-07-09 13:37:40,280 basehttp 18364 5272 "GET /static/admin/css/nav_sidebar.css HTTP/1.1" 304 0
INFO 2026-07-09 13:37:40,281 basehttp 18364 6788 "GET /static/admin/js/theme.js HTTP/1.1" 304 0
INFO 2026-07-09 13:37:40,281 basehttp 18364 2604 "GET /static/admin/css/login.css HTTP/1.1" 304 0
INFO 2026-07-09 13:37:40,282 basehttp 18364 16660 "GET /static/admin/css/dark_mode.css HTTP/1.1" 304 0
INFO 2026-07-09 13:37:40,289 basehttp 18364 20668 "GET /static/admin/css/responsive.css HTTP/1.1" 304 0
INFO 2026-07-09 13:37:40,289 basehttp 18364 16660 "GET /static/admin/js/nav_sidebar.js HTTP/1.1" 304 0
INFO 2026-07-09 13:38:19,422 basehttp 18364 9972 "GET /api/docs/ HTTP/1.1" 200 4662
INFO 2026-07-09 13:38:20,538 basehttp 18364 9972 "GET /api/schema/ HTTP/1.1" 200 256318
WARNING 2026-07-09 13:38:36,402 log 18364 15416 Not Found: /api/token/
WARNING 2026-07-09 13:38:36,404 basehttp 18364 15416 "GET /api/token/ HTTP/1.1" 404 4465
INFO 2026-07-09 14:06:45,965 autoreload 16344 928 Watching for file changes with StatReloader
WARNING 2026-07-09 14:06:50,765 log 16344 20140 Not Found: /
WARNING 2026-07-09 14:06:50,766 basehttp 16344 20140 "GET / HTTP/1.1" 404 4417
WARNING 2026-07-09 14:06:52,128 log 16344 7740 Not Found: /favicon.ico
WARNING 2026-07-09 14:06:52,131 basehttp 16344 7740 "GET /favicon.ico HTTP/1.1" 404 4468
WARNING 2026-07-09 14:07:10,789 log 16344 21432 Not Found: /login
WARNING 2026-07-09 14:07:10,812 basehttp 16344 21432 "GET /login HTTP/1.1" 404 4450
INFO 2026-07-09 14:07:37,163 basehttp 16344 16112 "GET /admin/ HTTP/1.1" 302 0
INFO 2026-07-09 14:07:37,660 basehttp 16344 16112 "GET /admin/login/?next=/admin/ HTTP/1.1" 200 4170
WARNING 2026-07-09 14:07:54,318 log 16344 13264 Not Found: /api/register/
WARNING 2026-07-09 14:07:54,320 basehttp 16344 13264 "POST /api/register/ HTTP/1.1" 404 4475
WARNING 2026-07-09 14:12:58,915 exceptions 16344 19408 API error 400: email: This field is required.
WARNING 2026-07-09 14:12:58,940 log 16344 19408 Bad Request: /api/auth/register/
WARNING 2026-07-09 14:12:58,943 basehttp 16344 19408 "POST /api/auth/register/ HTTP/1.1" 400 254
INFO 2026-07-09 14:21:43,811 autoreload 16344 928 C:\Users\Ammar\OneDrive\Desktop\LMS_project\apps\accounts\views.py changed, reloading.
INFO 2026-07-09 14:21:49,324 autoreload 17420 17228 Watching for file changes with StatReloader
INFO 2026-07-09 14:22:21,830 autoreload 17420 17228 C:\Users\Ammar\OneDrive\Desktop\LMS_project\apps\accounts\views.py changed, reloading.
INFO 2026-07-09 14:22:43,047 autoreload 11964 7840 Watching for file changes with StatReloader
WARNING 2026-07-09 14:23:14,948 log 11964 21992 Bad Request: /api/auth/register/
WARNING 2026-07-09 14:23:14,990 basehttp 11964 21992 "POST /api/auth/register/ HTTP/1.1" 400 189
ERROR 2026-07-09 14:25:57,361 exceptions 11964 4524 Unhandled exception: relation "users" does not exist
LINE 1: SELECT 1 AS "a" FROM "users" WHERE "users"."email" = 'studen...
                             ^

Traceback (most recent call last):
  File "C:\Users\Ammar\OneDrive\Desktop\LMS_project\.venv\Lib\site-packages\django\db\backends\utils.py", line 105, in _execute
    return self.cursor.execute(sql, params)
           ~~~~~~~~~~~~~~~~~~~^^^^^^^^^^^^^
psycopg2.errors.UndefinedTable: relation "users" does not exist
LINE 1: SELECT 1 AS "a" FROM "users" WHERE "users"."email" = 'studen...
                             ^


The above exception was the direct cause of the following exception:

Traceback (most recent call last):
  File "C:\Users\Ammar\OneDrive\Desktop\LMS_project\.venv\Lib\site-packages\rest_framework\views.py", line 512, in dispatch
    response = handler(request, *args, **kwargs)
  File "C:\Users\Ammar\OneDrive\Desktop\LMS_project\apps\accounts\views.py", line 42, in post
    if serializer.is_valid():
       ~~~~~~~~~~~~~~~~~~~^^
  File "C:\Users\Ammar\OneDrive\Desktop\LMS_project\.venv\Lib\site-packages\rest_framework\serializers.py", line 225, in is_valid
    self._validated_data = self.run_validation(self.initial_data)
                           ~~~~~~~~~~~~~~~~~~~^^^^^^^^^^^^^^^^^^^
  File "C:\Users\Ammar\OneDrive\Desktop\LMS_project\.venv\Lib\site-packages\rest_framework\serializers.py", line 456, in run_validation
    value = self.to_internal_value(data)
  File "C:\Users\Ammar\OneDrive\Desktop\LMS_project\.venv\Lib\site-packages\rest_framework\serializers.py", line 513, in to_internal_value
    validated_value = field.run_validation(primitive_value)
  File "C:\Users\Ammar\OneDrive\Desktop\LMS_project\.venv\Lib\site-packages\rest_framework\fields.py", line 757, in run_validation
    return super().run_validation(data)
           ~~~~~~~~~~~~~~~~~~~~~~^^^^^^
  File "C:\Users\Ammar\OneDrive\Desktop\LMS_project\.venv\Lib\site-packages\rest_framework\fields.py", line 539, in run_validation
    self.run_validators(value)
    ~~~~~~~~~~~~~~~~~~~^^^^^^^
  File "C:\Users\Ammar\OneDrive\Desktop\LMS_project\.venv\Lib\site-packages\rest_framework\fields.py", line 551, in run_validators
    validator(value, self)
    ~~~~~~~~~^^^^^^^^^^^^^
  File "C:\Users\Ammar\OneDrive\Desktop\LMS_project\.venv\Lib\site-packages\rest_framework\validators.py", line 86, in __call__
    if qs_exists(queryset):
       ~~~~~~~~~^^^^^^^^^^
  File "C:\Users\Ammar\OneDrive\Desktop\LMS_project\.venv\Lib\site-packages\rest_framework\validators.py", line 23, in qs_exists
    return queryset.exists()
           ~~~~~~~~~~~~~~~^^
  File "C:\Users\Ammar\OneDrive\Desktop\LMS_project\.venv\Lib\site-packages\django\db\models\query.py", line 1298, in exists
    return self.query.has_results(using=self.db)
           ~~~~~~~~~~~~~~~~~~~~~~^^^^^^^^^^^^^^^
  File "C:\Users\Ammar\OneDrive\Desktop\LMS_project\.venv\Lib\site-packages\django\db\models\sql\query.py", line 676, in has_results
    return compiler.has_results()
           ~~~~~~~~~~~~~~~~~~~~^^
  File "C:\Users\Ammar\OneDrive\Desktop\LMS_project\.venv\Lib\site-packages\django\db\models\sql\compiler.py", line 1591, in has_results
    return bool(self.execute_sql(SINGLE))
                ~~~~~~~~~~~~~~~~^^^^^^^^
  File "C:\Users\Ammar\OneDrive\Desktop\LMS_project\.venv\Lib\site-packages\django\db\models\sql\compiler.py", line 1623, in execute_sql
    cursor.execute(sql, params)
    ~~~~~~~~~~~~~~^^^^^^^^^^^^^
  File "C:\Users\Ammar\OneDrive\Desktop\LMS_project\.venv\Lib\site-packages\django\db\backends\utils.py", line 122, in execute
    return super().execute(sql, params)
           ~~~~~~~~~~~~~~~^^^^^^^^^^^^^
  File "C:\Users\Ammar\OneDrive\Desktop\LMS_project\.venv\Lib\site-packages\django\db\backends\utils.py", line 79, in execute
    return self._execute_with_wrappers(
           ~~~~~~~~~~~~~~~~~~~~~~~~~~~^
        sql, params, many=False, executor=self._execute
        ^^^^^^^^^^^^^^^^^^^^^^^^^^^^^^^^^^^^^^^^^^^^^^^
    )
    ^
  File "C:\Users\Ammar\OneDrive\Desktop\LMS_project\.venv\Lib\site-packages\django\db\backends\utils.py", line 92, in _execute_with_wrappers
    return executor(sql, params, many, context)
  File "C:\Users\Ammar\OneDrive\Desktop\LMS_project\.venv\Lib\site-packages\django\db\backends\utils.py", line 100, in _execute
    with self.db.wrap_database_errors:
         ^^^^^^^^^^^^^^^^^^^^^^^^^^^^
  File "C:\Users\Ammar\OneDrive\Desktop\LMS_project\.venv\Lib\site-packages\django\db\utils.py", line 91, in __exit__
    raise dj_exc_value.with_traceback(traceback) from exc_value
  File "C:\Users\Ammar\OneDrive\Desktop\LMS_project\.venv\Lib\site-packages\django\db\backends\utils.py", line 105, in _execute
    return self.cursor.execute(sql, params)
           ~~~~~~~~~~~~~~~~~~~^^^^^^^^^^^^^
django.db.utils.ProgrammingError: relation "users" does not exist
LINE 1: SELECT 1 AS "a" FROM "users" WHERE "users"."email" = 'studen...
                             ^


ERROR 2026-07-09 14:25:57,389 log 11964 4524 Internal Server Error: /api/auth/register/
ERROR 2026-07-09 14:25:57,394 basehttp 11964 4524 "POST /api/auth/register/ HTTP/1.1" 500 80
INFO 2026-07-09 14:51:42,487 autoreload 10192 1648 Watching for file changes with StatReloader
ERROR 2026-07-09 14:52:09,979 exceptions 10192 2432 Unhandled exception: relation "users" does not exist
LINE 1: SELECT 1 AS "a" FROM "users" WHERE "users"."email" = 'studen...
                             ^

Traceback (most recent call last):
  File "C:\Users\Ammar\OneDrive\Desktop\LMS_project\.venv\Lib\site-packages\django\db\backends\utils.py", line 105, in _execute
    return self.cursor.execute(sql, params)
           ~~~~~~~~~~~~~~~~~~~^^^^^^^^^^^^^
psycopg2.errors.UndefinedTable: relation "users" does not exist
LINE 1: SELECT 1 AS "a" FROM "users" WHERE "users"."email" = 'studen...
                             ^


The above exception was the direct cause of the following exception:

Traceback (most recent call last):
  File "C:\Users\Ammar\OneDrive\Desktop\LMS_project\.venv\Lib\site-packages\rest_framework\views.py", line 512, in dispatch
    response = handler(request, *args, **kwargs)
  File "C:\Users\Ammar\OneDrive\Desktop\LMS_project\apps\accounts\views.py", line 42, in post
    if serializer.is_valid():
       ~~~~~~~~~~~~~~~~~~~^^
  File "C:\Users\Ammar\OneDrive\Desktop\LMS_project\.venv\Lib\site-packages\rest_framework\serializers.py", line 225, in is_valid
    self._validated_data = self.run_validation(self.initial_data)
                           ~~~~~~~~~~~~~~~~~~~^^^^^^^^^^^^^^^^^^^
  File "C:\Users\Ammar\OneDrive\Desktop\LMS_project\.venv\Lib\site-packages\rest_framework\serializers.py", line 456, in run_validation
    value = self.to_internal_value(data)
  File "C:\Users\Ammar\OneDrive\Desktop\LMS_project\.venv\Lib\site-packages\rest_framework\serializers.py", line 513, in to_internal_value
    validated_value = field.run_validation(primitive_value)
  File "C:\Users\Ammar\OneDrive\Desktop\LMS_project\.venv\Lib\site-packages\rest_framework\fields.py", line 757, in run_validation
    return super().run_validation(data)
           ~~~~~~~~~~~~~~~~~~~~~~^^^^^^
  File "C:\Users\Ammar\OneDrive\Desktop\LMS_project\.venv\Lib\site-packages\rest_framework\fields.py", line 539, in run_validation
    self.run_validators(value)
    ~~~~~~~~~~~~~~~~~~~^^^^^^^
  File "C:\Users\Ammar\OneDrive\Desktop\LMS_project\.venv\Lib\site-packages\rest_framework\fields.py", line 551, in run_validators
    validator(value, self)
    ~~~~~~~~~^^^^^^^^^^^^^
  File "C:\Users\Ammar\OneDrive\Desktop\LMS_project\.venv\Lib\site-packages\rest_framework\validators.py", line 86, in __call__
    if qs_exists(queryset):
       ~~~~~~~~~^^^^^^^^^^
  File "C:\Users\Ammar\OneDrive\Desktop\LMS_project\.venv\Lib\site-packages\rest_framework\validators.py", line 23, in qs_exists
    return queryset.exists()
           ~~~~~~~~~~~~~~~^^
  File "C:\Users\Ammar\OneDrive\Desktop\LMS_project\.venv\Lib\site-packages\django\db\models\query.py", line 1298, in exists
    return self.query.has_results(using=self.db)
           ~~~~~~~~~~~~~~~~~~~~~~^^^^^^^^^^^^^^^
  File "C:\Users\Ammar\OneDrive\Desktop\LMS_project\.venv\Lib\site-packages\django\db\models\sql\query.py", line 676, in has_results
    return compiler.has_results()
           ~~~~~~~~~~~~~~~~~~~~^^
  File "C:\Users\Ammar\OneDrive\Desktop\LMS_project\.venv\Lib\site-packages\django\db\models\sql\compiler.py", line 1591, in has_results
    return bool(self.execute_sql(SINGLE))
                ~~~~~~~~~~~~~~~~^^^^^^^^
  File "C:\Users\Ammar\OneDrive\Desktop\LMS_project\.venv\Lib\site-packages\django\db\models\sql\compiler.py", line 1623, in execute_sql
    cursor.execute(sql, params)
    ~~~~~~~~~~~~~~^^^^^^^^^^^^^
  File "C:\Users\Ammar\OneDrive\Desktop\LMS_project\.venv\Lib\site-packages\django\db\backends\utils.py", line 122, in execute
    return super().execute(sql, params)
           ~~~~~~~~~~~~~~~^^^^^^^^^^^^^
  File "C:\Users\Ammar\OneDrive\Desktop\LMS_project\.venv\Lib\site-packages\django\db\backends\utils.py", line 79, in execute
    return self._execute_with_wrappers(
           ~~~~~~~~~~~~~~~~~~~~~~~~~~~^
        sql, params, many=False, executor=self._execute
        ^^^^^^^^^^^^^^^^^^^^^^^^^^^^^^^^^^^^^^^^^^^^^^^
    )
    ^
  File "C:\Users\Ammar\OneDrive\Desktop\LMS_project\.venv\Lib\site-packages\django\db\backends\utils.py", line 92, in _execute_with_wrappers
    return executor(sql, params, many, context)
  File "C:\Users\Ammar\OneDrive\Desktop\LMS_project\.venv\Lib\site-packages\django\db\backends\utils.py", line 100, in _execute
    with self.db.wrap_database_errors:
         ^^^^^^^^^^^^^^^^^^^^^^^^^^^^
  File "C:\Users\Ammar\OneDrive\Desktop\LMS_project\.venv\Lib\site-packages\django\db\utils.py", line 91, in __exit__
    raise dj_exc_value.with_traceback(traceback) from exc_value
  File "C:\Users\Ammar\OneDrive\Desktop\LMS_project\.venv\Lib\site-packages\django\db\backends\utils.py", line 105, in _execute
    return self.cursor.execute(sql, params)
           ~~~~~~~~~~~~~~~~~~~^^^^^^^^^^^^^
django.db.utils.ProgrammingError: relation "users" does not exist
LINE 1: SELECT 1 AS "a" FROM "users" WHERE "users"."email" = 'studen...
                             ^


ERROR 2026-07-09 14:52:10,184 log 10192 2432 Internal Server Error: /api/auth/register/
ERROR 2026-07-09 14:52:10,200 basehttp 10192 2432 "POST /api/auth/register/ HTTP/1.1" 500 80
INFO 2026-07-09 15:12:19,643 autoreload 10192 1648 C:\Users\Ammar\OneDrive\Desktop\LMS_project\hope_academy\urls.py changed, reloading.
INFO 2026-07-09 15:12:22,670 autoreload 6136 19536 Watching for file changes with StatReloader
INFO 2026-07-09 20:12:08,747 autoreload 988 13232 Watching for file changes with StatReloader
ERROR 2026-07-09 20:12:29,963 exceptions 988 7780 Unhandled exception: relation "users" does not exist
LINE 1: SELECT 1 AS "a" FROM "users" WHERE "users"."email" = 'studen...
                             ^

Traceback (most recent call last):
  File "C:\Users\Ammar\OneDrive\Desktop\LMS_project\.venv\Lib\site-packages\django\db\backends\utils.py", line 105, in _execute
    return self.cursor.execute(sql, params)
           ~~~~~~~~~~~~~~~~~~~^^^^^^^^^^^^^
psycopg2.errors.UndefinedTable: relation "users" does not exist
LINE 1: SELECT 1 AS "a" FROM "users" WHERE "users"."email" = 'studen...
                             ^


The above exception was the direct cause of the following exception:

Traceback (most recent call last):
  File "C:\Users\Ammar\OneDrive\Desktop\LMS_project\.venv\Lib\site-packages\rest_framework\views.py", line 512, in dispatch
    response = handler(request, *args, **kwargs)
  File "C:\Users\Ammar\OneDrive\Desktop\LMS_project\apps\users\views.py", line 42, in post
    if serializer.is_valid():
       ~~~~~~~~~~~~~~~~~~~^^
  File "C:\Users\Ammar\OneDrive\Desktop\LMS_project\.venv\Lib\site-packages\rest_framework\serializers.py", line 225, in is_valid
    self._validated_data = self.run_validation(self.initial_data)
                           ~~~~~~~~~~~~~~~~~~~^^^^^^^^^^^^^^^^^^^
  File "C:\Users\Ammar\OneDrive\Desktop\LMS_project\.venv\Lib\site-packages\rest_framework\serializers.py", line 456, in run_validation
    value = self.to_internal_value(data)
  File "C:\Users\Ammar\OneDrive\Desktop\LMS_project\.venv\Lib\site-packages\rest_framework\serializers.py", line 513, in to_internal_value
    validated_value = field.run_validation(primitive_value)
  File "C:\Users\Ammar\OneDrive\Desktop\LMS_project\.venv\Lib\site-packages\rest_framework\fields.py", line 757, in run_validation
    return super().run_validation(data)
           ~~~~~~~~~~~~~~~~~~~~~~^^^^^^
  File "C:\Users\Ammar\OneDrive\Desktop\LMS_project\.venv\Lib\site-packages\rest_framework\fields.py", line 539, in run_validation
    self.run_validators(value)
    ~~~~~~~~~~~~~~~~~~~^^^^^^^
  File "C:\Users\Ammar\OneDrive\Desktop\LMS_project\.venv\Lib\site-packages\rest_framework\fields.py", line 551, in run_validators
    validator(value, self)
    ~~~~~~~~~^^^^^^^^^^^^^
  File "C:\Users\Ammar\OneDrive\Desktop\LMS_project\.venv\Lib\site-packages\rest_framework\validators.py", line 86, in __call__
    if qs_exists(queryset):
       ~~~~~~~~~^^^^^^^^^^
  File "C:\Users\Ammar\OneDrive\Desktop\LMS_project\.venv\Lib\site-packages\rest_framework\validators.py", line 23, in qs_exists
    return queryset.exists()
           ~~~~~~~~~~~~~~~^^
  File "C:\Users\Ammar\OneDrive\Desktop\LMS_project\.venv\Lib\site-packages\django\db\models\query.py", line 1298, in exists
    return self.query.has_results(using=self.db)
           ~~~~~~~~~~~~~~~~~~~~~~^^^^^^^^^^^^^^^
  File "C:\Users\Ammar\OneDrive\Desktop\LMS_project\.venv\Lib\site-packages\django\db\models\sql\query.py", line 676, in has_results
    return compiler.has_results()
           ~~~~~~~~~~~~~~~~~~~~^^
  File "C:\Users\Ammar\OneDrive\Desktop\LMS_project\.venv\Lib\site-packages\django\db\models\sql\compiler.py", line 1591, in has_results
    return bool(self.execute_sql(SINGLE))
                ~~~~~~~~~~~~~~~~^^^^^^^^
  File "C:\Users\Ammar\OneDrive\Desktop\LMS_project\.venv\Lib\site-packages\django\db\models\sql\compiler.py", line 1623, in execute_sql
    cursor.execute(sql, params)
    ~~~~~~~~~~~~~~^^^^^^^^^^^^^
  File "C:\Users\Ammar\OneDrive\Desktop\LMS_project\.venv\Lib\site-packages\django\db\backends\utils.py", line 122, in execute
    return super().execute(sql, params)
           ~~~~~~~~~~~~~~~^^^^^^^^^^^^^
  File "C:\Users\Ammar\OneDrive\Desktop\LMS_project\.venv\Lib\site-packages\django\db\backends\utils.py", line 79, in execute
    return self._execute_with_wrappers(
           ~~~~~~~~~~~~~~~~~~~~~~~~~~~^
        sql, params, many=False, executor=self._execute
        ^^^^^^^^^^^^^^^^^^^^^^^^^^^^^^^^^^^^^^^^^^^^^^^
    )
    ^
  File "C:\Users\Ammar\OneDrive\Desktop\LMS_project\.venv\Lib\site-packages\django\db\backends\utils.py", line 92, in _execute_with_wrappers
    return executor(sql, params, many, context)
  File "C:\Users\Ammar\OneDrive\Desktop\LMS_project\.venv\Lib\site-packages\django\db\backends\utils.py", line 100, in _execute
    with self.db.wrap_database_errors:
         ^^^^^^^^^^^^^^^^^^^^^^^^^^^^
  File "C:\Users\Ammar\OneDrive\Desktop\LMS_project\.venv\Lib\site-packages\django\db\utils.py", line 91, in __exit__
    raise dj_exc_value.with_traceback(traceback) from exc_value
  File "C:\Users\Ammar\OneDrive\Desktop\LMS_project\.venv\Lib\site-packages\django\db\backends\utils.py", line 105, in _execute
    return self.cursor.execute(sql, params)
           ~~~~~~~~~~~~~~~~~~~^^^^^^^^^^^^^
django.db.utils.ProgrammingError: relation "users" does not exist
LINE 1: SELECT 1 AS "a" FROM "users" WHERE "users"."email" = 'studen...
                             ^


ERROR 2026-07-09 20:12:29,983 log 988 7780 Internal Server Error: /api/auth/register/
ERROR 2026-07-09 20:12:29,986 basehttp 988 7780 "POST /api/auth/register/ HTTP/1.1" 500 80
ERROR 2026-07-09 20:16:22,660 exceptions 988 16856 Unhandled exception: relation "users" does not exist
LINE 1: SELECT 1 AS "a" FROM "users" WHERE "users"."email" = 'studen...
                             ^

Traceback (most recent call last):
  File "C:\Users\Ammar\OneDrive\Desktop\LMS_project\.venv\Lib\site-packages\django\db\backends\utils.py", line 105, in _execute
    return self.cursor.execute(sql, params)
           ~~~~~~~~~~~~~~~~~~~^^^^^^^^^^^^^
psycopg2.errors.UndefinedTable: relation "users" does not exist
LINE 1: SELECT 1 AS "a" FROM "users" WHERE "users"."email" = 'studen...
                             ^


The above exception was the direct cause of the following exception:

Traceback (most recent call last):
  File "C:\Users\Ammar\OneDrive\Desktop\LMS_project\.venv\Lib\site-packages\rest_framework\views.py", line 512, in dispatch
    response = handler(request, *args, **kwargs)
  File "C:\Users\Ammar\OneDrive\Desktop\LMS_project\apps\users\views.py", line 42, in post
    if serializer.is_valid():
       ~~~~~~~~~~~~~~~~~~~^^
  File "C:\Users\Ammar\OneDrive\Desktop\LMS_project\.venv\Lib\site-packages\rest_framework\serializers.py", line 225, in is_valid
    self._validated_data = self.run_validation(self.initial_data)
                           ~~~~~~~~~~~~~~~~~~~^^^^^^^^^^^^^^^^^^^
  File "C:\Users\Ammar\OneDrive\Desktop\LMS_project\.venv\Lib\site-packages\rest_framework\serializers.py", line 456, in run_validation
    value = self.to_internal_value(data)
  File "C:\Users\Ammar\OneDrive\Desktop\LMS_project\.venv\Lib\site-packages\rest_framework\serializers.py", line 513, in to_internal_value
    validated_value = field.run_validation(primitive_value)
  File "C:\Users\Ammar\OneDrive\Desktop\LMS_project\.venv\Lib\site-packages\rest_framework\fields.py", line 757, in run_validation
    return super().run_validation(data)
           ~~~~~~~~~~~~~~~~~~~~~~^^^^^^
  File "C:\Users\Ammar\OneDrive\Desktop\LMS_project\.venv\Lib\site-packages\rest_framework\fields.py", line 539, in run_validation
    self.run_validators(value)
    ~~~~~~~~~~~~~~~~~~~^^^^^^^
  File "C:\Users\Ammar\OneDrive\Desktop\LMS_project\.venv\Lib\site-packages\rest_framework\fields.py", line 551, in run_validators
    validator(value, self)
    ~~~~~~~~~^^^^^^^^^^^^^
  File "C:\Users\Ammar\OneDrive\Desktop\LMS_project\.venv\Lib\site-packages\rest_framework\validators.py", line 86, in __call__
    if qs_exists(queryset):
       ~~~~~~~~~^^^^^^^^^^
  File "C:\Users\Ammar\OneDrive\Desktop\LMS_project\.venv\Lib\site-packages\rest_framework\validators.py", line 23, in qs_exists
    return queryset.exists()
           ~~~~~~~~~~~~~~~^^
  File "C:\Users\Ammar\OneDrive\Desktop\LMS_project\.venv\Lib\site-packages\django\db\models\query.py", line 1298, in exists
    return self.query.has_results(using=self.db)
           ~~~~~~~~~~~~~~~~~~~~~~^^^^^^^^^^^^^^^
  File "C:\Users\Ammar\OneDrive\Desktop\LMS_project\.venv\Lib\site-packages\django\db\models\sql\query.py", line 676, in has_results
    return compiler.has_results()
           ~~~~~~~~~~~~~~~~~~~~^^
  File "C:\Users\Ammar\OneDrive\Desktop\LMS_project\.venv\Lib\site-packages\django\db\models\sql\compiler.py", line 1591, in has_results
    return bool(self.execute_sql(SINGLE))
                ~~~~~~~~~~~~~~~~^^^^^^^^
  File "C:\Users\Ammar\OneDrive\Desktop\LMS_project\.venv\Lib\site-packages\django\db\models\sql\compiler.py", line 1623, in execute_sql
    cursor.execute(sql, params)
    ~~~~~~~~~~~~~~^^^^^^^^^^^^^
  File "C:\Users\Ammar\OneDrive\Desktop\LMS_project\.venv\Lib\site-packages\django\db\backends\utils.py", line 122, in execute
    return super().execute(sql, params)
           ~~~~~~~~~~~~~~~^^^^^^^^^^^^^
  File "C:\Users\Ammar\OneDrive\Desktop\LMS_project\.venv\Lib\site-packages\django\db\backends\utils.py", line 79, in execute
    return self._execute_with_wrappers(
           ~~~~~~~~~~~~~~~~~~~~~~~~~~~^
        sql, params, many=False, executor=self._execute
        ^^^^^^^^^^^^^^^^^^^^^^^^^^^^^^^^^^^^^^^^^^^^^^^
    )
    ^
  File "C:\Users\Ammar\OneDrive\Desktop\LMS_project\.venv\Lib\site-packages\django\db\backends\utils.py", line 92, in _execute_with_wrappers
    return executor(sql, params, many, context)
  File "C:\Users\Ammar\OneDrive\Desktop\LMS_project\.venv\Lib\site-packages\django\db\backends\utils.py", line 100, in _execute
    with self.db.wrap_database_errors:
         ^^^^^^^^^^^^^^^^^^^^^^^^^^^^
  File "C:\Users\Ammar\OneDrive\Desktop\LMS_project\.venv\Lib\site-packages\django\db\utils.py", line 91, in __exit__
    raise dj_exc_value.with_traceback(traceback) from exc_value
  File "C:\Users\Ammar\OneDrive\Desktop\LMS_project\.venv\Lib\site-packages\django\db\backends\utils.py", line 105, in _execute
    return self.cursor.execute(sql, params)
           ~~~~~~~~~~~~~~~~~~~^^^^^^^^^^^^^
django.db.utils.ProgrammingError: relation "users" does not exist
LINE 1: SELECT 1 AS "a" FROM "users" WHERE "users"."email" = 'studen...
                             ^


ERROR 2026-07-09 20:16:22,688 log 988 16856 Internal Server Error: /api/auth/register/
ERROR 2026-07-09 20:16:22,698 basehttp 988 16856 "POST /api/auth/register/ HTTP/1.1" 500 80
INFO 2026-07-09 20:27:53,087 autoreload 988 13232 C:\Users\Ammar\OneDrive\Desktop\LMS_project\apps\users\models.py changed, reloading.
INFO 2026-07-09 20:27:55,473 autoreload 3784 18800 Watching for file changes with StatReloader
ERROR 2026-07-09 20:28:09,140 exceptions 3784 13644 Unhandled exception: column users_user.username does not exist
LINE 1: SELECT 1 AS "a" FROM "users_user" WHERE "users_user"."userna...
                                                ^

Traceback (most recent call last):
  File "C:\Users\Ammar\OneDrive\Desktop\LMS_project\.venv\Lib\site-packages\django\db\backends\utils.py", line 105, in _execute
    return self.cursor.execute(sql, params)
           ~~~~~~~~~~~~~~~~~~~^^^^^^^^^^^^^
psycopg2.errors.UndefinedColumn: column users_user.username does not exist
LINE 1: SELECT 1 AS "a" FROM "users_user" WHERE "users_user"."userna...
                                                ^


The above exception was the direct cause of the following exception:

Traceback (most recent call last):
  File "C:\Users\Ammar\OneDrive\Desktop\LMS_project\.venv\Lib\site-packages\rest_framework\views.py", line 512, in dispatch
    response = handler(request, *args, **kwargs)
  File "C:\Users\Ammar\OneDrive\Desktop\LMS_project\apps\users\views.py", line 42, in post
    if serializer.is_valid():
       ~~~~~~~~~~~~~~~~~~~^^
  File "C:\Users\Ammar\OneDrive\Desktop\LMS_project\.venv\Lib\site-packages\rest_framework\serializers.py", line 225, in is_valid
    self._validated_data = self.run_validation(self.initial_data)
                           ~~~~~~~~~~~~~~~~~~~^^^^^^^^^^^^^^^^^^^
  File "C:\Users\Ammar\OneDrive\Desktop\LMS_project\.venv\Lib\site-packages\rest_framework\serializers.py", line 456, in run_validation
    value = self.to_internal_value(data)
  File "C:\Users\Ammar\OneDrive\Desktop\LMS_project\.venv\Lib\site-packages\rest_framework\serializers.py", line 513, in to_internal_value
    validated_value = field.run_validation(primitive_value)
  File "C:\Users\Ammar\OneDrive\Desktop\LMS_project\.venv\Lib\site-packages\rest_framework\fields.py", line 757, in run_validation
    return super().run_validation(data)
           ~~~~~~~~~~~~~~~~~~~~~~^^^^^^
  File "C:\Users\Ammar\OneDrive\Desktop\LMS_project\.venv\Lib\site-packages\rest_framework\fields.py", line 539, in run_validation
    self.run_validators(value)
    ~~~~~~~~~~~~~~~~~~~^^^^^^^
  File "C:\Users\Ammar\OneDrive\Desktop\LMS_project\.venv\Lib\site-packages\rest_framework\fields.py", line 551, in run_validators
    validator(value, self)
    ~~~~~~~~~^^^^^^^^^^^^^
  File "C:\Users\Ammar\OneDrive\Desktop\LMS_project\.venv\Lib\site-packages\rest_framework\validators.py", line 86, in __call__
    if qs_exists(queryset):
       ~~~~~~~~~^^^^^^^^^^
  File "C:\Users\Ammar\OneDrive\Desktop\LMS_project\.venv\Lib\site-packages\rest_framework\validators.py", line 23, in qs_exists
    return queryset.exists()
           ~~~~~~~~~~~~~~~^^
  File "C:\Users\Ammar\OneDrive\Desktop\LMS_project\.venv\Lib\site-packages\django\db\models\query.py", line 1298, in exists
    return self.query.has_results(using=self.db)
           ~~~~~~~~~~~~~~~~~~~~~~^^^^^^^^^^^^^^^
  File "C:\Users\Ammar\OneDrive\Desktop\LMS_project\.venv\Lib\site-packages\django\db\models\sql\query.py", line 676, in has_results
    return compiler.has_results()
           ~~~~~~~~~~~~~~~~~~~~^^
  File "C:\Users\Ammar\OneDrive\Desktop\LMS_project\.venv\Lib\site-packages\django\db\models\sql\compiler.py", line 1591, in has_results
    return bool(self.execute_sql(SINGLE))
                ~~~~~~~~~~~~~~~~^^^^^^^^
  File "C:\Users\Ammar\OneDrive\Desktop\LMS_project\.venv\Lib\site-packages\django\db\models\sql\compiler.py", line 1623, in execute_sql
    cursor.execute(sql, params)
    ~~~~~~~~~~~~~~^^^^^^^^^^^^^
  File "C:\Users\Ammar\OneDrive\Desktop\LMS_project\.venv\Lib\site-packages\django\db\backends\utils.py", line 122, in execute
    return super().execute(sql, params)
           ~~~~~~~~~~~~~~~^^^^^^^^^^^^^
  File "C:\Users\Ammar\OneDrive\Desktop\LMS_project\.venv\Lib\site-packages\django\db\backends\utils.py", line 79, in execute
    return self._execute_with_wrappers(
           ~~~~~~~~~~~~~~~~~~~~~~~~~~~^
        sql, params, many=False, executor=self._execute
        ^^^^^^^^^^^^^^^^^^^^^^^^^^^^^^^^^^^^^^^^^^^^^^^
    )
    ^
  File "C:\Users\Ammar\OneDrive\Desktop\LMS_project\.venv\Lib\site-packages\django\db\backends\utils.py", line 92, in _execute_with_wrappers
    return executor(sql, params, many, context)
  File "C:\Users\Ammar\OneDrive\Desktop\LMS_project\.venv\Lib\site-packages\django\db\backends\utils.py", line 100, in _execute
    with self.db.wrap_database_errors:
         ^^^^^^^^^^^^^^^^^^^^^^^^^^^^
  File "C:\Users\Ammar\OneDrive\Desktop\LMS_project\.venv\Lib\site-packages\django\db\utils.py", line 91, in __exit__
    raise dj_exc_value.with_traceback(traceback) from exc_value
  File "C:\Users\Ammar\OneDrive\Desktop\LMS_project\.venv\Lib\site-packages\django\db\backends\utils.py", line 105, in _execute
    return self.cursor.execute(sql, params)
           ~~~~~~~~~~~~~~~~~~~^^^^^^^^^^^^^
django.db.utils.ProgrammingError: column users_user.username does not exist
LINE 1: SELECT 1 AS "a" FROM "users_user" WHERE "users_user"."userna...
                                                ^


ERROR 2026-07-09 20:28:09,151 log 3784 13644 Internal Server Error: /api/auth/register/
ERROR 2026-07-09 20:28:09,153 basehttp 3784 13644 "POST /api/auth/register/ HTTP/1.1" 500 80
INFO 2026-07-09 20:41:25,580 autoreload 17940 21748 Watching for file changes with StatReloader
ERROR 2026-07-09 20:41:36,691 exceptions 17940 7660 Unhandled exception: column users_user.username does not exist
LINE 1: SELECT 1 AS "a" FROM "users_user" WHERE "users_user"."userna...
                                                ^

Traceback (most recent call last):
  File "C:\Users\Ammar\OneDrive\Desktop\LMS_project\.venv\Lib\site-packages\django\db\backends\utils.py", line 105, in _execute
    return self.cursor.execute(sql, params)
           ~~~~~~~~~~~~~~~~~~~^^^^^^^^^^^^^
psycopg2.errors.UndefinedColumn: column users_user.username does not exist
LINE 1: SELECT 1 AS "a" FROM "users_user" WHERE "users_user"."userna...
                                                ^


The above exception was the direct cause of the following exception:

Traceback (most recent call last):
  File "C:\Users\Ammar\OneDrive\Desktop\LMS_project\.venv\Lib\site-packages\rest_framework\views.py", line 512, in dispatch
    response = handler(request, *args, **kwargs)
  File "C:\Users\Ammar\OneDrive\Desktop\LMS_project\apps\users\views.py", line 42, in post
    if serializer.is_valid():
       ~~~~~~~~~~~~~~~~~~~^^
  File "C:\Users\Ammar\OneDrive\Desktop\LMS_project\.venv\Lib\site-packages\rest_framework\serializers.py", line 225, in is_valid
    self._validated_data = self.run_validation(self.initial_data)
                           ~~~~~~~~~~~~~~~~~~~^^^^^^^^^^^^^^^^^^^
  File "C:\Users\Ammar\OneDrive\Desktop\LMS_project\.venv\Lib\site-packages\rest_framework\serializers.py", line 456, in run_validation
    value = self.to_internal_value(data)
  File "C:\Users\Ammar\OneDrive\Desktop\LMS_project\.venv\Lib\site-packages\rest_framework\serializers.py", line 513, in to_internal_value
    validated_value = field.run_validation(primitive_value)
  File "C:\Users\Ammar\OneDrive\Desktop\LMS_project\.venv\Lib\site-packages\rest_framework\fields.py", line 757, in run_validation
    return super().run_validation(data)
           ~~~~~~~~~~~~~~~~~~~~~~^^^^^^
  File "C:\Users\Ammar\OneDrive\Desktop\LMS_project\.venv\Lib\site-packages\rest_framework\fields.py", line 539, in run_validation
    self.run_validators(value)
    ~~~~~~~~~~~~~~~~~~~^^^^^^^
  File "C:\Users\Ammar\OneDrive\Desktop\LMS_project\.venv\Lib\site-packages\rest_framework\fields.py", line 551, in run_validators
    validator(value, self)
    ~~~~~~~~~^^^^^^^^^^^^^
  File "C:\Users\Ammar\OneDrive\Desktop\LMS_project\.venv\Lib\site-packages\rest_framework\validators.py", line 86, in __call__
    if qs_exists(queryset):
       ~~~~~~~~~^^^^^^^^^^
  File "C:\Users\Ammar\OneDrive\Desktop\LMS_project\.venv\Lib\site-packages\rest_framework\validators.py", line 23, in qs_exists
    return queryset.exists()
           ~~~~~~~~~~~~~~~^^
  File "C:\Users\Ammar\OneDrive\Desktop\LMS_project\.venv\Lib\site-packages\django\db\models\query.py", line 1298, in exists
    return self.query.has_results(using=self.db)
           ~~~~~~~~~~~~~~~~~~~~~~^^^^^^^^^^^^^^^
  File "C:\Users\Ammar\OneDrive\Desktop\LMS_project\.venv\Lib\site-packages\django\db\models\sql\query.py", line 676, in has_results
    return compiler.has_results()
           ~~~~~~~~~~~~~~~~~~~~^^
  File "C:\Users\Ammar\OneDrive\Desktop\LMS_project\.venv\Lib\site-packages\django\db\models\sql\compiler.py", line 1591, in has_results
    return bool(self.execute_sql(SINGLE))
                ~~~~~~~~~~~~~~~~^^^^^^^^
  File "C:\Users\Ammar\OneDrive\Desktop\LMS_project\.venv\Lib\site-packages\django\db\models\sql\compiler.py", line 1623, in execute_sql
    cursor.execute(sql, params)
    ~~~~~~~~~~~~~~^^^^^^^^^^^^^
  File "C:\Users\Ammar\OneDrive\Desktop\LMS_project\.venv\Lib\site-packages\django\db\backends\utils.py", line 122, in execute
    return super().execute(sql, params)
           ~~~~~~~~~~~~~~~^^^^^^^^^^^^^
  File "C:\Users\Ammar\OneDrive\Desktop\LMS_project\.venv\Lib\site-packages\django\db\backends\utils.py", line 79, in execute
    return self._execute_with_wrappers(
           ~~~~~~~~~~~~~~~~~~~~~~~~~~~^
        sql, params, many=False, executor=self._execute
        ^^^^^^^^^^^^^^^^^^^^^^^^^^^^^^^^^^^^^^^^^^^^^^^
    )
    ^
  File "C:\Users\Ammar\OneDrive\Desktop\LMS_project\.venv\Lib\site-packages\django\db\backends\utils.py", line 92, in _execute_with_wrappers
    return executor(sql, params, many, context)
  File "C:\Users\Ammar\OneDrive\Desktop\LMS_project\.venv\Lib\site-packages\django\db\backends\utils.py", line 100, in _execute
    with self.db.wrap_database_errors:
         ^^^^^^^^^^^^^^^^^^^^^^^^^^^^
  File "C:\Users\Ammar\OneDrive\Desktop\LMS_project\.venv\Lib\site-packages\django\db\utils.py", line 91, in __exit__
    raise dj_exc_value.with_traceback(traceback) from exc_value
  File "C:\Users\Ammar\OneDrive\Desktop\LMS_project\.venv\Lib\site-packages\django\db\backends\utils.py", line 105, in _execute
    return self.cursor.execute(sql, params)
           ~~~~~~~~~~~~~~~~~~~^^^^^^^^^^^^^
django.db.utils.ProgrammingError: column users_user.username does not exist
LINE 1: SELECT 1 AS "a" FROM "users_user" WHERE "users_user"."userna...
                                                ^


ERROR 2026-07-09 20:41:36,720 log 17940 7660 Internal Server Error: /api/auth/register/
ERROR 2026-07-09 20:41:36,722 basehttp 17940 7660 "POST /api/auth/register/ HTTP/1.1" 500 80
INFO 2026-07-09 20:45:12,760 autoreload 17940 21748 C:\Users\Ammar\OneDrive\Desktop\LMS_project\apps\users\migrations\0001_initial.py changed, reloading.
INFO 2026-07-09 20:45:15,924 autoreload 9844 3492 Watching for file changes with StatReloader
INFO 2026-07-09 20:49:25,464 autoreload 16124 10628 Watching for file changes with StatReloader
ERROR 2026-07-09 20:49:34,686 exceptions 16124 8208 Unhandled exception: column users_user.username does not exist
LINE 1: SELECT 1 AS "a" FROM "users_user" WHERE "users_user"."userna...
                                                ^

Traceback (most recent call last):
  File "C:\Users\Ammar\OneDrive\Desktop\LMS_project\.venv\Lib\site-packages\django\db\backends\utils.py", line 105, in _execute
    return self.cursor.execute(sql, params)
           ~~~~~~~~~~~~~~~~~~~^^^^^^^^^^^^^
psycopg2.errors.UndefinedColumn: column users_user.username does not exist
LINE 1: SELECT 1 AS "a" FROM "users_user" WHERE "users_user"."userna...
                                                ^


The above exception was the direct cause of the following exception:

Traceback (most recent call last):
  File "C:\Users\Ammar\OneDrive\Desktop\LMS_project\.venv\Lib\site-packages\rest_framework\views.py", line 512, in dispatch
    response = handler(request, *args, **kwargs)
  File "C:\Users\Ammar\OneDrive\Desktop\LMS_project\apps\users\views.py", line 42, in post
    if serializer.is_valid():
       ~~~~~~~~~~~~~~~~~~~^^
  File "C:\Users\Ammar\OneDrive\Desktop\LMS_project\.venv\Lib\site-packages\rest_framework\serializers.py", line 225, in is_valid
    self._validated_data = self.run_validation(self.initial_data)
                           ~~~~~~~~~~~~~~~~~~~^^^^^^^^^^^^^^^^^^^
  File "C:\Users\Ammar\OneDrive\Desktop\LMS_project\.venv\Lib\site-packages\rest_framework\serializers.py", line 456, in run_validation
    value = self.to_internal_value(data)
  File "C:\Users\Ammar\OneDrive\Desktop\LMS_project\.venv\Lib\site-packages\rest_framework\serializers.py", line 513, in to_internal_value
    validated_value = field.run_validation(primitive_value)
  File "C:\Users\Ammar\OneDrive\Desktop\LMS_project\.venv\Lib\site-packages\rest_framework\fields.py", line 757, in run_validation
    return super().run_validation(data)
           ~~~~~~~~~~~~~~~~~~~~~~^^^^^^
  File "C:\Users\Ammar\OneDrive\Desktop\LMS_project\.venv\Lib\site-packages\rest_framework\fields.py", line 539, in run_validation
    self.run_validators(value)
    ~~~~~~~~~~~~~~~~~~~^^^^^^^
  File "C:\Users\Ammar\OneDrive\Desktop\LMS_project\.venv\Lib\site-packages\rest_framework\fields.py", line 551, in run_validators
    validator(value, self)
    ~~~~~~~~~^^^^^^^^^^^^^
  File "C:\Users\Ammar\OneDrive\Desktop\LMS_project\.venv\Lib\site-packages\rest_framework\validators.py", line 86, in __call__
    if qs_exists(queryset):
       ~~~~~~~~~^^^^^^^^^^
  File "C:\Users\Ammar\OneDrive\Desktop\LMS_project\.venv\Lib\site-packages\rest_framework\validators.py", line 23, in qs_exists
    return queryset.exists()
           ~~~~~~~~~~~~~~~^^
  File "C:\Users\Ammar\OneDrive\Desktop\LMS_project\.venv\Lib\site-packages\django\db\models\query.py", line 1298, in exists
    return self.query.has_results(using=self.db)
           ~~~~~~~~~~~~~~~~~~~~~~^^^^^^^^^^^^^^^
  File "C:\Users\Ammar\OneDrive\Desktop\LMS_project\.venv\Lib\site-packages\django\db\models\sql\query.py", line 676, in has_results
    return compiler.has_results()
           ~~~~~~~~~~~~~~~~~~~~^^
  File "C:\Users\Ammar\OneDrive\Desktop\LMS_project\.venv\Lib\site-packages\django\db\models\sql\compiler.py", line 1591, in has_results
    return bool(self.execute_sql(SINGLE))
                ~~~~~~~~~~~~~~~~^^^^^^^^
  File "C:\Users\Ammar\OneDrive\Desktop\LMS_project\.venv\Lib\site-packages\django\db\models\sql\compiler.py", line 1623, in execute_sql
    cursor.execute(sql, params)
    ~~~~~~~~~~~~~~^^^^^^^^^^^^^
  File "C:\Users\Ammar\OneDrive\Desktop\LMS_project\.venv\Lib\site-packages\django\db\backends\utils.py", line 122, in execute
    return super().execute(sql, params)
           ~~~~~~~~~~~~~~~^^^^^^^^^^^^^
  File "C:\Users\Ammar\OneDrive\Desktop\LMS_project\.venv\Lib\site-packages\django\db\backends\utils.py", line 79, in execute
    return self._execute_with_wrappers(
           ~~~~~~~~~~~~~~~~~~~~~~~~~~~^
        sql, params, many=False, executor=self._execute
        ^^^^^^^^^^^^^^^^^^^^^^^^^^^^^^^^^^^^^^^^^^^^^^^
    )
    ^
  File "C:\Users\Ammar\OneDrive\Desktop\LMS_project\.venv\Lib\site-packages\django\db\backends\utils.py", line 92, in _execute_with_wrappers
    return executor(sql, params, many, context)
  File "C:\Users\Ammar\OneDrive\Desktop\LMS_project\.venv\Lib\site-packages\django\db\backends\utils.py", line 100, in _execute
    with self.db.wrap_database_errors:
         ^^^^^^^^^^^^^^^^^^^^^^^^^^^^
  File "C:\Users\Ammar\OneDrive\Desktop\LMS_project\.venv\Lib\site-packages\django\db\utils.py", line 91, in __exit__
    raise dj_exc_value.with_traceback(traceback) from exc_value
  File "C:\Users\Ammar\OneDrive\Desktop\LMS_project\.venv\Lib\site-packages\django\db\backends\utils.py", line 105, in _execute
    return self.cursor.execute(sql, params)
           ~~~~~~~~~~~~~~~~~~~^^^^^^^^^^^^^
django.db.utils.ProgrammingError: column users_user.username does not exist
LINE 1: SELECT 1 AS "a" FROM "users_user" WHERE "users_user"."userna...
                                                ^


ERROR 2026-07-09 20:49:34,703 log 16124 8208 Internal Server Error: /api/auth/register/
ERROR 2026-07-09 20:49:34,706 basehttp 16124 8208 "POST /api/auth/register/ HTTP/1.1" 500 80
ERROR 2026-07-09 20:49:44,594 exceptions 16124 8208 Unhandled exception: column users_user.username does not exist
LINE 1: SELECT 1 AS "a" FROM "users_user" WHERE "users_user"."userna...
                                                ^

Traceback (most recent call last):
  File "C:\Users\Ammar\OneDrive\Desktop\LMS_project\.venv\Lib\site-packages\django\db\backends\utils.py", line 105, in _execute
    return self.cursor.execute(sql, params)
           ~~~~~~~~~~~~~~~~~~~^^^^^^^^^^^^^
psycopg2.errors.UndefinedColumn: column users_user.username does not exist
LINE 1: SELECT 1 AS "a" FROM "users_user" WHERE "users_user"."userna...
                                                ^


The above exception was the direct cause of the following exception:

Traceback (most recent call last):
  File "C:\Users\Ammar\OneDrive\Desktop\LMS_project\.venv\Lib\site-packages\rest_framework\views.py", line 512, in dispatch
    response = handler(request, *args, **kwargs)
  File "C:\Users\Ammar\OneDrive\Desktop\LMS_project\apps\users\views.py", line 42, in post
    if serializer.is_valid():
       ~~~~~~~~~~~~~~~~~~~^^
  File "C:\Users\Ammar\OneDrive\Desktop\LMS_project\.venv\Lib\site-packages\rest_framework\serializers.py", line 225, in is_valid
    self._validated_data = self.run_validation(self.initial_data)
                           ~~~~~~~~~~~~~~~~~~~^^^^^^^^^^^^^^^^^^^
  File "C:\Users\Ammar\OneDrive\Desktop\LMS_project\.venv\Lib\site-packages\rest_framework\serializers.py", line 456, in run_validation
    value = self.to_internal_value(data)
  File "C:\Users\Ammar\OneDrive\Desktop\LMS_project\.venv\Lib\site-packages\rest_framework\serializers.py", line 513, in to_internal_value
    validated_value = field.run_validation(primitive_value)
  File "C:\Users\Ammar\OneDrive\Desktop\LMS_project\.venv\Lib\site-packages\rest_framework\fields.py", line 757, in run_validation
    return super().run_validation(data)
           ~~~~~~~~~~~~~~~~~~~~~~^^^^^^
  File "C:\Users\Ammar\OneDrive\Desktop\LMS_project\.venv\Lib\site-packages\rest_framework\fields.py", line 539, in run_validation
    self.run_validators(value)
    ~~~~~~~~~~~~~~~~~~~^^^^^^^
  File "C:\Users\Ammar\OneDrive\Desktop\LMS_project\.venv\Lib\site-packages\rest_framework\fields.py", line 551, in run_validators
    validator(value, self)
    ~~~~~~~~~^^^^^^^^^^^^^
  File "C:\Users\Ammar\OneDrive\Desktop\LMS_project\.venv\Lib\site-packages\rest_framework\validators.py", line 86, in __call__
    if qs_exists(queryset):
       ~~~~~~~~~^^^^^^^^^^
  File "C:\Users\Ammar\OneDrive\Desktop\LMS_project\.venv\Lib\site-packages\rest_framework\validators.py", line 23, in qs_exists
    return queryset.exists()
           ~~~~~~~~~~~~~~~^^
  File "C:\Users\Ammar\OneDrive\Desktop\LMS_project\.venv\Lib\site-packages\django\db\models\query.py", line 1298, in exists
    return self.query.has_results(using=self.db)
           ~~~~~~~~~~~~~~~~~~~~~~^^^^^^^^^^^^^^^
  File "C:\Users\Ammar\OneDrive\Desktop\LMS_project\.venv\Lib\site-packages\django\db\models\sql\query.py", line 676, in has_results
    return compiler.has_results()
           ~~~~~~~~~~~~~~~~~~~~^^
  File "C:\Users\Ammar\OneDrive\Desktop\LMS_project\.venv\Lib\site-packages\django\db\models\sql\compiler.py", line 1591, in has_results
    return bool(self.execute_sql(SINGLE))
                ~~~~~~~~~~~~~~~~^^^^^^^^
  File "C:\Users\Ammar\OneDrive\Desktop\LMS_project\.venv\Lib\site-packages\django\db\models\sql\compiler.py", line 1623, in execute_sql
    cursor.execute(sql, params)
    ~~~~~~~~~~~~~~^^^^^^^^^^^^^
  File "C:\Users\Ammar\OneDrive\Desktop\LMS_project\.venv\Lib\site-packages\django\db\backends\utils.py", line 122, in execute
    return super().execute(sql, params)
           ~~~~~~~~~~~~~~~^^^^^^^^^^^^^
  File "C:\Users\Ammar\OneDrive\Desktop\LMS_project\.venv\Lib\site-packages\django\db\backends\utils.py", line 79, in execute
    return self._execute_with_wrappers(
           ~~~~~~~~~~~~~~~~~~~~~~~~~~~^
        sql, params, many=False, executor=self._execute
        ^^^^^^^^^^^^^^^^^^^^^^^^^^^^^^^^^^^^^^^^^^^^^^^
    )
    ^
  File "C:\Users\Ammar\OneDrive\Desktop\LMS_project\.venv\Lib\site-packages\django\db\backends\utils.py", line 92, in _execute_with_wrappers
    return executor(sql, params, many, context)
  File "C:\Users\Ammar\OneDrive\Desktop\LMS_project\.venv\Lib\site-packages\django\db\backends\utils.py", line 100, in _execute
    with self.db.wrap_database_errors:
         ^^^^^^^^^^^^^^^^^^^^^^^^^^^^
  File "C:\Users\Ammar\OneDrive\Desktop\LMS_project\.venv\Lib\site-packages\django\db\utils.py", line 91, in __exit__
    raise dj_exc_value.with_traceback(traceback) from exc_value
  File "C:\Users\Ammar\OneDrive\Desktop\LMS_project\.venv\Lib\site-packages\django\db\backends\utils.py", line 105, in _execute
    return self.cursor.execute(sql, params)
           ~~~~~~~~~~~~~~~~~~~^^^^^^^^^^^^^
django.db.utils.ProgrammingError: column users_user.username does not exist
LINE 1: SELECT 1 AS "a" FROM "users_user" WHERE "users_user"."userna...
                                                ^


ERROR 2026-07-09 20:49:44,599 log 16124 8208 Internal Server Error: /api/auth/register/
ERROR 2026-07-09 20:49:44,601 basehttp 16124 8208 "POST /api/auth/register/ HTTP/1.1" 500 80
ERROR 2026-07-09 20:55:47,560 exceptions 16124 14580 Unhandled exception: column users_user.username does not exist
LINE 1: SELECT 1 AS "a" FROM "users_user" WHERE "users_user"."userna...
                                                ^

Traceback (most recent call last):
  File "C:\Users\Ammar\OneDrive\Desktop\LMS_project\.venv\Lib\site-packages\django\db\backends\utils.py", line 105, in _execute
    return self.cursor.execute(sql, params)
           ~~~~~~~~~~~~~~~~~~~^^^^^^^^^^^^^
psycopg2.errors.UndefinedColumn: column users_user.username does not exist
LINE 1: SELECT 1 AS "a" FROM "users_user" WHERE "users_user"."userna...
                                                ^


The above exception was the direct cause of the following exception:

Traceback (most recent call last):
  File "C:\Users\Ammar\OneDrive\Desktop\LMS_project\.venv\Lib\site-packages\rest_framework\views.py", line 512, in dispatch
    response = handler(request, *args, **kwargs)
  File "C:\Users\Ammar\OneDrive\Desktop\LMS_project\apps\users\views.py", line 42, in post
    if serializer.is_valid():
       ~~~~~~~~~~~~~~~~~~~^^
  File "C:\Users\Ammar\OneDrive\Desktop\LMS_project\.venv\Lib\site-packages\rest_framework\serializers.py", line 225, in is_valid
    self._validated_data = self.run_validation(self.initial_data)
                           ~~~~~~~~~~~~~~~~~~~^^^^^^^^^^^^^^^^^^^
  File "C:\Users\Ammar\OneDrive\Desktop\LMS_project\.venv\Lib\site-packages\rest_framework\serializers.py", line 456, in run_validation
    value = self.to_internal_value(data)
  File "C:\Users\Ammar\OneDrive\Desktop\LMS_project\.venv\Lib\site-packages\rest_framework\serializers.py", line 513, in to_internal_value
    validated_value = field.run_validation(primitive_value)
  File "C:\Users\Ammar\OneDrive\Desktop\LMS_project\.venv\Lib\site-packages\rest_framework\fields.py", line 757, in run_validation
    return super().run_validation(data)
           ~~~~~~~~~~~~~~~~~~~~~~^^^^^^
  File "C:\Users\Ammar\OneDrive\Desktop\LMS_project\.venv\Lib\site-packages\rest_framework\fields.py", line 539, in run_validation
    self.run_validators(value)
    ~~~~~~~~~~~~~~~~~~~^^^^^^^
  File "C:\Users\Ammar\OneDrive\Desktop\LMS_project\.venv\Lib\site-packages\rest_framework\fields.py", line 551, in run_validators
    validator(value, self)
    ~~~~~~~~~^^^^^^^^^^^^^
  File "C:\Users\Ammar\OneDrive\Desktop\LMS_project\.venv\Lib\site-packages\rest_framework\validators.py", line 86, in __call__
    if qs_exists(queryset):
       ~~~~~~~~~^^^^^^^^^^
  File "C:\Users\Ammar\OneDrive\Desktop\LMS_project\.venv\Lib\site-packages\rest_framework\validators.py", line 23, in qs_exists
    return queryset.exists()
           ~~~~~~~~~~~~~~~^^
  File "C:\Users\Ammar\OneDrive\Desktop\LMS_project\.venv\Lib\site-packages\django\db\models\query.py", line 1298, in exists
    return self.query.has_results(using=self.db)
           ~~~~~~~~~~~~~~~~~~~~~~^^^^^^^^^^^^^^^
  File "C:\Users\Ammar\OneDrive\Desktop\LMS_project\.venv\Lib\site-packages\django\db\models\sql\query.py", line 676, in has_results
    return compiler.has_results()
           ~~~~~~~~~~~~~~~~~~~~^^
  File "C:\Users\Ammar\OneDrive\Desktop\LMS_project\.venv\Lib\site-packages\django\db\models\sql\compiler.py", line 1591, in has_results
    return bool(self.execute_sql(SINGLE))
                ~~~~~~~~~~~~~~~~^^^^^^^^
  File "C:\Users\Ammar\OneDrive\Desktop\LMS_project\.venv\Lib\site-packages\django\db\models\sql\compiler.py", line 1623, in execute_sql
    cursor.execute(sql, params)
    ~~~~~~~~~~~~~~^^^^^^^^^^^^^
  File "C:\Users\Ammar\OneDrive\Desktop\LMS_project\.venv\Lib\site-packages\django\db\backends\utils.py", line 122, in execute
    return super().execute(sql, params)
           ~~~~~~~~~~~~~~~^^^^^^^^^^^^^
  File "C:\Users\Ammar\OneDrive\Desktop\LMS_project\.venv\Lib\site-packages\django\db\backends\utils.py", line 79, in execute
    return self._execute_with_wrappers(
           ~~~~~~~~~~~~~~~~~~~~~~~~~~~^
        sql, params, many=False, executor=self._execute
        ^^^^^^^^^^^^^^^^^^^^^^^^^^^^^^^^^^^^^^^^^^^^^^^
    )
    ^
  File "C:\Users\Ammar\OneDrive\Desktop\LMS_project\.venv\Lib\site-packages\django\db\backends\utils.py", line 92, in _execute_with_wrappers
    return executor(sql, params, many, context)
  File "C:\Users\Ammar\OneDrive\Desktop\LMS_project\.venv\Lib\site-packages\django\db\backends\utils.py", line 100, in _execute
    with self.db.wrap_database_errors:
         ^^^^^^^^^^^^^^^^^^^^^^^^^^^^
  File "C:\Users\Ammar\OneDrive\Desktop\LMS_project\.venv\Lib\site-packages\django\db\utils.py", line 91, in __exit__
    raise dj_exc_value.with_traceback(traceback) from exc_value
  File "C:\Users\Ammar\OneDrive\Desktop\LMS_project\.venv\Lib\site-packages\django\db\backends\utils.py", line 105, in _execute
    return self.cursor.execute(sql, params)
           ~~~~~~~~~~~~~~~~~~~^^^^^^^^^^^^^
django.db.utils.ProgrammingError: column users_user.username does not exist
LINE 1: SELECT 1 AS "a" FROM "users_user" WHERE "users_user"."userna...
                                                ^


ERROR 2026-07-09 20:55:47,589 log 16124 14580 Internal Server Error: /api/auth/register/
ERROR 2026-07-09 20:55:47,592 basehttp 16124 14580 "POST /api/auth/register/ HTTP/1.1" 500 80
ERROR 2026-07-09 20:58:10,656 exceptions 16124 5824 Unhandled exception: column users_user.username does not exist
LINE 1: SELECT 1 AS "a" FROM "users_user" WHERE "users_user"."userna...
                                                ^

Traceback (most recent call last):
  File "C:\Users\Ammar\OneDrive\Desktop\LMS_project\.venv\Lib\site-packages\django\db\backends\utils.py", line 105, in _execute
    return self.cursor.execute(sql, params)
           ~~~~~~~~~~~~~~~~~~~^^^^^^^^^^^^^
psycopg2.errors.UndefinedColumn: column users_user.username does not exist
LINE 1: SELECT 1 AS "a" FROM "users_user" WHERE "users_user"."userna...
                                                ^


The above exception was the direct cause of the following exception:

Traceback (most recent call last):
  File "C:\Users\Ammar\OneDrive\Desktop\LMS_project\.venv\Lib\site-packages\rest_framework\views.py", line 512, in dispatch
    response = handler(request, *args, **kwargs)
  File "C:\Users\Ammar\OneDrive\Desktop\LMS_project\apps\users\views.py", line 42, in post
    if serializer.is_valid():
       ~~~~~~~~~~~~~~~~~~~^^
  File "C:\Users\Ammar\OneDrive\Desktop\LMS_project\.venv\Lib\site-packages\rest_framework\serializers.py", line 225, in is_valid
    self._validated_data = self.run_validation(self.initial_data)
                           ~~~~~~~~~~~~~~~~~~~^^^^^^^^^^^^^^^^^^^
  File "C:\Users\Ammar\OneDrive\Desktop\LMS_project\.venv\Lib\site-packages\rest_framework\serializers.py", line 456, in run_validation
    value = self.to_internal_value(data)
  File "C:\Users\Ammar\OneDrive\Desktop\LMS_project\.venv\Lib\site-packages\rest_framework\serializers.py", line 513, in to_internal_value
    validated_value = field.run_validation(primitive_value)
  File "C:\Users\Ammar\OneDrive\Desktop\LMS_project\.venv\Lib\site-packages\rest_framework\fields.py", line 757, in run_validation
    return super().run_validation(data)
           ~~~~~~~~~~~~~~~~~~~~~~^^^^^^
  File "C:\Users\Ammar\OneDrive\Desktop\LMS_project\.venv\Lib\site-packages\rest_framework\fields.py", line 539, in run_validation
    self.run_validators(value)
    ~~~~~~~~~~~~~~~~~~~^^^^^^^
  File "C:\Users\Ammar\OneDrive\Desktop\LMS_project\.venv\Lib\site-packages\rest_framework\fields.py", line 551, in run_validators
    validator(value, self)
    ~~~~~~~~~^^^^^^^^^^^^^
  File "C:\Users\Ammar\OneDrive\Desktop\LMS_project\.venv\Lib\site-packages\rest_framework\validators.py", line 86, in __call__
    if qs_exists(queryset):
       ~~~~~~~~~^^^^^^^^^^
  File "C:\Users\Ammar\OneDrive\Desktop\LMS_project\.venv\Lib\site-packages\rest_framework\validators.py", line 23, in qs_exists
    return queryset.exists()
           ~~~~~~~~~~~~~~~^^
  File "C:\Users\Ammar\OneDrive\Desktop\LMS_project\.venv\Lib\site-packages\django\db\models\query.py", line 1298, in exists
    return self.query.has_results(using=self.db)
           ~~~~~~~~~~~~~~~~~~~~~~^^^^^^^^^^^^^^^
  File "C:\Users\Ammar\OneDrive\Desktop\LMS_project\.venv\Lib\site-packages\django\db\models\sql\query.py", line 676, in has_results
    return compiler.has_results()
           ~~~~~~~~~~~~~~~~~~~~^^
  File "C:\Users\Ammar\OneDrive\Desktop\LMS_project\.venv\Lib\site-packages\django\db\models\sql\compiler.py", line 1591, in has_results
    return bool(self.execute_sql(SINGLE))
                ~~~~~~~~~~~~~~~~^^^^^^^^
  File "C:\Users\Ammar\OneDrive\Desktop\LMS_project\.venv\Lib\site-packages\django\db\models\sql\compiler.py", line 1623, in execute_sql
    cursor.execute(sql, params)
    ~~~~~~~~~~~~~~^^^^^^^^^^^^^
  File "C:\Users\Ammar\OneDrive\Desktop\LMS_project\.venv\Lib\site-packages\django\db\backends\utils.py", line 122, in execute
    return super().execute(sql, params)
           ~~~~~~~~~~~~~~~^^^^^^^^^^^^^
  File "C:\Users\Ammar\OneDrive\Desktop\LMS_project\.venv\Lib\site-packages\django\db\backends\utils.py", line 79, in execute
    return self._execute_with_wrappers(
           ~~~~~~~~~~~~~~~~~~~~~~~~~~~^
        sql, params, many=False, executor=self._execute
        ^^^^^^^^^^^^^^^^^^^^^^^^^^^^^^^^^^^^^^^^^^^^^^^
    )
    ^
  File "C:\Users\Ammar\OneDrive\Desktop\LMS_project\.venv\Lib\site-packages\django\db\backends\utils.py", line 92, in _execute_with_wrappers
    return executor(sql, params, many, context)
  File "C:\Users\Ammar\OneDrive\Desktop\LMS_project\.venv\Lib\site-packages\django\db\backends\utils.py", line 100, in _execute
    with self.db.wrap_database_errors:
         ^^^^^^^^^^^^^^^^^^^^^^^^^^^^
  File "C:\Users\Ammar\OneDrive\Desktop\LMS_project\.venv\Lib\site-packages\django\db\utils.py", line 91, in __exit__
    raise dj_exc_value.with_traceback(traceback) from exc_value
  File "C:\Users\Ammar\OneDrive\Desktop\LMS_project\.venv\Lib\site-packages\django\db\backends\utils.py", line 105, in _execute
    return self.cursor.execute(sql, params)
           ~~~~~~~~~~~~~~~~~~~^^^^^^^^^^^^^
django.db.utils.ProgrammingError: column users_user.username does not exist
LINE 1: SELECT 1 AS "a" FROM "users_user" WHERE "users_user"."userna...
                                                ^


ERROR 2026-07-09 20:58:10,677 log 16124 5824 Internal Server Error: /api/auth/register/
ERROR 2026-07-09 20:58:10,682 basehttp 16124 5824 "POST /api/auth/register/ HTTP/1.1" 500 80
ERROR 2026-07-09 20:59:39,076 exceptions 16124 16100 Unhandled exception: column users_user.username does not exist
LINE 1: SELECT 1 AS "a" FROM "users_user" WHERE "users_user"."userna...
                                                ^

Traceback (most recent call last):
  File "C:\Users\Ammar\OneDrive\Desktop\LMS_project\.venv\Lib\site-packages\django\db\backends\utils.py", line 105, in _execute
    return self.cursor.execute(sql, params)
           ~~~~~~~~~~~~~~~~~~~^^^^^^^^^^^^^
psycopg2.errors.UndefinedColumn: column users_user.username does not exist
LINE 1: SELECT 1 AS "a" FROM "users_user" WHERE "users_user"."userna...
                                                ^


The above exception was the direct cause of the following exception:

Traceback (most recent call last):
  File "C:\Users\Ammar\OneDrive\Desktop\LMS_project\.venv\Lib\site-packages\rest_framework\views.py", line 512, in dispatch
    response = handler(request, *args, **kwargs)
  File "C:\Users\Ammar\OneDrive\Desktop\LMS_project\apps\users\views.py", line 42, in post
    if serializer.is_valid():
       ~~~~~~~~~~~~~~~~~~~^^
  File "C:\Users\Ammar\OneDrive\Desktop\LMS_project\.venv\Lib\site-packages\rest_framework\serializers.py", line 225, in is_valid
    self._validated_data = self.run_validation(self.initial_data)
                           ~~~~~~~~~~~~~~~~~~~^^^^^^^^^^^^^^^^^^^
  File "C:\Users\Ammar\OneDrive\Desktop\LMS_project\.venv\Lib\site-packages\rest_framework\serializers.py", line 456, in run_validation
    value = self.to_internal_value(data)
  File "C:\Users\Ammar\OneDrive\Desktop\LMS_project\.venv\Lib\site-packages\rest_framework\serializers.py", line 513, in to_internal_value
    validated_value = field.run_validation(primitive_value)
  File "C:\Users\Ammar\OneDrive\Desktop\LMS_project\.venv\Lib\site-packages\rest_framework\fields.py", line 757, in run_validation
    return super().run_validation(data)
           ~~~~~~~~~~~~~~~~~~~~~~^^^^^^
  File "C:\Users\Ammar\OneDrive\Desktop\LMS_project\.venv\Lib\site-packages\rest_framework\fields.py", line 539, in run_validation
    self.run_validators(value)
    ~~~~~~~~~~~~~~~~~~~^^^^^^^
  File "C:\Users\Ammar\OneDrive\Desktop\LMS_project\.venv\Lib\site-packages\rest_framework\fields.py", line 551, in run_validators
    validator(value, self)
    ~~~~~~~~~^^^^^^^^^^^^^
  File "C:\Users\Ammar\OneDrive\Desktop\LMS_project\.venv\Lib\site-packages\rest_framework\validators.py", line 86, in __call__
    if qs_exists(queryset):
       ~~~~~~~~~^^^^^^^^^^
  File "C:\Users\Ammar\OneDrive\Desktop\LMS_project\.venv\Lib\site-packages\rest_framework\validators.py", line 23, in qs_exists
    return queryset.exists()
           ~~~~~~~~~~~~~~~^^
  File "C:\Users\Ammar\OneDrive\Desktop\LMS_project\.venv\Lib\site-packages\django\db\models\query.py", line 1298, in exists
    return self.query.has_results(using=self.db)
           ~~~~~~~~~~~~~~~~~~~~~~^^^^^^^^^^^^^^^
  File "C:\Users\Ammar\OneDrive\Desktop\LMS_project\.venv\Lib\site-packages\django\db\models\sql\query.py", line 676, in has_results
    return compiler.has_results()
           ~~~~~~~~~~~~~~~~~~~~^^
  File "C:\Users\Ammar\OneDrive\Desktop\LMS_project\.venv\Lib\site-packages\django\db\models\sql\compiler.py", line 1591, in has_results
    return bool(self.execute_sql(SINGLE))
                ~~~~~~~~~~~~~~~~^^^^^^^^
  File "C:\Users\Ammar\OneDrive\Desktop\LMS_project\.venv\Lib\site-packages\django\db\models\sql\compiler.py", line 1623, in execute_sql
    cursor.execute(sql, params)
    ~~~~~~~~~~~~~~^^^^^^^^^^^^^
  File "C:\Users\Ammar\OneDrive\Desktop\LMS_project\.venv\Lib\site-packages\django\db\backends\utils.py", line 122, in execute
    return super().execute(sql, params)
           ~~~~~~~~~~~~~~~^^^^^^^^^^^^^
  File "C:\Users\Ammar\OneDrive\Desktop\LMS_project\.venv\Lib\site-packages\django\db\backends\utils.py", line 79, in execute
    return self._execute_with_wrappers(
           ~~~~~~~~~~~~~~~~~~~~~~~~~~~^
        sql, params, many=False, executor=self._execute
        ^^^^^^^^^^^^^^^^^^^^^^^^^^^^^^^^^^^^^^^^^^^^^^^
    )
    ^
  File "C:\Users\Ammar\OneDrive\Desktop\LMS_project\.venv\Lib\site-packages\django\db\backends\utils.py", line 92, in _execute_with_wrappers
    return executor(sql, params, many, context)
  File "C:\Users\Ammar\OneDrive\Desktop\LMS_project\.venv\Lib\site-packages\django\db\backends\utils.py", line 100, in _execute
    with self.db.wrap_database_errors:
         ^^^^^^^^^^^^^^^^^^^^^^^^^^^^
  File "C:\Users\Ammar\OneDrive\Desktop\LMS_project\.venv\Lib\site-packages\django\db\utils.py", line 91, in __exit__
    raise dj_exc_value.with_traceback(traceback) from exc_value
  File "C:\Users\Ammar\OneDrive\Desktop\LMS_project\.venv\Lib\site-packages\django\db\backends\utils.py", line 105, in _execute
    return self.cursor.execute(sql, params)
           ~~~~~~~~~~~~~~~~~~~^^^^^^^^^^^^^
django.db.utils.ProgrammingError: column users_user.username does not exist
LINE 1: SELECT 1 AS "a" FROM "users_user" WHERE "users_user"."userna...
                                                ^


ERROR 2026-07-09 20:59:39,096 log 16124 16100 Internal Server Error: /api/auth/register/
ERROR 2026-07-09 20:59:39,102 basehttp 16124 16100 "POST /api/auth/register/ HTTP/1.1" 500 80
ERROR 2026-07-09 21:01:21,908 exceptions 16124 11152 Unhandled exception: column users_user.username does not exist
LINE 1: SELECT 1 AS "a" FROM "users_user" WHERE "users_user"."userna...
                                                ^

Traceback (most recent call last):
  File "C:\Users\Ammar\OneDrive\Desktop\LMS_project\.venv\Lib\site-packages\django\db\backends\utils.py", line 105, in _execute
    return self.cursor.execute(sql, params)
           ~~~~~~~~~~~~~~~~~~~^^^^^^^^^^^^^
psycopg2.errors.UndefinedColumn: column users_user.username does not exist
LINE 1: SELECT 1 AS "a" FROM "users_user" WHERE "users_user"."userna...
                                                ^


The above exception was the direct cause of the following exception:

Traceback (most recent call last):
  File "C:\Users\Ammar\OneDrive\Desktop\LMS_project\.venv\Lib\site-packages\rest_framework\views.py", line 512, in dispatch
    response = handler(request, *args, **kwargs)
  File "C:\Users\Ammar\OneDrive\Desktop\LMS_project\apps\users\views.py", line 42, in post
    if serializer.is_valid():
       ~~~~~~~~~~~~~~~~~~~^^
  File "C:\Users\Ammar\OneDrive\Desktop\LMS_project\.venv\Lib\site-packages\rest_framework\serializers.py", line 225, in is_valid
    self._validated_data = self.run_validation(self.initial_data)
                           ~~~~~~~~~~~~~~~~~~~^^^^^^^^^^^^^^^^^^^
  File "C:\Users\Ammar\OneDrive\Desktop\LMS_project\.venv\Lib\site-packages\rest_framework\serializers.py", line 456, in run_validation
    value = self.to_internal_value(data)
  File "C:\Users\Ammar\OneDrive\Desktop\LMS_project\.venv\Lib\site-packages\rest_framework\serializers.py", line 513, in to_internal_value
    validated_value = field.run_validation(primitive_value)
  File "C:\Users\Ammar\OneDrive\Desktop\LMS_project\.venv\Lib\site-packages\rest_framework\fields.py", line 757, in run_validation
    return super().run_validation(data)
           ~~~~~~~~~~~~~~~~~~~~~~^^^^^^
  File "C:\Users\Ammar\OneDrive\Desktop\LMS_project\.venv\Lib\site-packages\rest_framework\fields.py", line 539, in run_validation
    self.run_validators(value)
    ~~~~~~~~~~~~~~~~~~~^^^^^^^
  File "C:\Users\Ammar\OneDrive\Desktop\LMS_project\.venv\Lib\site-packages\rest_framework\fields.py", line 551, in run_validators
    validator(value, self)
    ~~~~~~~~~^^^^^^^^^^^^^
  File "C:\Users\Ammar\OneDrive\Desktop\LMS_project\.venv\Lib\site-packages\rest_framework\validators.py", line 86, in __call__
    if qs_exists(queryset):
       ~~~~~~~~~^^^^^^^^^^
  File "C:\Users\Ammar\OneDrive\Desktop\LMS_project\.venv\Lib\site-packages\rest_framework\validators.py", line 23, in qs_exists
    return queryset.exists()
           ~~~~~~~~~~~~~~~^^
  File "C:\Users\Ammar\OneDrive\Desktop\LMS_project\.venv\Lib\site-packages\django\db\models\query.py", line 1298, in exists
    return self.query.has_results(using=self.db)
           ~~~~~~~~~~~~~~~~~~~~~~^^^^^^^^^^^^^^^
  File "C:\Users\Ammar\OneDrive\Desktop\LMS_project\.venv\Lib\site-packages\django\db\models\sql\query.py", line 676, in has_results
    return compiler.has_results()
           ~~~~~~~~~~~~~~~~~~~~^^
  File "C:\Users\Ammar\OneDrive\Desktop\LMS_project\.venv\Lib\site-packages\django\db\models\sql\compiler.py", line 1591, in has_results
    return bool(self.execute_sql(SINGLE))
                ~~~~~~~~~~~~~~~~^^^^^^^^
  File "C:\Users\Ammar\OneDrive\Desktop\LMS_project\.venv\Lib\site-packages\django\db\models\sql\compiler.py", line 1623, in execute_sql
    cursor.execute(sql, params)
    ~~~~~~~~~~~~~~^^^^^^^^^^^^^
  File "C:\Users\Ammar\OneDrive\Desktop\LMS_project\.venv\Lib\site-packages\django\db\backends\utils.py", line 122, in execute
    return super().execute(sql, params)
           ~~~~~~~~~~~~~~~^^^^^^^^^^^^^
  File "C:\Users\Ammar\OneDrive\Desktop\LMS_project\.venv\Lib\site-packages\django\db\backends\utils.py", line 79, in execute
    return self._execute_with_wrappers(
           ~~~~~~~~~~~~~~~~~~~~~~~~~~~^
        sql, params, many=False, executor=self._execute
        ^^^^^^^^^^^^^^^^^^^^^^^^^^^^^^^^^^^^^^^^^^^^^^^
    )
    ^
  File "C:\Users\Ammar\OneDrive\Desktop\LMS_project\.venv\Lib\site-packages\django\db\backends\utils.py", line 92, in _execute_with_wrappers
    return executor(sql, params, many, context)
  File "C:\Users\Ammar\OneDrive\Desktop\LMS_project\.venv\Lib\site-packages\django\db\backends\utils.py", line 100, in _execute
    with self.db.wrap_database_errors:
         ^^^^^^^^^^^^^^^^^^^^^^^^^^^^
  File "C:\Users\Ammar\OneDrive\Desktop\LMS_project\.venv\Lib\site-packages\django\db\utils.py", line 91, in __exit__
    raise dj_exc_value.with_traceback(traceback) from exc_value
  File "C:\Users\Ammar\OneDrive\Desktop\LMS_project\.venv\Lib\site-packages\django\db\backends\utils.py", line 105, in _execute
    return self.cursor.execute(sql, params)
           ~~~~~~~~~~~~~~~~~~~^^^^^^^^^^^^^
django.db.utils.ProgrammingError: column users_user.username does not exist
LINE 1: SELECT 1 AS "a" FROM "users_user" WHERE "users_user"."userna...
                                                ^


ERROR 2026-07-09 21:01:21,934 log 16124 11152 Internal Server Error: /api/auth/register/
ERROR 2026-07-09 21:01:21,937 basehttp 16124 11152 "POST /api/auth/register/ HTTP/1.1" 500 80
ERROR 2026-07-09 21:04:38,483 exceptions 16124 11940 Unhandled exception: column users_user.username does not exist
LINE 1: SELECT 1 AS "a" FROM "users_user" WHERE "users_user"."userna...
                                                ^

Traceback (most recent call last):
  File "C:\Users\Ammar\OneDrive\Desktop\LMS_project\.venv\Lib\site-packages\django\db\backends\utils.py", line 105, in _execute
    return self.cursor.execute(sql, params)
           ~~~~~~~~~~~~~~~~~~~^^^^^^^^^^^^^
psycopg2.errors.UndefinedColumn: column users_user.username does not exist
LINE 1: SELECT 1 AS "a" FROM "users_user" WHERE "users_user"."userna...
                                                ^


The above exception was the direct cause of the following exception:

Traceback (most recent call last):
  File "C:\Users\Ammar\OneDrive\Desktop\LMS_project\.venv\Lib\site-packages\rest_framework\views.py", line 512, in dispatch
    response = handler(request, *args, **kwargs)
  File "C:\Users\Ammar\OneDrive\Desktop\LMS_project\apps\users\views.py", line 42, in post
    if serializer.is_valid():
       ~~~~~~~~~~~~~~~~~~~^^
  File "C:\Users\Ammar\OneDrive\Desktop\LMS_project\.venv\Lib\site-packages\rest_framework\serializers.py", line 225, in is_valid
    self._validated_data = self.run_validation(self.initial_data)
                           ~~~~~~~~~~~~~~~~~~~^^^^^^^^^^^^^^^^^^^
  File "C:\Users\Ammar\OneDrive\Desktop\LMS_project\.venv\Lib\site-packages\rest_framework\serializers.py", line 456, in run_validation
    value = self.to_internal_value(data)
  File "C:\Users\Ammar\OneDrive\Desktop\LMS_project\.venv\Lib\site-packages\rest_framework\serializers.py", line 513, in to_internal_value
    validated_value = field.run_validation(primitive_value)
  File "C:\Users\Ammar\OneDrive\Desktop\LMS_project\.venv\Lib\site-packages\rest_framework\fields.py", line 757, in run_validation
    return super().run_validation(data)
           ~~~~~~~~~~~~~~~~~~~~~~^^^^^^
  File "C:\Users\Ammar\OneDrive\Desktop\LMS_project\.venv\Lib\site-packages\rest_framework\fields.py", line 539, in run_validation
    self.run_validators(value)
    ~~~~~~~~~~~~~~~~~~~^^^^^^^
  File "C:\Users\Ammar\OneDrive\Desktop\LMS_project\.venv\Lib\site-packages\rest_framework\fields.py", line 551, in run_validators
    validator(value, self)
    ~~~~~~~~~^^^^^^^^^^^^^
  File "C:\Users\Ammar\OneDrive\Desktop\LMS_project\.venv\Lib\site-packages\rest_framework\validators.py", line 86, in __call__
    if qs_exists(queryset):
       ~~~~~~~~~^^^^^^^^^^
  File "C:\Users\Ammar\OneDrive\Desktop\LMS_project\.venv\Lib\site-packages\rest_framework\validators.py", line 23, in qs_exists
    return queryset.exists()
           ~~~~~~~~~~~~~~~^^
  File "C:\Users\Ammar\OneDrive\Desktop\LMS_project\.venv\Lib\site-packages\django\db\models\query.py", line 1298, in exists
    return self.query.has_results(using=self.db)
           ~~~~~~~~~~~~~~~~~~~~~~^^^^^^^^^^^^^^^
  File "C:\Users\Ammar\OneDrive\Desktop\LMS_project\.venv\Lib\site-packages\django\db\models\sql\query.py", line 676, in has_results
    return compiler.has_results()
           ~~~~~~~~~~~~~~~~~~~~^^
  File "C:\Users\Ammar\OneDrive\Desktop\LMS_project\.venv\Lib\site-packages\django\db\models\sql\compiler.py", line 1591, in has_results
    return bool(self.execute_sql(SINGLE))
                ~~~~~~~~~~~~~~~~^^^^^^^^
  File "C:\Users\Ammar\OneDrive\Desktop\LMS_project\.venv\Lib\site-packages\django\db\models\sql\compiler.py", line 1623, in execute_sql
    cursor.execute(sql, params)
    ~~~~~~~~~~~~~~^^^^^^^^^^^^^
  File "C:\Users\Ammar\OneDrive\Desktop\LMS_project\.venv\Lib\site-packages\django\db\backends\utils.py", line 122, in execute
    return super().execute(sql, params)
           ~~~~~~~~~~~~~~~^^^^^^^^^^^^^
  File "C:\Users\Ammar\OneDrive\Desktop\LMS_project\.venv\Lib\site-packages\django\db\backends\utils.py", line 79, in execute
    return self._execute_with_wrappers(
           ~~~~~~~~~~~~~~~~~~~~~~~~~~~^
        sql, params, many=False, executor=self._execute
        ^^^^^^^^^^^^^^^^^^^^^^^^^^^^^^^^^^^^^^^^^^^^^^^
    )
    ^
  File "C:\Users\Ammar\OneDrive\Desktop\LMS_project\.venv\Lib\site-packages\django\db\backends\utils.py", line 92, in _execute_with_wrappers
    return executor(sql, params, many, context)
  File "C:\Users\Ammar\OneDrive\Desktop\LMS_project\.venv\Lib\site-packages\django\db\backends\utils.py", line 100, in _execute
    with self.db.wrap_database_errors:
         ^^^^^^^^^^^^^^^^^^^^^^^^^^^^
  File "C:\Users\Ammar\OneDrive\Desktop\LMS_project\.venv\Lib\site-packages\django\db\utils.py", line 91, in __exit__
    raise dj_exc_value.with_traceback(traceback) from exc_value
  File "C:\Users\Ammar\OneDrive\Desktop\LMS_project\.venv\Lib\site-packages\django\db\backends\utils.py", line 105, in _execute
    return self.cursor.execute(sql, params)
           ~~~~~~~~~~~~~~~~~~~^^^^^^^^^^^^^
django.db.utils.ProgrammingError: column users_user.username does not exist
LINE 1: SELECT 1 AS "a" FROM "users_user" WHERE "users_user"."userna...
                                                ^


ERROR 2026-07-09 21:04:38,506 log 16124 11940 Internal Server Error: /api/auth/register/
ERROR 2026-07-09 21:04:38,509 basehttp 16124 11940 "POST /api/auth/register/ HTTP/1.1" 500 80
ERROR 2026-07-09 21:04:41,749 exceptions 16124 11940 Unhandled exception: column users_user.username does not exist
LINE 1: SELECT 1 AS "a" FROM "users_user" WHERE "users_user"."userna...
                                                ^

Traceback (most recent call last):
  File "C:\Users\Ammar\OneDrive\Desktop\LMS_project\.venv\Lib\site-packages\django\db\backends\utils.py", line 105, in _execute
    return self.cursor.execute(sql, params)
           ~~~~~~~~~~~~~~~~~~~^^^^^^^^^^^^^
psycopg2.errors.UndefinedColumn: column users_user.username does not exist
LINE 1: SELECT 1 AS "a" FROM "users_user" WHERE "users_user"."userna...
                                                ^


The above exception was the direct cause of the following exception:

Traceback (most recent call last):
  File "C:\Users\Ammar\OneDrive\Desktop\LMS_project\.venv\Lib\site-packages\rest_framework\views.py", line 512, in dispatch
    response = handler(request, *args, **kwargs)
  File "C:\Users\Ammar\OneDrive\Desktop\LMS_project\apps\users\views.py", line 42, in post
    if serializer.is_valid():
       ~~~~~~~~~~~~~~~~~~~^^
  File "C:\Users\Ammar\OneDrive\Desktop\LMS_project\.venv\Lib\site-packages\rest_framework\serializers.py", line 225, in is_valid
    self._validated_data = self.run_validation(self.initial_data)
                           ~~~~~~~~~~~~~~~~~~~^^^^^^^^^^^^^^^^^^^
  File "C:\Users\Ammar\OneDrive\Desktop\LMS_project\.venv\Lib\site-packages\rest_framework\serializers.py", line 456, in run_validation
    value = self.to_internal_value(data)
  File "C:\Users\Ammar\OneDrive\Desktop\LMS_project\.venv\Lib\site-packages\rest_framework\serializers.py", line 513, in to_internal_value
    validated_value = field.run_validation(primitive_value)
  File "C:\Users\Ammar\OneDrive\Desktop\LMS_project\.venv\Lib\site-packages\rest_framework\fields.py", line 757, in run_validation
    return super().run_validation(data)
           ~~~~~~~~~~~~~~~~~~~~~~^^^^^^
  File "C:\Users\Ammar\OneDrive\Desktop\LMS_project\.venv\Lib\site-packages\rest_framework\fields.py", line 539, in run_validation
    self.run_validators(value)
    ~~~~~~~~~~~~~~~~~~~^^^^^^^
  File "C:\Users\Ammar\OneDrive\Desktop\LMS_project\.venv\Lib\site-packages\rest_framework\fields.py", line 551, in run_validators
    validator(value, self)
    ~~~~~~~~~^^^^^^^^^^^^^
  File "C:\Users\Ammar\OneDrive\Desktop\LMS_project\.venv\Lib\site-packages\rest_framework\validators.py", line 86, in __call__
    if qs_exists(queryset):
       ~~~~~~~~~^^^^^^^^^^
  File "C:\Users\Ammar\OneDrive\Desktop\LMS_project\.venv\Lib\site-packages\rest_framework\validators.py", line 23, in qs_exists
    return queryset.exists()
           ~~~~~~~~~~~~~~~^^
  File "C:\Users\Ammar\OneDrive\Desktop\LMS_project\.venv\Lib\site-packages\django\db\models\query.py", line 1298, in exists
    return self.query.has_results(using=self.db)
           ~~~~~~~~~~~~~~~~~~~~~~^^^^^^^^^^^^^^^
  File "C:\Users\Ammar\OneDrive\Desktop\LMS_project\.venv\Lib\site-packages\django\db\models\sql\query.py", line 676, in has_results
    return compiler.has_results()
           ~~~~~~~~~~~~~~~~~~~~^^
  File "C:\Users\Ammar\OneDrive\Desktop\LMS_project\.venv\Lib\site-packages\django\db\models\sql\compiler.py", line 1591, in has_results
    return bool(self.execute_sql(SINGLE))
                ~~~~~~~~~~~~~~~~^^^^^^^^
  File "C:\Users\Ammar\OneDrive\Desktop\LMS_project\.venv\Lib\site-packages\django\db\models\sql\compiler.py", line 1623, in execute_sql
    cursor.execute(sql, params)
    ~~~~~~~~~~~~~~^^^^^^^^^^^^^
  File "C:\Users\Ammar\OneDrive\Desktop\LMS_project\.venv\Lib\site-packages\django\db\backends\utils.py", line 122, in execute
    return super().execute(sql, params)
           ~~~~~~~~~~~~~~~^^^^^^^^^^^^^
  File "C:\Users\Ammar\OneDrive\Desktop\LMS_project\.venv\Lib\site-packages\django\db\backends\utils.py", line 79, in execute
    return self._execute_with_wrappers(
           ~~~~~~~~~~~~~~~~~~~~~~~~~~~^
        sql, params, many=False, executor=self._execute
        ^^^^^^^^^^^^^^^^^^^^^^^^^^^^^^^^^^^^^^^^^^^^^^^
    )
    ^
  File "C:\Users\Ammar\OneDrive\Desktop\LMS_project\.venv\Lib\site-packages\django\db\backends\utils.py", line 92, in _execute_with_wrappers
    return executor(sql, params, many, context)
  File "C:\Users\Ammar\OneDrive\Desktop\LMS_project\.venv\Lib\site-packages\django\db\backends\utils.py", line 100, in _execute
    with self.db.wrap_database_errors:
         ^^^^^^^^^^^^^^^^^^^^^^^^^^^^
  File "C:\Users\Ammar\OneDrive\Desktop\LMS_project\.venv\Lib\site-packages\django\db\utils.py", line 91, in __exit__
    raise dj_exc_value.with_traceback(traceback) from exc_value
  File "C:\Users\Ammar\OneDrive\Desktop\LMS_project\.venv\Lib\site-packages\django\db\backends\utils.py", line 105, in _execute
    return self.cursor.execute(sql, params)
           ~~~~~~~~~~~~~~~~~~~^^^^^^^^^^^^^
django.db.utils.ProgrammingError: column users_user.username does not exist
LINE 1: SELECT 1 AS "a" FROM "users_user" WHERE "users_user"."userna...
                                                ^


ERROR 2026-07-09 21:04:41,760 log 16124 11940 Internal Server Error: /api/auth/register/
ERROR 2026-07-09 21:04:41,765 basehttp 16124 11940 "POST /api/auth/register/ HTTP/1.1" 500 80
WARNING 2026-07-09 21:06:23,773 exceptions 16124 21408 API error 401: Given token not valid for any token type
WARNING 2026-07-09 21:06:23,793 log 16124 21408 Unauthorized: /api/auth/register/
WARNING 2026-07-09 21:06:23,796 basehttp 16124 21408 "POST /api/auth/register/ HTTP/1.1" 401 274
WARNING 2026-07-09 21:06:51,441 exceptions 16124 21408 API error 401: Given token not valid for any token type
WARNING 2026-07-09 21:06:51,443 log 16124 21408 Unauthorized: /api/auth/register/
WARNING 2026-07-09 21:06:51,444 basehttp 16124 21408 "POST /api/auth/register/ HTTP/1.1" 401 274
ERROR 2026-07-09 21:16:14,914 exceptions 16124 9556 Unhandled exception: column users_user.username does not exist
LINE 1: SELECT 1 AS "a" FROM "users_user" WHERE "users_user"."userna...
                                                ^

Traceback (most recent call last):
  File "C:\Users\Ammar\OneDrive\Desktop\LMS_project\.venv\Lib\site-packages\django\db\backends\utils.py", line 105, in _execute
    return self.cursor.execute(sql, params)
           ~~~~~~~~~~~~~~~~~~~^^^^^^^^^^^^^
psycopg2.errors.UndefinedColumn: column users_user.username does not exist
LINE 1: SELECT 1 AS "a" FROM "users_user" WHERE "users_user"."userna...
                                                ^


The above exception was the direct cause of the following exception:

Traceback (most recent call last):
  File "C:\Users\Ammar\OneDrive\Desktop\LMS_project\.venv\Lib\site-packages\rest_framework\views.py", line 512, in dispatch
    response = handler(request, *args, **kwargs)
  File "C:\Users\Ammar\OneDrive\Desktop\LMS_project\apps\users\views.py", line 42, in post
    if serializer.is_valid():
       ~~~~~~~~~~~~~~~~~~~^^
  File "C:\Users\Ammar\OneDrive\Desktop\LMS_project\.venv\Lib\site-packages\rest_framework\serializers.py", line 225, in is_valid
    self._validated_data = self.run_validation(self.initial_data)
                           ~~~~~~~~~~~~~~~~~~~^^^^^^^^^^^^^^^^^^^
  File "C:\Users\Ammar\OneDrive\Desktop\LMS_project\.venv\Lib\site-packages\rest_framework\serializers.py", line 456, in run_validation
    value = self.to_internal_value(data)
  File "C:\Users\Ammar\OneDrive\Desktop\LMS_project\.venv\Lib\site-packages\rest_framework\serializers.py", line 513, in to_internal_value
    validated_value = field.run_validation(primitive_value)
  File "C:\Users\Ammar\OneDrive\Desktop\LMS_project\.venv\Lib\site-packages\rest_framework\fields.py", line 757, in run_validation
    return super().run_validation(data)
           ~~~~~~~~~~~~~~~~~~~~~~^^^^^^
  File "C:\Users\Ammar\OneDrive\Desktop\LMS_project\.venv\Lib\site-packages\rest_framework\fields.py", line 539, in run_validation
    self.run_validators(value)
    ~~~~~~~~~~~~~~~~~~~^^^^^^^
  File "C:\Users\Ammar\OneDrive\Desktop\LMS_project\.venv\Lib\site-packages\rest_framework\fields.py", line 551, in run_validators
    validator(value, self)
    ~~~~~~~~~^^^^^^^^^^^^^
  File "C:\Users\Ammar\OneDrive\Desktop\LMS_project\.venv\Lib\site-packages\rest_framework\validators.py", line 86, in __call__
    if qs_exists(queryset):
       ~~~~~~~~~^^^^^^^^^^
  File "C:\Users\Ammar\OneDrive\Desktop\LMS_project\.venv\Lib\site-packages\rest_framework\validators.py", line 23, in qs_exists
    return queryset.exists()
           ~~~~~~~~~~~~~~~^^
  File "C:\Users\Ammar\OneDrive\Desktop\LMS_project\.venv\Lib\site-packages\django\db\models\query.py", line 1298, in exists
    return self.query.has_results(using=self.db)
           ~~~~~~~~~~~~~~~~~~~~~~^^^^^^^^^^^^^^^
  File "C:\Users\Ammar\OneDrive\Desktop\LMS_project\.venv\Lib\site-packages\django\db\models\sql\query.py", line 676, in has_results
    return compiler.has_results()
           ~~~~~~~~~~~~~~~~~~~~^^
  File "C:\Users\Ammar\OneDrive\Desktop\LMS_project\.venv\Lib\site-packages\django\db\models\sql\compiler.py", line 1591, in has_results
    return bool(self.execute_sql(SINGLE))
                ~~~~~~~~~~~~~~~~^^^^^^^^
  File "C:\Users\Ammar\OneDrive\Desktop\LMS_project\.venv\Lib\site-packages\django\db\models\sql\compiler.py", line 1623, in execute_sql
    cursor.execute(sql, params)
    ~~~~~~~~~~~~~~^^^^^^^^^^^^^
  File "C:\Users\Ammar\OneDrive\Desktop\LMS_project\.venv\Lib\site-packages\django\db\backends\utils.py", line 122, in execute
    return super().execute(sql, params)
           ~~~~~~~~~~~~~~~^^^^^^^^^^^^^
  File "C:\Users\Ammar\OneDrive\Desktop\LMS_project\.venv\Lib\site-packages\django\db\backends\utils.py", line 79, in execute
    return self._execute_with_wrappers(
           ~~~~~~~~~~~~~~~~~~~~~~~~~~~^
        sql, params, many=False, executor=self._execute
        ^^^^^^^^^^^^^^^^^^^^^^^^^^^^^^^^^^^^^^^^^^^^^^^
    )
    ^
  File "C:\Users\Ammar\OneDrive\Desktop\LMS_project\.venv\Lib\site-packages\django\db\backends\utils.py", line 92, in _execute_with_wrappers
    return executor(sql, params, many, context)
  File "C:\Users\Ammar\OneDrive\Desktop\LMS_project\.venv\Lib\site-packages\django\db\backends\utils.py", line 100, in _execute
    with self.db.wrap_database_errors:
         ^^^^^^^^^^^^^^^^^^^^^^^^^^^^
  File "C:\Users\Ammar\OneDrive\Desktop\LMS_project\.venv\Lib\site-packages\django\db\utils.py", line 91, in __exit__
    raise dj_exc_value.with_traceback(traceback) from exc_value
  File "C:\Users\Ammar\OneDrive\Desktop\LMS_project\.venv\Lib\site-packages\django\db\backends\utils.py", line 105, in _execute
    return self.cursor.execute(sql, params)
           ~~~~~~~~~~~~~~~~~~~^^^^^^^^^^^^^
django.db.utils.ProgrammingError: column users_user.username does not exist
LINE 1: SELECT 1 AS "a" FROM "users_user" WHERE "users_user"."userna...
                                                ^


ERROR 2026-07-09 21:16:14,957 log 16124 9556 Internal Server Error: /api/auth/register/
ERROR 2026-07-09 21:16:14,964 basehttp 16124 9556 "POST /api/auth/register/ HTTP/1.1" 500 80
ERROR 2026-07-09 21:18:14,795 exceptions 16124 19872 Unhandled exception: column users_user.username does not exist
LINE 1: SELECT 1 AS "a" FROM "users_user" WHERE "users_user"."userna...
                                                ^

Traceback (most recent call last):
  File "C:\Users\Ammar\OneDrive\Desktop\LMS_project\.venv\Lib\site-packages\django\db\backends\utils.py", line 105, in _execute
    return self.cursor.execute(sql, params)
           ~~~~~~~~~~~~~~~~~~~^^^^^^^^^^^^^
psycopg2.errors.UndefinedColumn: column users_user.username does not exist
LINE 1: SELECT 1 AS "a" FROM "users_user" WHERE "users_user"."userna...
                                                ^


The above exception was the direct cause of the following exception:

Traceback (most recent call last):
  File "C:\Users\Ammar\OneDrive\Desktop\LMS_project\.venv\Lib\site-packages\rest_framework\views.py", line 512, in dispatch
    response = handler(request, *args, **kwargs)
  File "C:\Users\Ammar\OneDrive\Desktop\LMS_project\apps\users\views.py", line 42, in post
    if serializer.is_valid():
       ~~~~~~~~~~~~~~~~~~~^^
  File "C:\Users\Ammar\OneDrive\Desktop\LMS_project\.venv\Lib\site-packages\rest_framework\serializers.py", line 225, in is_valid
    self._validated_data = self.run_validation(self.initial_data)
                           ~~~~~~~~~~~~~~~~~~~^^^^^^^^^^^^^^^^^^^
  File "C:\Users\Ammar\OneDrive\Desktop\LMS_project\.venv\Lib\site-packages\rest_framework\serializers.py", line 456, in run_validation
    value = self.to_internal_value(data)
  File "C:\Users\Ammar\OneDrive\Desktop\LMS_project\.venv\Lib\site-packages\rest_framework\serializers.py", line 513, in to_internal_value
    validated_value = field.run_validation(primitive_value)
  File "C:\Users\Ammar\OneDrive\Desktop\LMS_project\.venv\Lib\site-packages\rest_framework\fields.py", line 757, in run_validation
    return super().run_validation(data)
           ~~~~~~~~~~~~~~~~~~~~~~^^^^^^
  File "C:\Users\Ammar\OneDrive\Desktop\LMS_project\.venv\Lib\site-packages\rest_framework\fields.py", line 539, in run_validation
    self.run_validators(value)
    ~~~~~~~~~~~~~~~~~~~^^^^^^^
  File "C:\Users\Ammar\OneDrive\Desktop\LMS_project\.venv\Lib\site-packages\rest_framework\fields.py", line 551, in run_validators
    validator(value, self)
    ~~~~~~~~~^^^^^^^^^^^^^
  File "C:\Users\Ammar\OneDrive\Desktop\LMS_project\.venv\Lib\site-packages\rest_framework\validators.py", line 86, in __call__
    if qs_exists(queryset):
       ~~~~~~~~~^^^^^^^^^^
  File "C:\Users\Ammar\OneDrive\Desktop\LMS_project\.venv\Lib\site-packages\rest_framework\validators.py", line 23, in qs_exists
    return queryset.exists()
           ~~~~~~~~~~~~~~~^^
  File "C:\Users\Ammar\OneDrive\Desktop\LMS_project\.venv\Lib\site-packages\django\db\models\query.py", line 1298, in exists
    return self.query.has_results(using=self.db)
           ~~~~~~~~~~~~~~~~~~~~~~^^^^^^^^^^^^^^^
  File "C:\Users\Ammar\OneDrive\Desktop\LMS_project\.venv\Lib\site-packages\django\db\models\sql\query.py", line 676, in has_results
    return compiler.has_results()
           ~~~~~~~~~~~~~~~~~~~~^^
  File "C:\Users\Ammar\OneDrive\Desktop\LMS_project\.venv\Lib\site-packages\django\db\models\sql\compiler.py", line 1591, in has_results
    return bool(self.execute_sql(SINGLE))
                ~~~~~~~~~~~~~~~~^^^^^^^^
  File "C:\Users\Ammar\OneDrive\Desktop\LMS_project\.venv\Lib\site-packages\django\db\models\sql\compiler.py", line 1623, in execute_sql
    cursor.execute(sql, params)
    ~~~~~~~~~~~~~~^^^^^^^^^^^^^
  File "C:\Users\Ammar\OneDrive\Desktop\LMS_project\.venv\Lib\site-packages\django\db\backends\utils.py", line 122, in execute
    return super().execute(sql, params)
           ~~~~~~~~~~~~~~~^^^^^^^^^^^^^
  File "C:\Users\Ammar\OneDrive\Desktop\LMS_project\.venv\Lib\site-packages\django\db\backends\utils.py", line 79, in execute
    return self._execute_with_wrappers(
           ~~~~~~~~~~~~~~~~~~~~~~~~~~~^
        sql, params, many=False, executor=self._execute
        ^^^^^^^^^^^^^^^^^^^^^^^^^^^^^^^^^^^^^^^^^^^^^^^
    )
    ^
  File "C:\Users\Ammar\OneDrive\Desktop\LMS_project\.venv\Lib\site-packages\django\db\backends\utils.py", line 92, in _execute_with_wrappers
    return executor(sql, params, many, context)
  File "C:\Users\Ammar\OneDrive\Desktop\LMS_project\.venv\Lib\site-packages\django\db\backends\utils.py", line 100, in _execute
    with self.db.wrap_database_errors:
         ^^^^^^^^^^^^^^^^^^^^^^^^^^^^
  File "C:\Users\Ammar\OneDrive\Desktop\LMS_project\.venv\Lib\site-packages\django\db\utils.py", line 91, in __exit__
    raise dj_exc_value.with_traceback(traceback) from exc_value
  File "C:\Users\Ammar\OneDrive\Desktop\LMS_project\.venv\Lib\site-packages\django\db\backends\utils.py", line 105, in _execute
    return self.cursor.execute(sql, params)
           ~~~~~~~~~~~~~~~~~~~^^^^^^^^^^^^^
django.db.utils.ProgrammingError: column users_user.username does not exist
LINE 1: SELECT 1 AS "a" FROM "users_user" WHERE "users_user"."userna...
                                                ^


ERROR 2026-07-09 21:18:14,817 log 16124 19872 Internal Server Error: /api/auth/register/
ERROR 2026-07-09 21:18:14,821 basehttp 16124 19872 "POST /api/auth/register/ HTTP/1.1" 500 80
INFO 2026-07-09 21:40:02,777 autoreload 15920 22436 Watching for file changes with StatReloader
ERROR 2026-07-09 21:40:23,815 exceptions 15920 13764 Unhandled exception: column "profile_picture" of relation "users_user" does not exist
LINE 1: ..., "date_joined", "email", "role", "bio", "phone", "profile_p...
                                                             ^

Traceback (most recent call last):
  File "C:\Users\Ammar\OneDrive\Desktop\LMS_project\.venv\Lib\site-packages\django\db\backends\utils.py", line 105, in _execute
    return self.cursor.execute(sql, params)
           ~~~~~~~~~~~~~~~~~~~^^^^^^^^^^^^^
psycopg2.errors.UndefinedColumn: column "profile_picture" of relation "users_user" does not exist
LINE 1: ..., "date_joined", "email", "role", "bio", "phone", "profile_p...
                                                             ^


The above exception was the direct cause of the following exception:

Traceback (most recent call last):
  File "C:\Users\Ammar\OneDrive\Desktop\LMS_project\.venv\Lib\site-packages\rest_framework\views.py", line 512, in dispatch
    response = handler(request, *args, **kwargs)
  File "C:\Users\Ammar\OneDrive\Desktop\LMS_project\apps\users\views.py", line 43, in post
    user = serializer.save()
  File "C:\Users\Ammar\OneDrive\Desktop\LMS_project\.venv\Lib\site-packages\rest_framework\serializers.py", line 210, in save
    self.instance = self.create(validated_data)
                    ~~~~~~~~~~~^^^^^^^^^^^^^^^^
  File "C:\Users\Ammar\OneDrive\Desktop\LMS_project\apps\users\serializers.py", line 33, in create
    return AuthService.create_user(validated_data)
           ~~~~~~~~~~~~~~~~~~~~~~~^^^^^^^^^^^^^^^^
  File "C:\Users\Ammar\OneDrive\Desktop\LMS_project\apps\users\services.py", line 38, in create_user
    user.save()
    ~~~~~~~~~^^
  File "C:\Users\Ammar\OneDrive\Desktop\LMS_project\.venv\Lib\site-packages\django\contrib\auth\base_user.py", line 65, in save
    super().save(*args, **kwargs)
    ~~~~~~~~~~~~^^^^^^^^^^^^^^^^^
  File "C:\Users\Ammar\OneDrive\Desktop\LMS_project\.venv\Lib\site-packages\django\db\models\base.py", line 902, in save
    self.save_base(
    ~~~~~~~~~~~~~~^
        using=using,
        ^^^^^^^^^^^^
    ...<2 lines>...
        update_fields=update_fields,
        ^^^^^^^^^^^^^^^^^^^^^^^^^^^^
    )
    ^
  File "C:\Users\Ammar\OneDrive\Desktop\LMS_project\.venv\Lib\site-packages\django\db\models\base.py", line 1008, in save_base
    updated = self._save_table(
        raw,
    ...<4 lines>...
        update_fields,
    )
  File "C:\Users\Ammar\OneDrive\Desktop\LMS_project\.venv\Lib\site-packages\django\db\models\base.py", line 1169, in _save_table
    results = self._do_insert(
        cls._base_manager, using, fields, returning_fields, raw
    )
  File "C:\Users\Ammar\OneDrive\Desktop\LMS_project\.venv\Lib\site-packages\django\db\models\base.py", line 1210, in _do_insert
    return manager._insert(
           ~~~~~~~~~~~~~~~^
        [self],
        ^^^^^^^
    ...<3 lines>...
        raw=raw,
        ^^^^^^^^
    )
    ^
  File "C:\Users\Ammar\OneDrive\Desktop\LMS_project\.venv\Lib\site-packages\django\db\models\manager.py", line 87, in manager_method
    return getattr(self.get_queryset(), name)(*args, **kwargs)
           ~~~~~~~~~~~~~~~~~~~~~~~~~~~~~~~~~~^^^^^^^^^^^^^^^^^
  File "C:\Users\Ammar\OneDrive\Desktop\LMS_project\.venv\Lib\site-packages\django\db\models\query.py", line 1873, in _insert
    return query.get_compiler(using=using).execute_sql(returning_fields)
           ~~~~~~~~~~~~~~~~~~~~~~~~~~~~~~~~~~~~~~~~~~~^^^^^^^^^^^^^^^^^^
  File "C:\Users\Ammar\OneDrive\Desktop\LMS_project\.venv\Lib\site-packages\django\db\models\sql\compiler.py", line 1882, in execute_sql
    cursor.execute(sql, params)
    ~~~~~~~~~~~~~~^^^^^^^^^^^^^
  File "C:\Users\Ammar\OneDrive\Desktop\LMS_project\.venv\Lib\site-packages\django\db\backends\utils.py", line 122, in execute
    return super().execute(sql, params)
           ~~~~~~~~~~~~~~~^^^^^^^^^^^^^
  File "C:\Users\Ammar\OneDrive\Desktop\LMS_project\.venv\Lib\site-packages\django\db\backends\utils.py", line 79, in execute
    return self._execute_with_wrappers(
           ~~~~~~~~~~~~~~~~~~~~~~~~~~~^
        sql, params, many=False, executor=self._execute
        ^^^^^^^^^^^^^^^^^^^^^^^^^^^^^^^^^^^^^^^^^^^^^^^
    )
    ^
  File "C:\Users\Ammar\OneDrive\Desktop\LMS_project\.venv\Lib\site-packages\django\db\backends\utils.py", line 92, in _execute_with_wrappers
    return executor(sql, params, many, context)
  File "C:\Users\Ammar\OneDrive\Desktop\LMS_project\.venv\Lib\site-packages\django\db\backends\utils.py", line 100, in _execute
    with self.db.wrap_database_errors:
         ^^^^^^^^^^^^^^^^^^^^^^^^^^^^
  File "C:\Users\Ammar\OneDrive\Desktop\LMS_project\.venv\Lib\site-packages\django\db\utils.py", line 91, in __exit__
    raise dj_exc_value.with_traceback(traceback) from exc_value
  File "C:\Users\Ammar\OneDrive\Desktop\LMS_project\.venv\Lib\site-packages\django\db\backends\utils.py", line 105, in _execute
    return self.cursor.execute(sql, params)
           ~~~~~~~~~~~~~~~~~~~^^^^^^^^^^^^^
django.db.utils.ProgrammingError: column "profile_picture" of relation "users_user" does not exist
LINE 1: ..., "date_joined", "email", "role", "bio", "phone", "profile_p...
                                                             ^


ERROR 2026-07-09 21:40:23,832 log 15920 13764 Internal Server Error: /api/auth/register/
ERROR 2026-07-09 21:40:23,834 basehttp 15920 13764 "POST /api/auth/register/ HTTP/1.1" 500 80
INFO 2026-07-09 21:41:22,586 autoreload 15368 20764 Watching for file changes with StatReloader
ERROR 2026-07-09 21:41:34,719 exceptions 15368 4056 Unhandled exception: column "profile_picture" of relation "users_user" does not exist
LINE 1: ..., "date_joined", "email", "role", "bio", "phone", "profile_p...
                                                             ^

Traceback (most recent call last):
  File "C:\Users\Ammar\OneDrive\Desktop\LMS_project\.venv\Lib\site-packages\django\db\backends\utils.py", line 105, in _execute
    return self.cursor.execute(sql, params)
           ~~~~~~~~~~~~~~~~~~~^^^^^^^^^^^^^
psycopg2.errors.UndefinedColumn: column "profile_picture" of relation "users_user" does not exist
LINE 1: ..., "date_joined", "email", "role", "bio", "phone", "profile_p...
                                                             ^


The above exception was the direct cause of the following exception:

Traceback (most recent call last):
  File "C:\Users\Ammar\OneDrive\Desktop\LMS_project\.venv\Lib\site-packages\rest_framework\views.py", line 512, in dispatch
    response = handler(request, *args, **kwargs)
  File "C:\Users\Ammar\OneDrive\Desktop\LMS_project\apps\users\views.py", line 43, in post
    user = serializer.save()
  File "C:\Users\Ammar\OneDrive\Desktop\LMS_project\.venv\Lib\site-packages\rest_framework\serializers.py", line 210, in save
    self.instance = self.create(validated_data)
                    ~~~~~~~~~~~^^^^^^^^^^^^^^^^
  File "C:\Users\Ammar\OneDrive\Desktop\LMS_project\apps\users\serializers.py", line 33, in create
    return AuthService.create_user(validated_data)
           ~~~~~~~~~~~~~~~~~~~~~~~^^^^^^^^^^^^^^^^
  File "C:\Users\Ammar\OneDrive\Desktop\LMS_project\apps\users\services.py", line 38, in create_user
    user.save()
    ~~~~~~~~~^^
  File "C:\Users\Ammar\OneDrive\Desktop\LMS_project\.venv\Lib\site-packages\django\contrib\auth\base_user.py", line 65, in save
    super().save(*args, **kwargs)
    ~~~~~~~~~~~~^^^^^^^^^^^^^^^^^
  File "C:\Users\Ammar\OneDrive\Desktop\LMS_project\.venv\Lib\site-packages\django\db\models\base.py", line 902, in save
    self.save_base(
    ~~~~~~~~~~~~~~^
        using=using,
        ^^^^^^^^^^^^
    ...<2 lines>...
        update_fields=update_fields,
        ^^^^^^^^^^^^^^^^^^^^^^^^^^^^
    )
    ^
  File "C:\Users\Ammar\OneDrive\Desktop\LMS_project\.venv\Lib\site-packages\django\db\models\base.py", line 1008, in save_base
    updated = self._save_table(
        raw,
    ...<4 lines>...
        update_fields,
    )
  File "C:\Users\Ammar\OneDrive\Desktop\LMS_project\.venv\Lib\site-packages\django\db\models\base.py", line 1169, in _save_table
    results = self._do_insert(
        cls._base_manager, using, fields, returning_fields, raw
    )
  File "C:\Users\Ammar\OneDrive\Desktop\LMS_project\.venv\Lib\site-packages\django\db\models\base.py", line 1210, in _do_insert
    return manager._insert(
           ~~~~~~~~~~~~~~~^
        [self],
        ^^^^^^^
    ...<3 lines>...
        raw=raw,
        ^^^^^^^^
    )
    ^
  File "C:\Users\Ammar\OneDrive\Desktop\LMS_project\.venv\Lib\site-packages\django\db\models\manager.py", line 87, in manager_method
    return getattr(self.get_queryset(), name)(*args, **kwargs)
           ~~~~~~~~~~~~~~~~~~~~~~~~~~~~~~~~~~^^^^^^^^^^^^^^^^^
  File "C:\Users\Ammar\OneDrive\Desktop\LMS_project\.venv\Lib\site-packages\django\db\models\query.py", line 1873, in _insert
    return query.get_compiler(using=using).execute_sql(returning_fields)
           ~~~~~~~~~~~~~~~~~~~~~~~~~~~~~~~~~~~~~~~~~~~^^^^^^^^^^^^^^^^^^
  File "C:\Users\Ammar\OneDrive\Desktop\LMS_project\.venv\Lib\site-packages\django\db\models\sql\compiler.py", line 1882, in execute_sql
    cursor.execute(sql, params)
    ~~~~~~~~~~~~~~^^^^^^^^^^^^^
  File "C:\Users\Ammar\OneDrive\Desktop\LMS_project\.venv\Lib\site-packages\django\db\backends\utils.py", line 122, in execute
    return super().execute(sql, params)
           ~~~~~~~~~~~~~~~^^^^^^^^^^^^^
  File "C:\Users\Ammar\OneDrive\Desktop\LMS_project\.venv\Lib\site-packages\django\db\backends\utils.py", line 79, in execute
    return self._execute_with_wrappers(
           ~~~~~~~~~~~~~~~~~~~~~~~~~~~^
        sql, params, many=False, executor=self._execute
        ^^^^^^^^^^^^^^^^^^^^^^^^^^^^^^^^^^^^^^^^^^^^^^^
    )
    ^
  File "C:\Users\Ammar\OneDrive\Desktop\LMS_project\.venv\Lib\site-packages\django\db\backends\utils.py", line 92, in _execute_with_wrappers
    return executor(sql, params, many, context)
  File "C:\Users\Ammar\OneDrive\Desktop\LMS_project\.venv\Lib\site-packages\django\db\backends\utils.py", line 100, in _execute
    with self.db.wrap_database_errors:
         ^^^^^^^^^^^^^^^^^^^^^^^^^^^^
  File "C:\Users\Ammar\OneDrive\Desktop\LMS_project\.venv\Lib\site-packages\django\db\utils.py", line 91, in __exit__
    raise dj_exc_value.with_traceback(traceback) from exc_value
  File "C:\Users\Ammar\OneDrive\Desktop\LMS_project\.venv\Lib\site-packages\django\db\backends\utils.py", line 105, in _execute
    return self.cursor.execute(sql, params)
           ~~~~~~~~~~~~~~~~~~~^^^^^^^^^^^^^
django.db.utils.ProgrammingError: column "profile_picture" of relation "users_user" does not exist
LINE 1: ..., "date_joined", "email", "role", "bio", "phone", "profile_p...
                                                             ^


ERROR 2026-07-09 21:41:34,732 log 15368 4056 Internal Server Error: /api/auth/register/
ERROR 2026-07-09 21:41:34,734 basehttp 15368 4056 "POST /api/auth/register/ HTTP/1.1" 500 80
ERROR 2026-07-09 21:41:49,648 exceptions 15368 4056 Unhandled exception: column "profile_picture" of relation "users_user" does not exist
LINE 1: ..., "date_joined", "email", "role", "bio", "phone", "profile_p...
                                                             ^

Traceback (most recent call last):
  File "C:\Users\Ammar\OneDrive\Desktop\LMS_project\.venv\Lib\site-packages\django\db\backends\utils.py", line 105, in _execute
    return self.cursor.execute(sql, params)
           ~~~~~~~~~~~~~~~~~~~^^^^^^^^^^^^^
psycopg2.errors.UndefinedColumn: column "profile_picture" of relation "users_user" does not exist
LINE 1: ..., "date_joined", "email", "role", "bio", "phone", "profile_p...
                                                             ^


The above exception was the direct cause of the following exception:

Traceback (most recent call last):
  File "C:\Users\Ammar\OneDrive\Desktop\LMS_project\.venv\Lib\site-packages\rest_framework\views.py", line 512, in dispatch
    response = handler(request, *args, **kwargs)
  File "C:\Users\Ammar\OneDrive\Desktop\LMS_project\apps\users\views.py", line 43, in post
    user = serializer.save()
  File "C:\Users\Ammar\OneDrive\Desktop\LMS_project\.venv\Lib\site-packages\rest_framework\serializers.py", line 210, in save
    self.instance = self.create(validated_data)
                    ~~~~~~~~~~~^^^^^^^^^^^^^^^^
  File "C:\Users\Ammar\OneDrive\Desktop\LMS_project\apps\users\serializers.py", line 33, in create
    return AuthService.create_user(validated_data)
           ~~~~~~~~~~~~~~~~~~~~~~~^^^^^^^^^^^^^^^^
  File "C:\Users\Ammar\OneDrive\Desktop\LMS_project\apps\users\services.py", line 38, in create_user
    user.save()
    ~~~~~~~~~^^
  File "C:\Users\Ammar\OneDrive\Desktop\LMS_project\.venv\Lib\site-packages\django\contrib\auth\base_user.py", line 65, in save
    super().save(*args, **kwargs)
    ~~~~~~~~~~~~^^^^^^^^^^^^^^^^^
  File "C:\Users\Ammar\OneDrive\Desktop\LMS_project\.venv\Lib\site-packages\django\db\models\base.py", line 902, in save
    self.save_base(
    ~~~~~~~~~~~~~~^
        using=using,
        ^^^^^^^^^^^^
    ...<2 lines>...
        update_fields=update_fields,
        ^^^^^^^^^^^^^^^^^^^^^^^^^^^^
    )
    ^
  File "C:\Users\Ammar\OneDrive\Desktop\LMS_project\.venv\Lib\site-packages\django\db\models\base.py", line 1008, in save_base
    updated = self._save_table(
        raw,
    ...<4 lines>...
        update_fields,
    )
  File "C:\Users\Ammar\OneDrive\Desktop\LMS_project\.venv\Lib\site-packages\django\db\models\base.py", line 1169, in _save_table
    results = self._do_insert(
        cls._base_manager, using, fields, returning_fields, raw
    )
  File "C:\Users\Ammar\OneDrive\Desktop\LMS_project\.venv\Lib\site-packages\django\db\models\base.py", line 1210, in _do_insert
    return manager._insert(
           ~~~~~~~~~~~~~~~^
        [self],
        ^^^^^^^
    ...<3 lines>...
        raw=raw,
        ^^^^^^^^
    )
    ^
  File "C:\Users\Ammar\OneDrive\Desktop\LMS_project\.venv\Lib\site-packages\django\db\models\manager.py", line 87, in manager_method
    return getattr(self.get_queryset(), name)(*args, **kwargs)
           ~~~~~~~~~~~~~~~~~~~~~~~~~~~~~~~~~~^^^^^^^^^^^^^^^^^
  File "C:\Users\Ammar\OneDrive\Desktop\LMS_project\.venv\Lib\site-packages\django\db\models\query.py", line 1873, in _insert
    return query.get_compiler(using=using).execute_sql(returning_fields)
           ~~~~~~~~~~~~~~~~~~~~~~~~~~~~~~~~~~~~~~~~~~~^^^^^^^^^^^^^^^^^^
  File "C:\Users\Ammar\OneDrive\Desktop\LMS_project\.venv\Lib\site-packages\django\db\models\sql\compiler.py", line 1882, in execute_sql
    cursor.execute(sql, params)
    ~~~~~~~~~~~~~~^^^^^^^^^^^^^
  File "C:\Users\Ammar\OneDrive\Desktop\LMS_project\.venv\Lib\site-packages\django\db\backends\utils.py", line 122, in execute
    return super().execute(sql, params)
           ~~~~~~~~~~~~~~~^^^^^^^^^^^^^
  File "C:\Users\Ammar\OneDrive\Desktop\LMS_project\.venv\Lib\site-packages\django\db\backends\utils.py", line 79, in execute
    return self._execute_with_wrappers(
           ~~~~~~~~~~~~~~~~~~~~~~~~~~~^
        sql, params, many=False, executor=self._execute
        ^^^^^^^^^^^^^^^^^^^^^^^^^^^^^^^^^^^^^^^^^^^^^^^
    )
    ^
  File "C:\Users\Ammar\OneDrive\Desktop\LMS_project\.venv\Lib\site-packages\django\db\backends\utils.py", line 92, in _execute_with_wrappers
    return executor(sql, params, many, context)
  File "C:\Users\Ammar\OneDrive\Desktop\LMS_project\.venv\Lib\site-packages\django\db\backends\utils.py", line 100, in _execute
    with self.db.wrap_database_errors:
         ^^^^^^^^^^^^^^^^^^^^^^^^^^^^
  File "C:\Users\Ammar\OneDrive\Desktop\LMS_project\.venv\Lib\site-packages\django\db\utils.py", line 91, in __exit__
    raise dj_exc_value.with_traceback(traceback) from exc_value
  File "C:\Users\Ammar\OneDrive\Desktop\LMS_project\.venv\Lib\site-packages\django\db\backends\utils.py", line 105, in _execute
    return self.cursor.execute(sql, params)
           ~~~~~~~~~~~~~~~~~~~^^^^^^^^^^^^^
django.db.utils.ProgrammingError: column "profile_picture" of relation "users_user" does not exist
LINE 1: ..., "date_joined", "email", "role", "bio", "phone", "profile_p...
                                                             ^


ERROR 2026-07-09 21:41:49,651 log 15368 4056 Internal Server Error: /api/auth/register/
ERROR 2026-07-09 21:41:49,652 basehttp 15368 4056 "POST /api/auth/register/ HTTP/1.1" 500 80
INFO 2026-07-09 21:42:42,954 autoreload 11180 5252 Watching for file changes with StatReloader
ERROR 2026-07-09 21:44:43,249 exceptions 11180 6012 Unhandled exception: column "profile_picture" of relation "users_user" does not exist
LINE 1: ..., "date_joined", "email", "role", "bio", "phone", "profile_p...
                                                             ^

Traceback (most recent call last):
  File "C:\Users\Ammar\OneDrive\Desktop\LMS_project\.venv\Lib\site-packages\django\db\backends\utils.py", line 105, in _execute
    return self.cursor.execute(sql, params)
           ~~~~~~~~~~~~~~~~~~~^^^^^^^^^^^^^
psycopg2.errors.UndefinedColumn: column "profile_picture" of relation "users_user" does not exist
LINE 1: ..., "date_joined", "email", "role", "bio", "phone", "profile_p...
                                                             ^


The above exception was the direct cause of the following exception:

Traceback (most recent call last):
  File "C:\Users\Ammar\OneDrive\Desktop\LMS_project\.venv\Lib\site-packages\rest_framework\views.py", line 512, in dispatch
    response = handler(request, *args, **kwargs)
  File "C:\Users\Ammar\OneDrive\Desktop\LMS_project\apps\users\views.py", line 43, in post
    user = serializer.save()
  File "C:\Users\Ammar\OneDrive\Desktop\LMS_project\.venv\Lib\site-packages\rest_framework\serializers.py", line 210, in save
    self.instance = self.create(validated_data)
                    ~~~~~~~~~~~^^^^^^^^^^^^^^^^
  File "C:\Users\Ammar\OneDrive\Desktop\LMS_project\apps\users\serializers.py", line 33, in create
    return AuthService.create_user(validated_data)
           ~~~~~~~~~~~~~~~~~~~~~~~^^^^^^^^^^^^^^^^
  File "C:\Users\Ammar\OneDrive\Desktop\LMS_project\apps\users\services.py", line 38, in create_user
    user.save()
    ~~~~~~~~~^^
  File "C:\Users\Ammar\OneDrive\Desktop\LMS_project\.venv\Lib\site-packages\django\contrib\auth\base_user.py", line 65, in save
    super().save(*args, **kwargs)
    ~~~~~~~~~~~~^^^^^^^^^^^^^^^^^
  File "C:\Users\Ammar\OneDrive\Desktop\LMS_project\.venv\Lib\site-packages\django\db\models\base.py", line 902, in save
    self.save_base(
    ~~~~~~~~~~~~~~^
        using=using,
        ^^^^^^^^^^^^
    ...<2 lines>...
        update_fields=update_fields,
        ^^^^^^^^^^^^^^^^^^^^^^^^^^^^
    )
    ^
  File "C:\Users\Ammar\OneDrive\Desktop\LMS_project\.venv\Lib\site-packages\django\db\models\base.py", line 1008, in save_base
    updated = self._save_table(
        raw,
    ...<4 lines>...
        update_fields,
    )
  File "C:\Users\Ammar\OneDrive\Desktop\LMS_project\.venv\Lib\site-packages\django\db\models\base.py", line 1169, in _save_table
    results = self._do_insert(
        cls._base_manager, using, fields, returning_fields, raw
    )
  File "C:\Users\Ammar\OneDrive\Desktop\LMS_project\.venv\Lib\site-packages\django\db\models\base.py", line 1210, in _do_insert
    return manager._insert(
           ~~~~~~~~~~~~~~~^
        [self],
        ^^^^^^^
    ...<3 lines>...
        raw=raw,
        ^^^^^^^^
    )
    ^
  File "C:\Users\Ammar\OneDrive\Desktop\LMS_project\.venv\Lib\site-packages\django\db\models\manager.py", line 87, in manager_method
    return getattr(self.get_queryset(), name)(*args, **kwargs)
           ~~~~~~~~~~~~~~~~~~~~~~~~~~~~~~~~~~^^^^^^^^^^^^^^^^^
  File "C:\Users\Ammar\OneDrive\Desktop\LMS_project\.venv\Lib\site-packages\django\db\models\query.py", line 1873, in _insert
    return query.get_compiler(using=using).execute_sql(returning_fields)
           ~~~~~~~~~~~~~~~~~~~~~~~~~~~~~~~~~~~~~~~~~~~^^^^^^^^^^^^^^^^^^
  File "C:\Users\Ammar\OneDrive\Desktop\LMS_project\.venv\Lib\site-packages\django\db\models\sql\compiler.py", line 1882, in execute_sql
    cursor.execute(sql, params)
    ~~~~~~~~~~~~~~^^^^^^^^^^^^^
  File "C:\Users\Ammar\OneDrive\Desktop\LMS_project\.venv\Lib\site-packages\django\db\backends\utils.py", line 122, in execute
    return super().execute(sql, params)
           ~~~~~~~~~~~~~~~^^^^^^^^^^^^^
  File "C:\Users\Ammar\OneDrive\Desktop\LMS_project\.venv\Lib\site-packages\django\db\backends\utils.py", line 79, in execute
    return self._execute_with_wrappers(
           ~~~~~~~~~~~~~~~~~~~~~~~~~~~^
        sql, params, many=False, executor=self._execute
        ^^^^^^^^^^^^^^^^^^^^^^^^^^^^^^^^^^^^^^^^^^^^^^^
    )
    ^
  File "C:\Users\Ammar\OneDrive\Desktop\LMS_project\.venv\Lib\site-packages\django\db\backends\utils.py", line 92, in _execute_with_wrappers
    return executor(sql, params, many, context)
  File "C:\Users\Ammar\OneDrive\Desktop\LMS_project\.venv\Lib\site-packages\django\db\backends\utils.py", line 100, in _execute
    with self.db.wrap_database_errors:
         ^^^^^^^^^^^^^^^^^^^^^^^^^^^^
  File "C:\Users\Ammar\OneDrive\Desktop\LMS_project\.venv\Lib\site-packages\django\db\utils.py", line 91, in __exit__
    raise dj_exc_value.with_traceback(traceback) from exc_value
  File "C:\Users\Ammar\OneDrive\Desktop\LMS_project\.venv\Lib\site-packages\django\db\backends\utils.py", line 105, in _execute
    return self.cursor.execute(sql, params)
           ~~~~~~~~~~~~~~~~~~~^^^^^^^^^^^^^
django.db.utils.ProgrammingError: column "profile_picture" of relation "users_user" does not exist
LINE 1: ..., "date_joined", "email", "role", "bio", "phone", "profile_p...
                                                             ^


ERROR 2026-07-09 21:44:43,270 log 11180 6012 Internal Server Error: /api/auth/register/
ERROR 2026-07-09 21:44:43,275 basehttp 11180 6012 "POST /api/auth/register/ HTTP/1.1" 500 80
INFO 2026-07-09 21:51:16,379 autoreload 13816 22356 Watching for file changes with StatReloader
INFO 2026-07-09 22:03:16,647 autoreload 5156 13136 Watching for file changes with StatReloader
ERROR 2026-07-09 22:03:26,098 exceptions 5156 17268 Unhandled exception: relation "email_verification_tokens" does not exist
LINE 1: UPDATE "email_verification_tokens" SET "is_used" = true WHER...
               ^

Traceback (most recent call last):
  File "C:\Users\Ammar\OneDrive\Desktop\LMS_project\.venv\Lib\site-packages\django\db\backends\utils.py", line 105, in _execute
    return self.cursor.execute(sql, params)
           ~~~~~~~~~~~~~~~~~~~^^^^^^^^^^^^^
psycopg2.errors.UndefinedTable: relation "email_verification_tokens" does not exist
LINE 1: UPDATE "email_verification_tokens" SET "is_used" = true WHER...
               ^


The above exception was the direct cause of the following exception:

Traceback (most recent call last):
  File "C:\Users\Ammar\OneDrive\Desktop\LMS_project\.venv\Lib\site-packages\rest_framework\views.py", line 512, in dispatch
    response = handler(request, *args, **kwargs)
  File "C:\Users\Ammar\OneDrive\Desktop\LMS_project\apps\users\views.py", line 43, in post
    user = serializer.save()
  File "C:\Users\Ammar\OneDrive\Desktop\LMS_project\.venv\Lib\site-packages\rest_framework\serializers.py", line 210, in save
    self.instance = self.create(validated_data)
                    ~~~~~~~~~~~^^^^^^^^^^^^^^^^
  File "C:\Users\Ammar\OneDrive\Desktop\LMS_project\apps\users\serializers.py", line 33, in create
    return AuthService.create_user(validated_data)
           ~~~~~~~~~~~~~~~~~~~~~~~^^^^^^^^^^^^^^^^
  File "C:\Users\Ammar\OneDrive\Desktop\LMS_project\apps\users\services.py", line 39, in create_user
    AuthService.send_verification_email(user)
    ~~~~~~~~~~~~~~~~~~~~~~~~~~~~~~~~~~~^^^^^^
  File "C:\Users\Ammar\OneDrive\Desktop\LMS_project\apps\users\services.py", line 44, in send_verification_email
    EmailVerificationToken.objects.filter(user=user, is_used=False).update(is_used=True)
    ~~~~~~~~~~~~~~~~~~~~~~~~~~~~~~~~~~~~~~~~~~~~~~~~~~~~~~~~~~~~~~~~~~~~~~^^^^^^^^^^^^^^
  File "C:\Users\Ammar\OneDrive\Desktop\LMS_project\.venv\Lib\site-packages\django\db\models\query.py", line 1263, in update
    rows = query.get_compiler(self.db).execute_sql(ROW_COUNT)
  File "C:\Users\Ammar\OneDrive\Desktop\LMS_project\.venv\Lib\site-packages\django\db\models\sql\compiler.py", line 2060, in execute_sql
    row_count = super().execute_sql(result_type)
  File "C:\Users\Ammar\OneDrive\Desktop\LMS_project\.venv\Lib\site-packages\django\db\models\sql\compiler.py", line 1623, in execute_sql
    cursor.execute(sql, params)
    ~~~~~~~~~~~~~~^^^^^^^^^^^^^
  File "C:\Users\Ammar\OneDrive\Desktop\LMS_project\.venv\Lib\site-packages\django\db\backends\utils.py", line 122, in execute
    return super().execute(sql, params)
           ~~~~~~~~~~~~~~~^^^^^^^^^^^^^
  File "C:\Users\Ammar\OneDrive\Desktop\LMS_project\.venv\Lib\site-packages\django\db\backends\utils.py", line 79, in execute
    return self._execute_with_wrappers(
           ~~~~~~~~~~~~~~~~~~~~~~~~~~~^
        sql, params, many=False, executor=self._execute
        ^^^^^^^^^^^^^^^^^^^^^^^^^^^^^^^^^^^^^^^^^^^^^^^
    )
    ^
  File "C:\Users\Ammar\OneDrive\Desktop\LMS_project\.venv\Lib\site-packages\django\db\backends\utils.py", line 92, in _execute_with_wrappers
    return executor(sql, params, many, context)
  File "C:\Users\Ammar\OneDrive\Desktop\LMS_project\.venv\Lib\site-packages\django\db\backends\utils.py", line 100, in _execute
    with self.db.wrap_database_errors:
         ^^^^^^^^^^^^^^^^^^^^^^^^^^^^
  File "C:\Users\Ammar\OneDrive\Desktop\LMS_project\.venv\Lib\site-packages\django\db\utils.py", line 91, in __exit__
    raise dj_exc_value.with_traceback(traceback) from exc_value
  File "C:\Users\Ammar\OneDrive\Desktop\LMS_project\.venv\Lib\site-packages\django\db\backends\utils.py", line 105, in _execute
    return self.cursor.execute(sql, params)
           ~~~~~~~~~~~~~~~~~~~^^^^^^^^^^^^^
django.db.utils.ProgrammingError: relation "email_verification_tokens" does not exist
LINE 1: UPDATE "email_verification_tokens" SET "is_used" = true WHER...
               ^


ERROR 2026-07-09 22:03:26,106 log 5156 17268 Internal Server Error: /api/auth/register/
ERROR 2026-07-09 22:03:26,107 basehttp 5156 17268 "POST /api/auth/register/ HTTP/1.1" 500 80
WARNING 2026-07-09 22:03:29,323 log 5156 17268 Bad Request: /api/auth/register/
WARNING 2026-07-09 22:03:29,324 basehttp 5156 17268 "POST /api/auth/register/ HTTP/1.1" 400 134
ERROR 2026-07-09 22:08:29,175 exceptions 5156 14384 Unhandled exception: relation "email_verification_tokens" does not exist
LINE 1: UPDATE "email_verification_tokens" SET "is_used" = true WHER...
               ^

Traceback (most recent call last):
  File "C:\Users\Ammar\OneDrive\Desktop\LMS_project\.venv\Lib\site-packages\django\db\backends\utils.py", line 105, in _execute
    return self.cursor.execute(sql, params)
           ~~~~~~~~~~~~~~~~~~~^^^^^^^^^^^^^
psycopg2.errors.UndefinedTable: relation "email_verification_tokens" does not exist
LINE 1: UPDATE "email_verification_tokens" SET "is_used" = true WHER...
               ^


The above exception was the direct cause of the following exception:

Traceback (most recent call last):
  File "C:\Users\Ammar\OneDrive\Desktop\LMS_project\.venv\Lib\site-packages\rest_framework\views.py", line 512, in dispatch
    response = handler(request, *args, **kwargs)
  File "C:\Users\Ammar\OneDrive\Desktop\LMS_project\apps\users\views.py", line 43, in post
    user = serializer.save()
  File "C:\Users\Ammar\OneDrive\Desktop\LMS_project\.venv\Lib\site-packages\rest_framework\serializers.py", line 210, in save
    self.instance = self.create(validated_data)
                    ~~~~~~~~~~~^^^^^^^^^^^^^^^^
  File "C:\Users\Ammar\OneDrive\Desktop\LMS_project\apps\users\serializers.py", line 33, in create
    return AuthService.create_user(validated_data)
           ~~~~~~~~~~~~~~~~~~~~~~~^^^^^^^^^^^^^^^^
  File "C:\Users\Ammar\OneDrive\Desktop\LMS_project\apps\users\services.py", line 39, in create_user
    AuthService.send_verification_email(user)
    ~~~~~~~~~~~~~~~~~~~~~~~~~~~~~~~~~~~^^^^^^
  File "C:\Users\Ammar\OneDrive\Desktop\LMS_project\apps\users\services.py", line 44, in send_verification_email
    EmailVerificationToken.objects.filter(user=user, is_used=False).update(is_used=True)
    ~~~~~~~~~~~~~~~~~~~~~~~~~~~~~~~~~~~~~~~~~~~~~~~~~~~~~~~~~~~~~~~~~~~~~~^^^^^^^^^^^^^^
  File "C:\Users\Ammar\OneDrive\Desktop\LMS_project\.venv\Lib\site-packages\django\db\models\query.py", line 1263, in update
    rows = query.get_compiler(self.db).execute_sql(ROW_COUNT)
  File "C:\Users\Ammar\OneDrive\Desktop\LMS_project\.venv\Lib\site-packages\django\db\models\sql\compiler.py", line 2060, in execute_sql
    row_count = super().execute_sql(result_type)
  File "C:\Users\Ammar\OneDrive\Desktop\LMS_project\.venv\Lib\site-packages\django\db\models\sql\compiler.py", line 1623, in execute_sql
    cursor.execute(sql, params)
    ~~~~~~~~~~~~~~^^^^^^^^^^^^^
  File "C:\Users\Ammar\OneDrive\Desktop\LMS_project\.venv\Lib\site-packages\django\db\backends\utils.py", line 122, in execute
    return super().execute(sql, params)
           ~~~~~~~~~~~~~~~^^^^^^^^^^^^^
  File "C:\Users\Ammar\OneDrive\Desktop\LMS_project\.venv\Lib\site-packages\django\db\backends\utils.py", line 79, in execute
    return self._execute_with_wrappers(
           ~~~~~~~~~~~~~~~~~~~~~~~~~~~^
        sql, params, many=False, executor=self._execute
        ^^^^^^^^^^^^^^^^^^^^^^^^^^^^^^^^^^^^^^^^^^^^^^^
    )
    ^
  File "C:\Users\Ammar\OneDrive\Desktop\LMS_project\.venv\Lib\site-packages\django\db\backends\utils.py", line 92, in _execute_with_wrappers
    return executor(sql, params, many, context)
  File "C:\Users\Ammar\OneDrive\Desktop\LMS_project\.venv\Lib\site-packages\django\db\backends\utils.py", line 100, in _execute
    with self.db.wrap_database_errors:
         ^^^^^^^^^^^^^^^^^^^^^^^^^^^^
  File "C:\Users\Ammar\OneDrive\Desktop\LMS_project\.venv\Lib\site-packages\django\db\utils.py", line 91, in __exit__
    raise dj_exc_value.with_traceback(traceback) from exc_value
  File "C:\Users\Ammar\OneDrive\Desktop\LMS_project\.venv\Lib\site-packages\django\db\backends\utils.py", line 105, in _execute
    return self.cursor.execute(sql, params)
           ~~~~~~~~~~~~~~~~~~~^^^^^^^^^^^^^
django.db.utils.ProgrammingError: relation "email_verification_tokens" does not exist
LINE 1: UPDATE "email_verification_tokens" SET "is_used" = true WHER...
               ^


ERROR 2026-07-09 22:08:29,199 log 5156 14384 Internal Server Error: /api/auth/register/
ERROR 2026-07-09 22:08:29,202 basehttp 5156 14384 "POST /api/auth/register/ HTTP/1.1" 500 80
INFO 2026-07-09 22:13:13,601 autoreload 9584 10704 Watching for file changes with StatReloader
WARNING 2026-07-09 22:13:29,495 log 9584 10288 Bad Request: /api/auth/register/
WARNING 2026-07-09 22:13:29,540 basehttp 9584 10288 "POST /api/auth/register/ HTTP/1.1" 400 134
INFO 2026-07-09 22:17:07,372 services 9584 22272 Verification email queued for user 81
INFO 2026-07-09 22:17:07,443 basehttp 9584 22272 - Broken pipe from ('127.0.0.1', 50488)
INFO 2026-07-09 22:18:22,440 services 9584 13592 Verification email queued for user 82
INFO 2026-07-09 22:18:22,466 basehttp 9584 13592 "POST /api/auth/register/ HTTP/1.1" 201 141
ERROR 2026-07-09 22:32:51,362 exceptions 9584 22452 Unhandled exception: connection to server at "aws-1-ap-southeast-1.pooler.supabase.com" (54.179.210.0), port 5432 failed: server closed the connection unexpectedly
	This probably means the server terminated abnormally
	before or while processing the request.

Traceback (most recent call last):
  File "C:\Users\Ammar\OneDrive\Desktop\LMS_project\.venv\Lib\site-packages\django\db\backends\base\base.py", line 279, in ensure_connection
    self.connect()
    ~~~~~~~~~~~~^^
  File "C:\Users\Ammar\OneDrive\Desktop\LMS_project\.venv\Lib\site-packages\django\utils\asyncio.py", line 26, in inner
    return func(*args, **kwargs)
  File "C:\Users\Ammar\OneDrive\Desktop\LMS_project\.venv\Lib\site-packages\django\db\backends\base\base.py", line 256, in connect
    self.connection = self.get_new_connection(conn_params)
                      ~~~~~~~~~~~~~~~~~~~~~~~^^^^^^^^^^^^^
  File "C:\Users\Ammar\OneDrive\Desktop\LMS_project\.venv\Lib\site-packages\django\utils\asyncio.py", line 26, in inner
    return func(*args, **kwargs)
  File "C:\Users\Ammar\OneDrive\Desktop\LMS_project\.venv\Lib\site-packages\django\db\backends\postgresql\base.py", line 332, in get_new_connection
    connection = self.Database.connect(**conn_params)
  File "C:\Users\Ammar\OneDrive\Desktop\LMS_project\.venv\Lib\site-packages\psycopg2\__init__.py", line 135, in connect
    conn = _connect(dsn, connection_factory=connection_factory, **kwasync)
psycopg2.OperationalError: connection to server at "aws-1-ap-southeast-1.pooler.supabase.com" (54.179.210.0), port 5432 failed: server closed the connection unexpectedly
	This probably means the server terminated abnormally
	before or while processing the request.


The above exception was the direct cause of the following exception:

Traceback (most recent call last):
  File "C:\Users\Ammar\OneDrive\Desktop\LMS_project\.venv\Lib\site-packages\rest_framework\views.py", line 512, in dispatch
    response = handler(request, *args, **kwargs)
  File "C:\Users\Ammar\OneDrive\Desktop\LMS_project\apps\users\views.py", line 79, in post
    serializer.is_valid(raise_exception=True)
    ~~~~~~~~~~~~~~~~~~~^^^^^^^^^^^^^^^^^^^^^^
  File "C:\Users\Ammar\OneDrive\Desktop\LMS_project\.venv\Lib\site-packages\rest_framework\serializers.py", line 225, in is_valid
    self._validated_data = self.run_validation(self.initial_data)
                           ~~~~~~~~~~~~~~~~~~~^^^^^^^^^^^^^^^^^^^
  File "C:\Users\Ammar\OneDrive\Desktop\LMS_project\.venv\Lib\site-packages\rest_framework\serializers.py", line 459, in run_validation
    value = self.validate(value)
  File "C:\Users\Ammar\OneDrive\Desktop\LMS_project\apps\users\tokens.py", line 10, in validate
    data = super().validate(attrs)
  File "C:\Users\Ammar\OneDrive\Desktop\LMS_project\.venv\Lib\site-packages\rest_framework_simplejwt\serializers.py", line 73, in validate
    data = super().validate(attrs)
  File "C:\Users\Ammar\OneDrive\Desktop\LMS_project\.venv\Lib\site-packages\rest_framework_simplejwt\serializers.py", line 54, in validate
    self.user = authenticate(**authenticate_kwargs)
                ~~~~~~~~~~~~^^^^^^^^^^^^^^^^^^^^^^^
  File "C:\Users\Ammar\OneDrive\Desktop\LMS_project\.venv\Lib\site-packages\django\views\decorators\debug.py", line 75, in sensitive_variables_wrapper
    return func(*func_args, **func_kwargs)
  File "C:\Users\Ammar\OneDrive\Desktop\LMS_project\.venv\Lib\site-packages\django\contrib\auth\__init__.py", line 114, in authenticate
    user = backend.authenticate(request, **credentials)
  File "C:\Users\Ammar\OneDrive\Desktop\LMS_project\.venv\Lib\site-packages\django\contrib\auth\backends.py", line 65, in authenticate
    user = UserModel._default_manager.get_by_natural_key(username)
  File "C:\Users\Ammar\OneDrive\Desktop\LMS_project\.venv\Lib\site-packages\django\contrib\auth\base_user.py", line 37, in get_by_natural_key
    return self.get(**{self.model.USERNAME_FIELD: username})
           ~~~~~~~~^^^^^^^^^^^^^^^^^^^^^^^^^^^^^^^^^^^^^^^^^
  File "C:\Users\Ammar\OneDrive\Desktop\LMS_project\.venv\Lib\site-packages\django\db\models\manager.py", line 87, in manager_method
    return getattr(self.get_queryset(), name)(*args, **kwargs)
           ~~~~~~~~~~~~~~~~~~~~~~~~~~~~~~~~~~^^^^^^^^^^^^^^^^^
  File "C:\Users\Ammar\OneDrive\Desktop\LMS_project\.venv\Lib\site-packages\django\db\models\query.py", line 631, in get
    num = len(clone)
  File "C:\Users\Ammar\OneDrive\Desktop\LMS_project\.venv\Lib\site-packages\django\db\models\query.py", line 368, in __len__
    self._fetch_all()
    ~~~~~~~~~~~~~~~^^
  File "C:\Users\Ammar\OneDrive\Desktop\LMS_project\.venv\Lib\site-packages\django\db\models\query.py", line 1954, in _fetch_all
    self._result_cache = list(self._iterable_class(self))
                         ~~~~^^^^^^^^^^^^^^^^^^^^^^^^^^^^
  File "C:\Users\Ammar\OneDrive\Desktop\LMS_project\.venv\Lib\site-packages\django\db\models\query.py", line 93, in __iter__
    results = compiler.execute_sql(
        chunked_fetch=self.chunked_fetch, chunk_size=self.chunk_size
    )
  File "C:\Users\Ammar\OneDrive\Desktop\LMS_project\.venv\Lib\site-packages\django\db\models\sql\compiler.py", line 1621, in execute_sql
    cursor = self.connection.cursor()
  File "C:\Users\Ammar\OneDrive\Desktop\LMS_project\.venv\Lib\site-packages\django\utils\asyncio.py", line 26, in inner
    return func(*args, **kwargs)
  File "C:\Users\Ammar\OneDrive\Desktop\LMS_project\.venv\Lib\site-packages\django\db\backends\base\base.py", line 320, in cursor
    return self._cursor()
           ~~~~~~~~~~~~^^
  File "C:\Users\Ammar\OneDrive\Desktop\LMS_project\.venv\Lib\site-packages\django\db\backends\base\base.py", line 296, in _cursor
    self.ensure_connection()
    ~~~~~~~~~~~~~~~~~~~~~~^^
  File "C:\Users\Ammar\OneDrive\Desktop\LMS_project\.venv\Lib\site-packages\django\utils\asyncio.py", line 26, in inner
    return func(*args, **kwargs)
  File "C:\Users\Ammar\OneDrive\Desktop\LMS_project\.venv\Lib\site-packages\django\db\backends\base\base.py", line 278, in ensure_connection
    with self.wrap_database_errors:
         ^^^^^^^^^^^^^^^^^^^^^^^^^
  File "C:\Users\Ammar\OneDrive\Desktop\LMS_project\.venv\Lib\site-packages\django\db\utils.py", line 91, in __exit__
    raise dj_exc_value.with_traceback(traceback) from exc_value
  File "C:\Users\Ammar\OneDrive\Desktop\LMS_project\.venv\Lib\site-packages\django\db\backends\base\base.py", line 279, in ensure_connection
    self.connect()
    ~~~~~~~~~~~~^^
  File "C:\Users\Ammar\OneDrive\Desktop\LMS_project\.venv\Lib\site-packages\django\utils\asyncio.py", line 26, in inner
    return func(*args, **kwargs)
  File "C:\Users\Ammar\OneDrive\Desktop\LMS_project\.venv\Lib\site-packages\django\db\backends\base\base.py", line 256, in connect
    self.connection = self.get_new_connection(conn_params)
                      ~~~~~~~~~~~~~~~~~~~~~~~^^^^^^^^^^^^^
  File "C:\Users\Ammar\OneDrive\Desktop\LMS_project\.venv\Lib\site-packages\django\utils\asyncio.py", line 26, in inner
    return func(*args, **kwargs)
  File "C:\Users\Ammar\OneDrive\Desktop\LMS_project\.venv\Lib\site-packages\django\db\backends\postgresql\base.py", line 332, in get_new_connection
    connection = self.Database.connect(**conn_params)
  File "C:\Users\Ammar\OneDrive\Desktop\LMS_project\.venv\Lib\site-packages\psycopg2\__init__.py", line 135, in connect
    conn = _connect(dsn, connection_factory=connection_factory, **kwasync)
django.db.utils.OperationalError: connection to server at "aws-1-ap-southeast-1.pooler.supabase.com" (54.179.210.0), port 5432 failed: server closed the connection unexpectedly
	This probably means the server terminated abnormally
	before or while processing the request.


ERROR 2026-07-09 22:32:51,468 log 9584 22452 Internal Server Error: /api/auth/login/
ERROR 2026-07-09 22:32:51,495 basehttp 9584 22452 "POST /api/auth/login/ HTTP/1.1" 500 80
INFO 2026-07-10 09:28:51,365 autoreload 13192 5656 Watching for file changes with StatReloader
WARNING 2026-07-10 09:29:07,036 exceptions 13192 18400 API error 401: No active account found with the given credentials
WARNING 2026-07-10 09:29:07,087 log 13192 18400 Unauthorized: /api/auth/login/
WARNING 2026-07-10 09:29:07,100 basehttp 13192 18400 "POST /api/auth/login/ HTTP/1.1" 401 175
WARNING 2026-07-10 09:32:10,681 exceptions 13192 19528 API error 400: JSON parse error - Illegal trailing comma before end of object: line 3 column 31 (char 70)
WARNING 2026-07-10 09:32:10,747 log 13192 19528 Bad Request: /api/auth/login/
WARNING 2026-07-10 09:32:10,764 basehttp 13192 19528 "POST /api/auth/login/ HTTP/1.1" 400 255
INFO 2026-07-10 09:33:16,472 basehttp 13192 10936 "POST /api/auth/login/ HTTP/1.1" 200 752
ERROR 2026-07-10 09:42:46,590 exceptions 13192 16024 Unhandled exception: relation "courses" does not exist
LINE 1: SELECT COUNT(*) AS "__count" FROM "courses" WHERE "courses"....
                                          ^

Traceback (most recent call last):
  File "C:\Users\Ammar\OneDrive\Desktop\LMS_project\.venv\Lib\site-packages\django\db\backends\utils.py", line 105, in _execute
    return self.cursor.execute(sql, params)
           ~~~~~~~~~~~~~~~~~~~^^^^^^^^^^^^^
psycopg2.errors.UndefinedTable: relation "courses" does not exist
LINE 1: SELECT COUNT(*) AS "__count" FROM "courses" WHERE "courses"....
                                          ^


The above exception was the direct cause of the following exception:

Traceback (most recent call last):
  File "C:\Users\Ammar\OneDrive\Desktop\LMS_project\.venv\Lib\site-packages\rest_framework\views.py", line 512, in dispatch
    response = handler(request, *args, **kwargs)
  File "C:\Users\Ammar\OneDrive\Desktop\LMS_project\apps\courses\views.py", line 130, in list
    response = super().list(request, *args, **kwargs)
  File "C:\Users\Ammar\OneDrive\Desktop\LMS_project\.venv\Lib\site-packages\rest_framework\mixins.py", line 40, in list
    page = self.paginate_queryset(queryset)
  File "C:\Users\Ammar\OneDrive\Desktop\LMS_project\.venv\Lib\site-packages\rest_framework\generics.py", line 175, in paginate_queryset
    return self.paginator.paginate_queryset(queryset, self.request, view=self)
           ~~~~~~~~~~~~~~~~~~~~~~~~~~~~~~~~^^^^^^^^^^^^^^^^^^^^^^^^^^^^^^^^^^^
  File "C:\Users\Ammar\OneDrive\Desktop\LMS_project\.venv\Lib\site-packages\rest_framework\pagination.py", line 202, in paginate_queryset
    self.page = paginator.page(page_number)
                ~~~~~~~~~~~~~~^^^^^^^^^^^^^
  File "C:\Users\Ammar\OneDrive\Desktop\LMS_project\.venv\Lib\site-packages\django\core\paginator.py", line 89, in page
    number = self.validate_number(number)
  File "C:\Users\Ammar\OneDrive\Desktop\LMS_project\.venv\Lib\site-packages\django\core\paginator.py", line 70, in validate_number
    if number > self.num_pages:
                ^^^^^^^^^^^^^^
  File "C:\Users\Ammar\OneDrive\Desktop\LMS_project\.venv\Lib\site-packages\django\utils\functional.py", line 47, in __get__
    res = instance.__dict__[self.name] = self.func(instance)
                                         ~~~~~~~~~^^^^^^^^^^
  File "C:\Users\Ammar\OneDrive\Desktop\LMS_project\.venv\Lib\site-packages\django\core\paginator.py", line 116, in num_pages
    if self.count == 0 and not self.allow_empty_first_page:
       ^^^^^^^^^^
  File "C:\Users\Ammar\OneDrive\Desktop\LMS_project\.venv\Lib\site-packages\django\utils\functional.py", line 47, in __get__
    res = instance.__dict__[self.name] = self.func(instance)
                                         ~~~~~~~~~^^^^^^^^^^
  File "C:\Users\Ammar\OneDrive\Desktop\LMS_project\.venv\Lib\site-packages\django\core\paginator.py", line 110, in count
    return c()
  File "C:\Users\Ammar\OneDrive\Desktop\LMS_project\.venv\Lib\site-packages\django\db\models\query.py", line 606, in count
    return self.query.get_count(using=self.db)
           ~~~~~~~~~~~~~~~~~~~~^^^^^^^^^^^^^^^
  File "C:\Users\Ammar\OneDrive\Desktop\LMS_project\.venv\Lib\site-packages\django\db\models\sql\query.py", line 646, in get_count
    return obj.get_aggregation(using, {"__count": Count("*")})["__count"]
           ~~~~~~~~~~~~~~~~~~~^^^^^^^^^^^^^^^^^^^^^^^^^^^^^^^^
  File "C:\Users\Ammar\OneDrive\Desktop\LMS_project\.venv\Lib\site-packages\django\db\models\sql\query.py", line 628, in get_aggregation
    result = compiler.execute_sql(SINGLE)
  File "C:\Users\Ammar\OneDrive\Desktop\LMS_project\.venv\Lib\site-packages\django\db\models\sql\compiler.py", line 1623, in execute_sql
    cursor.execute(sql, params)
    ~~~~~~~~~~~~~~^^^^^^^^^^^^^
  File "C:\Users\Ammar\OneDrive\Desktop\LMS_project\.venv\Lib\site-packages\django\db\backends\utils.py", line 122, in execute
    return super().execute(sql, params)
           ~~~~~~~~~~~~~~~^^^^^^^^^^^^^
  File "C:\Users\Ammar\OneDrive\Desktop\LMS_project\.venv\Lib\site-packages\django\db\backends\utils.py", line 79, in execute
    return self._execute_with_wrappers(
           ~~~~~~~~~~~~~~~~~~~~~~~~~~~^
        sql, params, many=False, executor=self._execute
        ^^^^^^^^^^^^^^^^^^^^^^^^^^^^^^^^^^^^^^^^^^^^^^^
    )
    ^
  File "C:\Users\Ammar\OneDrive\Desktop\LMS_project\.venv\Lib\site-packages\django\db\backends\utils.py", line 92, in _execute_with_wrappers
    return executor(sql, params, many, context)
  File "C:\Users\Ammar\OneDrive\Desktop\LMS_project\.venv\Lib\site-packages\django\db\backends\utils.py", line 100, in _execute
    with self.db.wrap_database_errors:
         ^^^^^^^^^^^^^^^^^^^^^^^^^^^^
  File "C:\Users\Ammar\OneDrive\Desktop\LMS_project\.venv\Lib\site-packages\django\db\utils.py", line 91, in __exit__
    raise dj_exc_value.with_traceback(traceback) from exc_value
  File "C:\Users\Ammar\OneDrive\Desktop\LMS_project\.venv\Lib\site-packages\django\db\backends\utils.py", line 105, in _execute
    return self.cursor.execute(sql, params)
           ~~~~~~~~~~~~~~~~~~~^^^^^^^^^^^^^
django.db.utils.ProgrammingError: relation "courses" does not exist
LINE 1: SELECT COUNT(*) AS "__count" FROM "courses" WHERE "courses"....
                                          ^


ERROR 2026-07-10 09:42:46,633 log 13192 16024 Internal Server Error: /api/courses/
ERROR 2026-07-10 09:42:46,642 basehttp 13192 16024 "GET /api/courses/ HTTP/1.1" 500 80
INFO 2026-07-10 09:48:30,385 autoreload 13192 5656 C:\Users\Ammar\OneDrive\Desktop\LMS_project\apps\courses\models.py changed, reloading.
INFO 2026-07-10 09:48:33,130 autoreload 19760 9008 Watching for file changes with StatReloader
ERROR 2026-07-10 09:51:03,469 exceptions 19760 9480 Unhandled exception: relation "courses_categories" does not exist
LINE 1: ...structor_id" = "users_user"."id") LEFT OUTER JOIN "courses_c...
                                                             ^

Traceback (most recent call last):
  File "C:\Users\Ammar\OneDrive\Desktop\LMS_project\.venv\Lib\site-packages\django\db\backends\utils.py", line 105, in _execute
    return self.cursor.execute(sql, params)
           ~~~~~~~~~~~~~~~~~~~^^^^^^^^^^^^^
psycopg2.errors.UndefinedTable: relation "courses_categories" does not exist
LINE 1: ...structor_id" = "users_user"."id") LEFT OUTER JOIN "courses_c...
                                                             ^


The above exception was the direct cause of the following exception:

Traceback (most recent call last):
  File "C:\Users\Ammar\OneDrive\Desktop\LMS_project\.venv\Lib\site-packages\rest_framework\views.py", line 512, in dispatch
    response = handler(request, *args, **kwargs)
  File "C:\Users\Ammar\OneDrive\Desktop\LMS_project\apps\courses\views.py", line 130, in list
    response = super().list(request, *args, **kwargs)
  File "C:\Users\Ammar\OneDrive\Desktop\LMS_project\.venv\Lib\site-packages\rest_framework\mixins.py", line 40, in list
    page = self.paginate_queryset(queryset)
  File "C:\Users\Ammar\OneDrive\Desktop\LMS_project\.venv\Lib\site-packages\rest_framework\generics.py", line 175, in paginate_queryset
    return self.paginator.paginate_queryset(queryset, self.request, view=self)
           ~~~~~~~~~~~~~~~~~~~~~~~~~~~~~~~~^^^^^^^^^^^^^^^^^^^^^^^^^^^^^^^^^^^
  File "C:\Users\Ammar\OneDrive\Desktop\LMS_project\.venv\Lib\site-packages\rest_framework\pagination.py", line 213, in paginate_queryset
    return list(self.page)
  File "C:\Users\Ammar\OneDrive\Desktop\LMS_project\.venv\Lib\site-packages\django\core\paginator.py", line 191, in __len__
    return len(self.object_list)
  File "C:\Users\Ammar\OneDrive\Desktop\LMS_project\.venv\Lib\site-packages\django\db\models\query.py", line 368, in __len__
    self._fetch_all()
    ~~~~~~~~~~~~~~~^^
  File "C:\Users\Ammar\OneDrive\Desktop\LMS_project\.venv\Lib\site-packages\django\db\models\query.py", line 1954, in _fetch_all
    self._result_cache = list(self._iterable_class(self))
                         ~~~~^^^^^^^^^^^^^^^^^^^^^^^^^^^^
  File "C:\Users\Ammar\OneDrive\Desktop\LMS_project\.venv\Lib\site-packages\django\db\models\query.py", line 93, in __iter__
    results = compiler.execute_sql(
        chunked_fetch=self.chunked_fetch, chunk_size=self.chunk_size
    )
  File "C:\Users\Ammar\OneDrive\Desktop\LMS_project\.venv\Lib\site-packages\django\db\models\sql\compiler.py", line 1623, in execute_sql
    cursor.execute(sql, params)
    ~~~~~~~~~~~~~~^^^^^^^^^^^^^
  File "C:\Users\Ammar\OneDrive\Desktop\LMS_project\.venv\Lib\site-packages\django\db\backends\utils.py", line 122, in execute
    return super().execute(sql, params)
           ~~~~~~~~~~~~~~~^^^^^^^^^^^^^
  File "C:\Users\Ammar\OneDrive\Desktop\LMS_project\.venv\Lib\site-packages\django\db\backends\utils.py", line 79, in execute
    return self._execute_with_wrappers(
           ~~~~~~~~~~~~~~~~~~~~~~~~~~~^
        sql, params, many=False, executor=self._execute
        ^^^^^^^^^^^^^^^^^^^^^^^^^^^^^^^^^^^^^^^^^^^^^^^
    )
    ^
  File "C:\Users\Ammar\OneDrive\Desktop\LMS_project\.venv\Lib\site-packages\django\db\backends\utils.py", line 92, in _execute_with_wrappers
    return executor(sql, params, many, context)
  File "C:\Users\Ammar\OneDrive\Desktop\LMS_project\.venv\Lib\site-packages\django\db\backends\utils.py", line 100, in _execute
    with self.db.wrap_database_errors:
         ^^^^^^^^^^^^^^^^^^^^^^^^^^^^
  File "C:\Users\Ammar\OneDrive\Desktop\LMS_project\.venv\Lib\site-packages\django\db\utils.py", line 91, in __exit__
    raise dj_exc_value.with_traceback(traceback) from exc_value
  File "C:\Users\Ammar\OneDrive\Desktop\LMS_project\.venv\Lib\site-packages\django\db\backends\utils.py", line 105, in _execute
    return self.cursor.execute(sql, params)
           ~~~~~~~~~~~~~~~~~~~^^^^^^^^^^^^^
django.db.utils.ProgrammingError: relation "courses_categories" does not exist
LINE 1: ...structor_id" = "users_user"."id") LEFT OUTER JOIN "courses_c...
                                                             ^


ERROR 2026-07-10 09:51:03,588 log 19760 9480 Internal Server Error: /api/courses/
ERROR 2026-07-10 09:51:03,595 basehttp 19760 9480 "GET /api/courses/ HTTP/1.1" 500 80
INFO 2026-07-10 09:52:50,388 autoreload 19760 9008 C:\Users\Ammar\OneDrive\Desktop\LMS_project\apps\courses\models.py changed, reloading.
INFO 2026-07-10 09:52:52,688 autoreload 9376 8496 Watching for file changes with StatReloader
ERROR 2026-07-10 09:53:00,281 exceptions 9376 15076 Unhandled exception: relation "modules" does not exist
LINE 1: ...odules"."created_at", "modules"."updated_at" FROM "modules" ...
                                                             ^

Traceback (most recent call last):
  File "C:\Users\Ammar\OneDrive\Desktop\LMS_project\.venv\Lib\site-packages\django\db\backends\utils.py", line 105, in _execute
    return self.cursor.execute(sql, params)
           ~~~~~~~~~~~~~~~~~~~^^^^^^^^^^^^^
psycopg2.errors.UndefinedTable: relation "modules" does not exist
LINE 1: ...odules"."created_at", "modules"."updated_at" FROM "modules" ...
                                                             ^


The above exception was the direct cause of the following exception:

Traceback (most recent call last):
  File "C:\Users\Ammar\OneDrive\Desktop\LMS_project\.venv\Lib\site-packages\rest_framework\views.py", line 512, in dispatch
    response = handler(request, *args, **kwargs)
  File "C:\Users\Ammar\OneDrive\Desktop\LMS_project\apps\courses\views.py", line 130, in list
    response = super().list(request, *args, **kwargs)
  File "C:\Users\Ammar\OneDrive\Desktop\LMS_project\.venv\Lib\site-packages\rest_framework\mixins.py", line 40, in list
    page = self.paginate_queryset(queryset)
  File "C:\Users\Ammar\OneDrive\Desktop\LMS_project\.venv\Lib\site-packages\rest_framework\generics.py", line 175, in paginate_queryset
    return self.paginator.paginate_queryset(queryset, self.request, view=self)
           ~~~~~~~~~~~~~~~~~~~~~~~~~~~~~~~~^^^^^^^^^^^^^^^^^^^^^^^^^^^^^^^^^^^
  File "C:\Users\Ammar\OneDrive\Desktop\LMS_project\.venv\Lib\site-packages\rest_framework\pagination.py", line 213, in paginate_queryset
    return list(self.page)
  File "C:\Users\Ammar\OneDrive\Desktop\LMS_project\.venv\Lib\site-packages\django\core\paginator.py", line 191, in __len__
    return len(self.object_list)
  File "C:\Users\Ammar\OneDrive\Desktop\LMS_project\.venv\Lib\site-packages\django\db\models\query.py", line 368, in __len__
    self._fetch_all()
    ~~~~~~~~~~~~~~~^^
  File "C:\Users\Ammar\OneDrive\Desktop\LMS_project\.venv\Lib\site-packages\django\db\models\query.py", line 1956, in _fetch_all
    self._prefetch_related_objects()
    ~~~~~~~~~~~~~~~~~~~~~~~~~~~~~~^^
  File "C:\Users\Ammar\OneDrive\Desktop\LMS_project\.venv\Lib\site-packages\django\db\models\query.py", line 1330, in _prefetch_related_objects
    prefetch_related_objects(self._result_cache, *self._prefetch_related_lookups)
    ~~~~~~~~~~~~~~~~~~~~~~~~^^^^^^^^^^^^^^^^^^^^^^^^^^^^^^^^^^^^^^^^^^^^^^^^^^^^^
  File "C:\Users\Ammar\OneDrive\Desktop\LMS_project\.venv\Lib\site-packages\django\db\models\query.py", line 2408, in prefetch_related_objects
    obj_list, additional_lookups = prefetch_one_level(
                                   ~~~~~~~~~~~~~~~~~~^
        obj_to_fetch,
        ^^^^^^^^^^^^^
    ...<2 lines>...
        level,
        ^^^^^^
    )
    ^
  File "C:\Users\Ammar\OneDrive\Desktop\LMS_project\.venv\Lib\site-packages\django\db\models\query.py", line 2572, in prefetch_one_level
    ) = prefetcher.get_prefetch_querysets(
        ~~~~~~~~~~~~~~~~~~~~~~~~~~~~~~~~~^
        instances, lookup.get_current_querysets(level)
        ^^^^^^^^^^^^^^^^^^^^^^^^^^^^^^^^^^^^^^^^^^^^^^
    )
    ^
  File "C:\Users\Ammar\OneDrive\Desktop\LMS_project\.venv\Lib\site-packages\django\db\models\fields\related_descriptors.py", line 800, in get_prefetch_querysets
    for rel_obj in queryset:
                   ^^^^^^^^
  File "C:\Users\Ammar\OneDrive\Desktop\LMS_project\.venv\Lib\site-packages\django\db\models\query.py", line 386, in __iter__
    self._fetch_all()
    ~~~~~~~~~~~~~~~^^
  File "C:\Users\Ammar\OneDrive\Desktop\LMS_project\.venv\Lib\site-packages\django\db\models\query.py", line 1954, in _fetch_all
    self._result_cache = list(self._iterable_class(self))
                         ~~~~^^^^^^^^^^^^^^^^^^^^^^^^^^^^
  File "C:\Users\Ammar\OneDrive\Desktop\LMS_project\.venv\Lib\site-packages\django\db\models\query.py", line 93, in __iter__
    results = compiler.execute_sql(
        chunked_fetch=self.chunked_fetch, chunk_size=self.chunk_size
    )
  File "C:\Users\Ammar\OneDrive\Desktop\LMS_project\.venv\Lib\site-packages\django\db\models\sql\compiler.py", line 1623, in execute_sql
    cursor.execute(sql, params)
    ~~~~~~~~~~~~~~^^^^^^^^^^^^^
  File "C:\Users\Ammar\OneDrive\Desktop\LMS_project\.venv\Lib\site-packages\django\db\backends\utils.py", line 122, in execute
    return super().execute(sql, params)
           ~~~~~~~~~~~~~~~^^^^^^^^^^^^^
  File "C:\Users\Ammar\OneDrive\Desktop\LMS_project\.venv\Lib\site-packages\django\db\backends\utils.py", line 79, in execute
    return self._execute_with_wrappers(
           ~~~~~~~~~~~~~~~~~~~~~~~~~~~^
        sql, params, many=False, executor=self._execute
        ^^^^^^^^^^^^^^^^^^^^^^^^^^^^^^^^^^^^^^^^^^^^^^^
    )
    ^
  File "C:\Users\Ammar\OneDrive\Desktop\LMS_project\.venv\Lib\site-packages\django\db\backends\utils.py", line 92, in _execute_with_wrappers
    return executor(sql, params, many, context)
  File "C:\Users\Ammar\OneDrive\Desktop\LMS_project\.venv\Lib\site-packages\django\db\backends\utils.py", line 100, in _execute
    with self.db.wrap_database_errors:
         ^^^^^^^^^^^^^^^^^^^^^^^^^^^^
  File "C:\Users\Ammar\OneDrive\Desktop\LMS_project\.venv\Lib\site-packages\django\db\utils.py", line 91, in __exit__
    raise dj_exc_value.with_traceback(traceback) from exc_value
  File "C:\Users\Ammar\OneDrive\Desktop\LMS_project\.venv\Lib\site-packages\django\db\backends\utils.py", line 105, in _execute
    return self.cursor.execute(sql, params)
           ~~~~~~~~~~~~~~~~~~~^^^^^^^^^^^^^
django.db.utils.ProgrammingError: relation "modules" does not exist
LINE 1: ...odules"."created_at", "modules"."updated_at" FROM "modules" ...
                                                             ^


ERROR 2026-07-10 09:53:00,287 log 9376 15076 Internal Server Error: /api/courses/
ERROR 2026-07-10 09:53:00,288 basehttp 9376 15076 "GET /api/courses/ HTTP/1.1" 500 80
INFO 2026-07-10 09:55:22,407 autoreload 9376 8496 C:\Users\Ammar\OneDrive\Desktop\LMS_project\apps\courses\models.py changed, reloading.
INFO 2026-07-10 09:55:25,072 autoreload 4072 5524 Watching for file changes with StatReloader
INFO 2026-07-10 10:02:02,848 autoreload 5972 2292 Watching for file changes with StatReloader
ERROR 2026-07-10 10:02:09,128 exceptions 5972 4676 Unhandled exception: relation "courses_modules" does not exist
LINE 1: ..."created_at", "courses_modules"."updated_at" FROM "courses_m...
                                                             ^

Traceback (most recent call last):
  File "C:\Users\Ammar\OneDrive\Desktop\LMS_project\.venv\Lib\site-packages\django\db\backends\utils.py", line 105, in _execute
    return self.cursor.execute(sql, params)
           ~~~~~~~~~~~~~~~~~~~^^^^^^^^^^^^^
psycopg2.errors.UndefinedTable: relation "courses_modules" does not exist
LINE 1: ..."created_at", "courses_modules"."updated_at" FROM "courses_m...
                                                             ^


The above exception was the direct cause of the following exception:

Traceback (most recent call last):
  File "C:\Users\Ammar\OneDrive\Desktop\LMS_project\.venv\Lib\site-packages\rest_framework\views.py", line 512, in dispatch
    response = handler(request, *args, **kwargs)
  File "C:\Users\Ammar\OneDrive\Desktop\LMS_project\apps\courses\views.py", line 130, in list
    response = super().list(request, *args, **kwargs)
  File "C:\Users\Ammar\OneDrive\Desktop\LMS_project\.venv\Lib\site-packages\rest_framework\mixins.py", line 40, in list
    page = self.paginate_queryset(queryset)
  File "C:\Users\Ammar\OneDrive\Desktop\LMS_project\.venv\Lib\site-packages\rest_framework\generics.py", line 175, in paginate_queryset
    return self.paginator.paginate_queryset(queryset, self.request, view=self)
           ~~~~~~~~~~~~~~~~~~~~~~~~~~~~~~~~^^^^^^^^^^^^^^^^^^^^^^^^^^^^^^^^^^^
  File "C:\Users\Ammar\OneDrive\Desktop\LMS_project\.venv\Lib\site-packages\rest_framework\pagination.py", line 213, in paginate_queryset
    return list(self.page)
  File "C:\Users\Ammar\OneDrive\Desktop\LMS_project\.venv\Lib\site-packages\django\core\paginator.py", line 191, in __len__
    return len(self.object_list)
  File "C:\Users\Ammar\OneDrive\Desktop\LMS_project\.venv\Lib\site-packages\django\db\models\query.py", line 368, in __len__
    self._fetch_all()
    ~~~~~~~~~~~~~~~^^
  File "C:\Users\Ammar\OneDrive\Desktop\LMS_project\.venv\Lib\site-packages\django\db\models\query.py", line 1956, in _fetch_all
    self._prefetch_related_objects()
    ~~~~~~~~~~~~~~~~~~~~~~~~~~~~~~^^
  File "C:\Users\Ammar\OneDrive\Desktop\LMS_project\.venv\Lib\site-packages\django\db\models\query.py", line 1330, in _prefetch_related_objects
    prefetch_related_objects(self._result_cache, *self._prefetch_related_lookups)
    ~~~~~~~~~~~~~~~~~~~~~~~~^^^^^^^^^^^^^^^^^^^^^^^^^^^^^^^^^^^^^^^^^^^^^^^^^^^^^
  File "C:\Users\Ammar\OneDrive\Desktop\LMS_project\.venv\Lib\site-packages\django\db\models\query.py", line 2408, in prefetch_related_objects
    obj_list, additional_lookups = prefetch_one_level(
                                   ~~~~~~~~~~~~~~~~~~^
        obj_to_fetch,
        ^^^^^^^^^^^^^
    ...<2 lines>...
        level,
        ^^^^^^
    )
    ^
  File "C:\Users\Ammar\OneDrive\Desktop\LMS_project\.venv\Lib\site-packages\django\db\models\query.py", line 2572, in prefetch_one_level
    ) = prefetcher.get_prefetch_querysets(
        ~~~~~~~~~~~~~~~~~~~~~~~~~~~~~~~~~^
        instances, lookup.get_current_querysets(level)
        ^^^^^^^^^^^^^^^^^^^^^^^^^^^^^^^^^^^^^^^^^^^^^^
    )
    ^
  File "C:\Users\Ammar\OneDrive\Desktop\LMS_project\.venv\Lib\site-packages\django\db\models\fields\related_descriptors.py", line 800, in get_prefetch_querysets
    for rel_obj in queryset:
                   ^^^^^^^^
  File "C:\Users\Ammar\OneDrive\Desktop\LMS_project\.venv\Lib\site-packages\django\db\models\query.py", line 386, in __iter__
    self._fetch_all()
    ~~~~~~~~~~~~~~~^^
  File "C:\Users\Ammar\OneDrive\Desktop\LMS_project\.venv\Lib\site-packages\django\db\models\query.py", line 1954, in _fetch_all
    self._result_cache = list(self._iterable_class(self))
                         ~~~~^^^^^^^^^^^^^^^^^^^^^^^^^^^^
  File "C:\Users\Ammar\OneDrive\Desktop\LMS_project\.venv\Lib\site-packages\django\db\models\query.py", line 93, in __iter__
    results = compiler.execute_sql(
        chunked_fetch=self.chunked_fetch, chunk_size=self.chunk_size
    )
  File "C:\Users\Ammar\OneDrive\Desktop\LMS_project\.venv\Lib\site-packages\django\db\models\sql\compiler.py", line 1623, in execute_sql
    cursor.execute(sql, params)
    ~~~~~~~~~~~~~~^^^^^^^^^^^^^
  File "C:\Users\Ammar\OneDrive\Desktop\LMS_project\.venv\Lib\site-packages\django\db\backends\utils.py", line 122, in execute
    return super().execute(sql, params)
           ~~~~~~~~~~~~~~~^^^^^^^^^^^^^
  File "C:\Users\Ammar\OneDrive\Desktop\LMS_project\.venv\Lib\site-packages\django\db\backends\utils.py", line 79, in execute
    return self._execute_with_wrappers(
           ~~~~~~~~~~~~~~~~~~~~~~~~~~~^
        sql, params, many=False, executor=self._execute
        ^^^^^^^^^^^^^^^^^^^^^^^^^^^^^^^^^^^^^^^^^^^^^^^
    )
    ^
  File "C:\Users\Ammar\OneDrive\Desktop\LMS_project\.venv\Lib\site-packages\django\db\backends\utils.py", line 92, in _execute_with_wrappers
    return executor(sql, params, many, context)
  File "C:\Users\Ammar\OneDrive\Desktop\LMS_project\.venv\Lib\site-packages\django\db\backends\utils.py", line 100, in _execute
    with self.db.wrap_database_errors:
         ^^^^^^^^^^^^^^^^^^^^^^^^^^^^
  File "C:\Users\Ammar\OneDrive\Desktop\LMS_project\.venv\Lib\site-packages\django\db\utils.py", line 91, in __exit__
    raise dj_exc_value.with_traceback(traceback) from exc_value
  File "C:\Users\Ammar\OneDrive\Desktop\LMS_project\.venv\Lib\site-packages\django\db\backends\utils.py", line 105, in _execute
    return self.cursor.execute(sql, params)
           ~~~~~~~~~~~~~~~~~~~^^^^^^^^^^^^^
django.db.utils.ProgrammingError: relation "courses_modules" does not exist
LINE 1: ..."created_at", "courses_modules"."updated_at" FROM "courses_m...
                                                             ^


ERROR 2026-07-10 10:02:09,170 log 5972 4676 Internal Server Error: /api/courses/
ERROR 2026-07-10 10:02:09,171 basehttp 5972 4676 "GET /api/courses/ HTTP/1.1" 500 80
WARNING 2026-07-10 10:14:56,624 exceptions 5972 5304 API error 404: No Course matches the given query.
INFO 2026-07-10 10:14:56,648 middleware 5972 5304 user=82 method=POST path=/api/enrollments/enroll/ status=404 ip=127.0.0.1
WARNING 2026-07-10 10:14:56,654 log 5972 5304 Not Found: /api/enrollments/enroll/
WARNING 2026-07-10 10:14:56,662 basehttp 5972 5304 "POST /api/enrollments/enroll/ HTTP/1.1" 404 143
INFO 2026-07-10 10:17:11,560 autoreload 18812 12008 Watching for file changes with StatReloader
ERROR 2026-07-10 10:18:42,258 exceptions 18812 9640 Unhandled exception: relation "courses_modules" does not exist
LINE 1: ..."created_at", "courses_modules"."updated_at" FROM "courses_m...
                                                             ^

Traceback (most recent call last):
  File "C:\Users\Ammar\OneDrive\Desktop\LMS_project\.venv\Lib\site-packages\django\db\backends\utils.py", line 105, in _execute
    return self.cursor.execute(sql, params)
           ~~~~~~~~~~~~~~~~~~~^^^^^^^^^^^^^
psycopg2.errors.UndefinedTable: relation "courses_modules" does not exist
LINE 1: ..."created_at", "courses_modules"."updated_at" FROM "courses_m...
                                                             ^


The above exception was the direct cause of the following exception:

Traceback (most recent call last):
  File "C:\Users\Ammar\OneDrive\Desktop\LMS_project\.venv\Lib\site-packages\rest_framework\views.py", line 512, in dispatch
    response = handler(request, *args, **kwargs)
  File "C:\Users\Ammar\OneDrive\Desktop\LMS_project\apps\courses\views.py", line 130, in list
    response = super().list(request, *args, **kwargs)
  File "C:\Users\Ammar\OneDrive\Desktop\LMS_project\.venv\Lib\site-packages\rest_framework\mixins.py", line 40, in list
    page = self.paginate_queryset(queryset)
  File "C:\Users\Ammar\OneDrive\Desktop\LMS_project\.venv\Lib\site-packages\rest_framework\generics.py", line 175, in paginate_queryset
    return self.paginator.paginate_queryset(queryset, self.request, view=self)
           ~~~~~~~~~~~~~~~~~~~~~~~~~~~~~~~~^^^^^^^^^^^^^^^^^^^^^^^^^^^^^^^^^^^
  File "C:\Users\Ammar\OneDrive\Desktop\LMS_project\.venv\Lib\site-packages\rest_framework\pagination.py", line 213, in paginate_queryset
    return list(self.page)
  File "C:\Users\Ammar\OneDrive\Desktop\LMS_project\.venv\Lib\site-packages\django\core\paginator.py", line 191, in __len__
    return len(self.object_list)
  File "C:\Users\Ammar\OneDrive\Desktop\LMS_project\.venv\Lib\site-packages\django\db\models\query.py", line 368, in __len__
    self._fetch_all()
    ~~~~~~~~~~~~~~~^^
  File "C:\Users\Ammar\OneDrive\Desktop\LMS_project\.venv\Lib\site-packages\django\db\models\query.py", line 1956, in _fetch_all
    self._prefetch_related_objects()
    ~~~~~~~~~~~~~~~~~~~~~~~~~~~~~~^^
  File "C:\Users\Ammar\OneDrive\Desktop\LMS_project\.venv\Lib\site-packages\django\db\models\query.py", line 1330, in _prefetch_related_objects
    prefetch_related_objects(self._result_cache, *self._prefetch_related_lookups)
    ~~~~~~~~~~~~~~~~~~~~~~~~^^^^^^^^^^^^^^^^^^^^^^^^^^^^^^^^^^^^^^^^^^^^^^^^^^^^^
  File "C:\Users\Ammar\OneDrive\Desktop\LMS_project\.venv\Lib\site-packages\django\db\models\query.py", line 2408, in prefetch_related_objects
    obj_list, additional_lookups = prefetch_one_level(
                                   ~~~~~~~~~~~~~~~~~~^
        obj_to_fetch,
        ^^^^^^^^^^^^^
    ...<2 lines>...
        level,
        ^^^^^^
    )
    ^
  File "C:\Users\Ammar\OneDrive\Desktop\LMS_project\.venv\Lib\site-packages\django\db\models\query.py", line 2572, in prefetch_one_level
    ) = prefetcher.get_prefetch_querysets(
        ~~~~~~~~~~~~~~~~~~~~~~~~~~~~~~~~~^
        instances, lookup.get_current_querysets(level)
        ^^^^^^^^^^^^^^^^^^^^^^^^^^^^^^^^^^^^^^^^^^^^^^
    )
    ^
  File "C:\Users\Ammar\OneDrive\Desktop\LMS_project\.venv\Lib\site-packages\django\db\models\fields\related_descriptors.py", line 800, in get_prefetch_querysets
    for rel_obj in queryset:
                   ^^^^^^^^
  File "C:\Users\Ammar\OneDrive\Desktop\LMS_project\.venv\Lib\site-packages\django\db\models\query.py", line 386, in __iter__
    self._fetch_all()
    ~~~~~~~~~~~~~~~^^
  File "C:\Users\Ammar\OneDrive\Desktop\LMS_project\.venv\Lib\site-packages\django\db\models\query.py", line 1954, in _fetch_all
    self._result_cache = list(self._iterable_class(self))
                         ~~~~^^^^^^^^^^^^^^^^^^^^^^^^^^^^
  File "C:\Users\Ammar\OneDrive\Desktop\LMS_project\.venv\Lib\site-packages\django\db\models\query.py", line 93, in __iter__
    results = compiler.execute_sql(
        chunked_fetch=self.chunked_fetch, chunk_size=self.chunk_size
    )
  File "C:\Users\Ammar\OneDrive\Desktop\LMS_project\.venv\Lib\site-packages\django\db\models\sql\compiler.py", line 1623, in execute_sql
    cursor.execute(sql, params)
    ~~~~~~~~~~~~~~^^^^^^^^^^^^^
  File "C:\Users\Ammar\OneDrive\Desktop\LMS_project\.venv\Lib\site-packages\django\db\backends\utils.py", line 122, in execute
    return super().execute(sql, params)
           ~~~~~~~~~~~~~~~^^^^^^^^^^^^^
  File "C:\Users\Ammar\OneDrive\Desktop\LMS_project\.venv\Lib\site-packages\django\db\backends\utils.py", line 79, in execute
    return self._execute_with_wrappers(
           ~~~~~~~~~~~~~~~~~~~~~~~~~~~^
        sql, params, many=False, executor=self._execute
        ^^^^^^^^^^^^^^^^^^^^^^^^^^^^^^^^^^^^^^^^^^^^^^^
    )
    ^
  File "C:\Users\Ammar\OneDrive\Desktop\LMS_project\.venv\Lib\site-packages\django\db\backends\utils.py", line 92, in _execute_with_wrappers
    return executor(sql, params, many, context)
  File "C:\Users\Ammar\OneDrive\Desktop\LMS_project\.venv\Lib\site-packages\django\db\backends\utils.py", line 100, in _execute
    with self.db.wrap_database_errors:
         ^^^^^^^^^^^^^^^^^^^^^^^^^^^^
  File "C:\Users\Ammar\OneDrive\Desktop\LMS_project\.venv\Lib\site-packages\django\db\utils.py", line 91, in __exit__
    raise dj_exc_value.with_traceback(traceback) from exc_value
  File "C:\Users\Ammar\OneDrive\Desktop\LMS_project\.venv\Lib\site-packages\django\db\backends\utils.py", line 105, in _execute
    return self.cursor.execute(sql, params)
           ~~~~~~~~~~~~~~~~~~~^^^^^^^^^^^^^
django.db.utils.ProgrammingError: relation "courses_modules" does not exist
LINE 1: ..."created_at", "courses_modules"."updated_at" FROM "courses_m...
                                                             ^


ERROR 2026-07-10 10:18:42,294 log 18812 9640 Internal Server Error: /api/courses/
ERROR 2026-07-10 10:18:42,301 basehttp 18812 9640 "GET /api/courses/ HTTP/1.1" 500 80
INFO 2026-07-10 15:49:15,791 autoreload 2488 12084 Watching for file changes with StatReloader
WARNING 2026-07-10 15:49:26,687 exceptions 2488 19684 API error 401: Given token not valid for any token type
WARNING 2026-07-10 15:49:26,723 log 2488 19684 Unauthorized: /api/courses/
WARNING 2026-07-10 15:49:26,739 basehttp 2488 19684 "GET /api/courses/ HTTP/1.1" 401 274
WARNING 2026-07-10 15:49:29,930 exceptions 2488 19684 API error 401: Given token not valid for any token type
WARNING 2026-07-10 15:49:29,937 log 2488 19684 Unauthorized: /api/courses/
WARNING 2026-07-10 15:49:29,940 basehttp 2488 19684 "GET /api/courses/ HTTP/1.1" 401 274
WARNING 2026-07-10 15:49:34,756 exceptions 2488 19684 API error 401: Given token not valid for any token type
WARNING 2026-07-10 15:49:34,758 log 2488 19684 Unauthorized: /api/courses/
WARNING 2026-07-10 15:49:34,760 basehttp 2488 19684 "GET /api/courses/ HTTP/1.1" 401 274
INFO 2026-07-10 15:50:36,429 basehttp 2488 19684 "POST /api/auth/login/ HTTP/1.1" 200 752
ERROR 2026-07-10 15:51:33,750 exceptions 2488 19684 Unhandled exception: relation "courses_modules" does not exist
LINE 1: ..."created_at", "courses_modules"."updated_at" FROM "courses_m...
                                                             ^

Traceback (most recent call last):
  File "C:\Users\Ammar\OneDrive\Desktop\LMS_project\.venv\Lib\site-packages\django\db\backends\utils.py", line 105, in _execute
    return self.cursor.execute(sql, params)
           ~~~~~~~~~~~~~~~~~~~^^^^^^^^^^^^^
psycopg2.errors.UndefinedTable: relation "courses_modules" does not exist
LINE 1: ..."created_at", "courses_modules"."updated_at" FROM "courses_m...
                                                             ^


The above exception was the direct cause of the following exception:

Traceback (most recent call last):
  File "C:\Users\Ammar\OneDrive\Desktop\LMS_project\.venv\Lib\site-packages\rest_framework\views.py", line 512, in dispatch
    response = handler(request, *args, **kwargs)
  File "C:\Users\Ammar\OneDrive\Desktop\LMS_project\apps\courses\views.py", line 130, in list
    response = super().list(request, *args, **kwargs)
  File "C:\Users\Ammar\OneDrive\Desktop\LMS_project\.venv\Lib\site-packages\rest_framework\mixins.py", line 40, in list
    page = self.paginate_queryset(queryset)
  File "C:\Users\Ammar\OneDrive\Desktop\LMS_project\.venv\Lib\site-packages\rest_framework\generics.py", line 175, in paginate_queryset
    return self.paginator.paginate_queryset(queryset, self.request, view=self)
           ~~~~~~~~~~~~~~~~~~~~~~~~~~~~~~~~^^^^^^^^^^^^^^^^^^^^^^^^^^^^^^^^^^^
  File "C:\Users\Ammar\OneDrive\Desktop\LMS_project\.venv\Lib\site-packages\rest_framework\pagination.py", line 213, in paginate_queryset
    return list(self.page)
  File "C:\Users\Ammar\OneDrive\Desktop\LMS_project\.venv\Lib\site-packages\django\core\paginator.py", line 191, in __len__
    return len(self.object_list)
  File "C:\Users\Ammar\OneDrive\Desktop\LMS_project\.venv\Lib\site-packages\django\db\models\query.py", line 368, in __len__
    self._fetch_all()
    ~~~~~~~~~~~~~~~^^
  File "C:\Users\Ammar\OneDrive\Desktop\LMS_project\.venv\Lib\site-packages\django\db\models\query.py", line 1956, in _fetch_all
    self._prefetch_related_objects()
    ~~~~~~~~~~~~~~~~~~~~~~~~~~~~~~^^
  File "C:\Users\Ammar\OneDrive\Desktop\LMS_project\.venv\Lib\site-packages\django\db\models\query.py", line 1330, in _prefetch_related_objects
    prefetch_related_objects(self._result_cache, *self._prefetch_related_lookups)
    ~~~~~~~~~~~~~~~~~~~~~~~~^^^^^^^^^^^^^^^^^^^^^^^^^^^^^^^^^^^^^^^^^^^^^^^^^^^^^
  File "C:\Users\Ammar\OneDrive\Desktop\LMS_project\.venv\Lib\site-packages\django\db\models\query.py", line 2408, in prefetch_related_objects
    obj_list, additional_lookups = prefetch_one_level(
                                   ~~~~~~~~~~~~~~~~~~^
        obj_to_fetch,
        ^^^^^^^^^^^^^
    ...<2 lines>...
        level,
        ^^^^^^
    )
    ^
  File "C:\Users\Ammar\OneDrive\Desktop\LMS_project\.venv\Lib\site-packages\django\db\models\query.py", line 2572, in prefetch_one_level
    ) = prefetcher.get_prefetch_querysets(
        ~~~~~~~~~~~~~~~~~~~~~~~~~~~~~~~~~^
        instances, lookup.get_current_querysets(level)
        ^^^^^^^^^^^^^^^^^^^^^^^^^^^^^^^^^^^^^^^^^^^^^^
    )
    ^
  File "C:\Users\Ammar\OneDrive\Desktop\LMS_project\.venv\Lib\site-packages\django\db\models\fields\related_descriptors.py", line 800, in get_prefetch_querysets
    for rel_obj in queryset:
                   ^^^^^^^^
  File "C:\Users\Ammar\OneDrive\Desktop\LMS_project\.venv\Lib\site-packages\django\db\models\query.py", line 386, in __iter__
    self._fetch_all()
    ~~~~~~~~~~~~~~~^^
  File "C:\Users\Ammar\OneDrive\Desktop\LMS_project\.venv\Lib\site-packages\django\db\models\query.py", line 1954, in _fetch_all
    self._result_cache = list(self._iterable_class(self))
                         ~~~~^^^^^^^^^^^^^^^^^^^^^^^^^^^^
  File "C:\Users\Ammar\OneDrive\Desktop\LMS_project\.venv\Lib\site-packages\django\db\models\query.py", line 93, in __iter__
    results = compiler.execute_sql(
        chunked_fetch=self.chunked_fetch, chunk_size=self.chunk_size
    )
  File "C:\Users\Ammar\OneDrive\Desktop\LMS_project\.venv\Lib\site-packages\django\db\models\sql\compiler.py", line 1623, in execute_sql
    cursor.execute(sql, params)
    ~~~~~~~~~~~~~~^^^^^^^^^^^^^
  File "C:\Users\Ammar\OneDrive\Desktop\LMS_project\.venv\Lib\site-packages\django\db\backends\utils.py", line 122, in execute
    return super().execute(sql, params)
           ~~~~~~~~~~~~~~~^^^^^^^^^^^^^
  File "C:\Users\Ammar\OneDrive\Desktop\LMS_project\.venv\Lib\site-packages\django\db\backends\utils.py", line 79, in execute
    return self._execute_with_wrappers(
           ~~~~~~~~~~~~~~~~~~~~~~~~~~~^
        sql, params, many=False, executor=self._execute
        ^^^^^^^^^^^^^^^^^^^^^^^^^^^^^^^^^^^^^^^^^^^^^^^
    )
    ^
  File "C:\Users\Ammar\OneDrive\Desktop\LMS_project\.venv\Lib\site-packages\django\db\backends\utils.py", line 92, in _execute_with_wrappers
    return executor(sql, params, many, context)
  File "C:\Users\Ammar\OneDrive\Desktop\LMS_project\.venv\Lib\site-packages\django\db\backends\utils.py", line 100, in _execute
    with self.db.wrap_database_errors:
         ^^^^^^^^^^^^^^^^^^^^^^^^^^^^
  File "C:\Users\Ammar\OneDrive\Desktop\LMS_project\.venv\Lib\site-packages\django\db\utils.py", line 91, in __exit__
    raise dj_exc_value.with_traceback(traceback) from exc_value
  File "C:\Users\Ammar\OneDrive\Desktop\LMS_project\.venv\Lib\site-packages\django\db\backends\utils.py", line 105, in _execute
    return self.cursor.execute(sql, params)
           ~~~~~~~~~~~~~~~~~~~^^^^^^^^^^^^^
django.db.utils.ProgrammingError: relation "courses_modules" does not exist
LINE 1: ..."created_at", "courses_modules"."updated_at" FROM "courses_m...
                                                             ^


ERROR 2026-07-10 15:51:33,785 log 2488 19684 Internal Server Error: /api/courses/
ERROR 2026-07-10 15:51:33,790 basehttp 2488 19684 "GET /api/courses/ HTTP/1.1" 500 80
INFO 2026-07-10 22:29:57,115 autoreload 9136 9372 Watching for file changes with StatReloader
INFO 2026-07-10 22:30:13,265 basehttp 9136 216 "POST /api/auth/login/ HTTP/1.1" 200 752
ERROR 2026-07-10 22:31:20,410 exceptions 9136 7828 Unhandled exception: relation "courses_modules" does not exist
LINE 1: ..."created_at", "courses_modules"."updated_at" FROM "courses_m...
                                                             ^

Traceback (most recent call last):
  File "C:\Users\Ammar\OneDrive\Desktop\LMS_project\.venv\Lib\site-packages\django\db\backends\utils.py", line 105, in _execute
    return self.cursor.execute(sql, params)
           ~~~~~~~~~~~~~~~~~~~^^^^^^^^^^^^^
psycopg2.errors.UndefinedTable: relation "courses_modules" does not exist
LINE 1: ..."created_at", "courses_modules"."updated_at" FROM "courses_m...
                                                             ^


The above exception was the direct cause of the following exception:

Traceback (most recent call last):
  File "C:\Users\Ammar\OneDrive\Desktop\LMS_project\.venv\Lib\site-packages\rest_framework\views.py", line 512, in dispatch
    response = handler(request, *args, **kwargs)
  File "C:\Users\Ammar\OneDrive\Desktop\LMS_project\.venv\Lib\site-packages\rest_framework\mixins.py", line 40, in list
    page = self.paginate_queryset(queryset)
  File "C:\Users\Ammar\OneDrive\Desktop\LMS_project\.venv\Lib\site-packages\rest_framework\generics.py", line 175, in paginate_queryset
    return self.paginator.paginate_queryset(queryset, self.request, view=self)
           ~~~~~~~~~~~~~~~~~~~~~~~~~~~~~~~~^^^^^^^^^^^^^^^^^^^^^^^^^^^^^^^^^^^
  File "C:\Users\Ammar\OneDrive\Desktop\LMS_project\.venv\Lib\site-packages\rest_framework\pagination.py", line 213, in paginate_queryset
    return list(self.page)
  File "C:\Users\Ammar\OneDrive\Desktop\LMS_project\.venv\Lib\site-packages\django\core\paginator.py", line 191, in __len__
    return len(self.object_list)
  File "C:\Users\Ammar\OneDrive\Desktop\LMS_project\.venv\Lib\site-packages\django\db\models\query.py", line 368, in __len__
    self._fetch_all()
    ~~~~~~~~~~~~~~~^^
  File "C:\Users\Ammar\OneDrive\Desktop\LMS_project\.venv\Lib\site-packages\django\db\models\query.py", line 1956, in _fetch_all
    self._prefetch_related_objects()
    ~~~~~~~~~~~~~~~~~~~~~~~~~~~~~~^^
  File "C:\Users\Ammar\OneDrive\Desktop\LMS_project\.venv\Lib\site-packages\django\db\models\query.py", line 1330, in _prefetch_related_objects
    prefetch_related_objects(self._result_cache, *self._prefetch_related_lookups)
    ~~~~~~~~~~~~~~~~~~~~~~~~^^^^^^^^^^^^^^^^^^^^^^^^^^^^^^^^^^^^^^^^^^^^^^^^^^^^^
  File "C:\Users\Ammar\OneDrive\Desktop\LMS_project\.venv\Lib\site-packages\django\db\models\query.py", line 2408, in prefetch_related_objects
    obj_list, additional_lookups = prefetch_one_level(
                                   ~~~~~~~~~~~~~~~~~~^
        obj_to_fetch,
        ^^^^^^^^^^^^^
    ...<2 lines>...
        level,
        ^^^^^^
    )
    ^
  File "C:\Users\Ammar\OneDrive\Desktop\LMS_project\.venv\Lib\site-packages\django\db\models\query.py", line 2572, in prefetch_one_level
    ) = prefetcher.get_prefetch_querysets(
        ~~~~~~~~~~~~~~~~~~~~~~~~~~~~~~~~~^
        instances, lookup.get_current_querysets(level)
        ^^^^^^^^^^^^^^^^^^^^^^^^^^^^^^^^^^^^^^^^^^^^^^
    )
    ^
  File "C:\Users\Ammar\OneDrive\Desktop\LMS_project\.venv\Lib\site-packages\django\db\models\fields\related_descriptors.py", line 800, in get_prefetch_querysets
    for rel_obj in queryset:
                   ^^^^^^^^
  File "C:\Users\Ammar\OneDrive\Desktop\LMS_project\.venv\Lib\site-packages\django\db\models\query.py", line 386, in __iter__
    self._fetch_all()
    ~~~~~~~~~~~~~~~^^
  File "C:\Users\Ammar\OneDrive\Desktop\LMS_project\.venv\Lib\site-packages\django\db\models\query.py", line 1954, in _fetch_all
    self._result_cache = list(self._iterable_class(self))
                         ~~~~^^^^^^^^^^^^^^^^^^^^^^^^^^^^
  File "C:\Users\Ammar\OneDrive\Desktop\LMS_project\.venv\Lib\site-packages\django\db\models\query.py", line 93, in __iter__
    results = compiler.execute_sql(
        chunked_fetch=self.chunked_fetch, chunk_size=self.chunk_size
    )
  File "C:\Users\Ammar\OneDrive\Desktop\LMS_project\.venv\Lib\site-packages\django\db\models\sql\compiler.py", line 1623, in execute_sql
    cursor.execute(sql, params)
    ~~~~~~~~~~~~~~^^^^^^^^^^^^^
  File "C:\Users\Ammar\OneDrive\Desktop\LMS_project\.venv\Lib\site-packages\django\db\backends\utils.py", line 122, in execute
    return super().execute(sql, params)
           ~~~~~~~~~~~~~~~^^^^^^^^^^^^^
  File "C:\Users\Ammar\OneDrive\Desktop\LMS_project\.venv\Lib\site-packages\django\db\backends\utils.py", line 79, in execute
    return self._execute_with_wrappers(
           ~~~~~~~~~~~~~~~~~~~~~~~~~~~^
        sql, params, many=False, executor=self._execute
        ^^^^^^^^^^^^^^^^^^^^^^^^^^^^^^^^^^^^^^^^^^^^^^^
    )
    ^
  File "C:\Users\Ammar\OneDrive\Desktop\LMS_project\.venv\Lib\site-packages\django\db\backends\utils.py", line 92, in _execute_with_wrappers
    return executor(sql, params, many, context)
  File "C:\Users\Ammar\OneDrive\Desktop\LMS_project\.venv\Lib\site-packages\django\db\backends\utils.py", line 100, in _execute
    with self.db.wrap_database_errors:
         ^^^^^^^^^^^^^^^^^^^^^^^^^^^^
  File "C:\Users\Ammar\OneDrive\Desktop\LMS_project\.venv\Lib\site-packages\django\db\utils.py", line 91, in __exit__
    raise dj_exc_value.with_traceback(traceback) from exc_value
  File "C:\Users\Ammar\OneDrive\Desktop\LMS_project\.venv\Lib\site-packages\django\db\backends\utils.py", line 105, in _execute
    return self.cursor.execute(sql, params)
           ~~~~~~~~~~~~~~~~~~~^^^^^^^^^^^^^
django.db.utils.ProgrammingError: relation "courses_modules" does not exist
LINE 1: ..."created_at", "courses_modules"."updated_at" FROM "courses_m...
                                                             ^


ERROR 2026-07-10 22:31:20,437 log 9136 7828 Internal Server Error: /api/courses/
ERROR 2026-07-10 22:31:20,443 basehttp 9136 7828 "GET /api/courses/ HTTP/1.1" 500 80
INFO 2026-07-10 23:01:33,629 autoreload 17672 6840 Watching for file changes with StatReloader
INFO 2026-07-10 23:01:42,244 basehttp 17672 6136 "GET /api/courses/ HTTP/1.1" 200 4728
INFO 2026-07-10 23:20:27,575 autoreload 18468 18060 Watching for file changes with StatReloader
WARNING 2026-07-10 23:20:35,899 log 18468 11952 Not Found: /api/token/
WARNING 2026-07-10 23:20:35,900 basehttp 18468 11952 "POST /api/token/ HTTP/1.1" 404 4466
INFO 2026-07-10 23:29:06,029 autoreload 14988 12448 Watching for file changes with StatReloader
WARNING 2026-07-10 23:29:15,062 exceptions 14988 3364 API error 401: Token is invalid
WARNING 2026-07-10 23:29:15,069 log 14988 3364 Unauthorized: /api/auth/token/refresh/
WARNING 2026-07-10 23:29:15,072 basehttp 14988 3364 "POST /api/auth/token/refresh/ HTTP/1.1" 401 132
INFO 2026-07-10 23:30:42,953 basehttp 14988 19624 "POST /api/auth/login/ HTTP/1.1" 200 752
INFO 2026-07-10 23:31:05,850 basehttp 14988 19624 "POST /api/auth/token/refresh/ HTTP/1.1" 200 641
INFO 2026-07-11 21:05:06,382 autoreload 7276 18780 Watching for file changes with StatReloader
INFO 2026-07-11 21:15:32,263 autoreload 7276 18780 C:\Users\Ammar\OneDrive\Desktop\LMS_project\hope_academy\urls.py changed, reloading.
INFO 2026-07-11 21:15:34,622 autoreload 21068 11136 Watching for file changes with StatReloader
INFO 2026-07-11 21:18:57,143 autoreload 21068 11136 C:\Users\Ammar\OneDrive\Desktop\LMS_project\apps\lessons\views.py changed, reloading.
INFO 2026-07-11 21:18:59,301 autoreload 17660 18340 Watching for file changes with StatReloader
INFO 2026-07-11 21:24:24,434 autoreload 17660 18340 C:\Users\Ammar\OneDrive\Desktop\LMS_project\apps\lessons\views.py changed, reloading.
INFO 2026-07-11 21:24:27,040 autoreload 14588 14008 Watching for file changes with StatReloader
INFO 2026-07-11 21:25:47,151 autoreload 14588 14008 C:\Users\Ammar\OneDrive\Desktop\LMS_project\apps\lessons\urls.py changed, reloading.
INFO 2026-07-11 21:25:49,199 autoreload 8664 21516 Watching for file changes with StatReloader
WARNING 2026-07-11 21:30:04,875 log 8664 18300 Bad Request: /api/auth/register/
WARNING 2026-07-11 21:30:04,887 basehttp 8664 18300 "POST /api/auth/register/ HTTP/1.1" 400 134
INFO 2026-07-11 21:30:21,979 basehttp 8664 18300 "POST /api/auth/login/ HTTP/1.1" 200 752
WARNING 2026-07-11 21:31:44,536 exceptions 8664 17156 API error 404: No Course matches the given query.
WARNING 2026-07-11 21:31:44,571 log 8664 17156 Not Found: /api/lessons/courses/1/modules/
WARNING 2026-07-11 21:31:44,576 basehttp 8664 17156 "GET /api/lessons/courses/1/modules/ HTTP/1.1" 404 143
INFO 2026-07-11 21:39:03,368 autoreload 14652 21440 Watching for file changes with StatReloader
WARNING 2026-07-11 21:39:54,157 exceptions 14652 15416 API error 404: No Course matches the given query.
WARNING 2026-07-11 21:39:54,191 log 14652 15416 Not Found: /api/lessons/courses/1/modules/
WARNING 2026-07-11 21:39:54,195 basehttp 14652 15416 "GET /api/lessons/courses/1/modules/ HTTP/1.1" 404 143
INFO 2026-07-11 21:41:28,415 autoreload 13476 19288 Watching for file changes with StatReloader
WARNING 2026-07-11 21:41:37,900 exceptions 13476 15548 API error 404: No Course matches the given query.
WARNING 2026-07-11 21:41:37,907 log 13476 15548 Not Found: /api/lessons/courses/1/modules/
WARNING 2026-07-11 21:41:37,908 basehttp 13476 15548 "GET /api/lessons/courses/1/modules/ HTTP/1.1" 404 143
WARNING 2026-07-11 21:42:45,387 exceptions 13476 5604 API error 404: No Course matches the given query.
WARNING 2026-07-11 21:42:45,416 log 13476 5604 Not Found: /api/lessons/courses/1/modules/
WARNING 2026-07-11 21:42:45,423 basehttp 13476 5604 "GET /api/lessons/courses/1/modules/ HTTP/1.1" 404 143
WARNING 2026-07-11 21:43:46,580 exceptions 13476 6772 API error 404: No Course matches the given query.
WARNING 2026-07-11 21:43:46,614 log 13476 6772 Not Found: /api/lessons/courses/1/modules/
WARNING 2026-07-11 21:43:46,625 basehttp 13476 6772 "GET /api/lessons/courses/1/modules/ HTTP/1.1" 404 143
INFO 2026-07-11 21:46:17,778 autoreload 5800 12108 Watching for file changes with StatReloader
INFO 2026-07-11 21:46:33,290 basehttp 5800 6948 "GET /api/lessons/courses/4/modules/ HTTP/1.1" 200 516
WARNING 2026-07-11 21:49:36,730 exceptions 5800 17808 API error 401: Authentication credentials were not provided.
WARNING 2026-07-11 21:49:36,764 log 5800 17808 Unauthorized: /api/lessons/courses/4/modules/
WARNING 2026-07-11 21:49:36,768 basehttp 5800 17808 "POST /api/lessons/courses/4/modules/ HTTP/1.1" 401 165
WARNING 2026-07-11 21:51:10,505 exceptions 5800 6932 API error 401: Token is blacklisted
WARNING 2026-07-11 21:51:10,541 log 5800 6932 Unauthorized: /api/auth/token/refresh/
WARNING 2026-07-11 21:51:10,549 basehttp 5800 6932 "POST /api/auth/token/refresh/ HTTP/1.1" 401 140
WARNING 2026-07-11 21:51:26,149 exceptions 5800 6932 API error 401: Token is blacklisted
WARNING 2026-07-11 21:51:26,151 log 5800 6932 Unauthorized: /api/auth/token/refresh/
WARNING 2026-07-11 21:51:26,154 basehttp 5800 6932 "POST /api/auth/token/refresh/ HTTP/1.1" 401 140
INFO 2026-07-11 21:51:56,390 basehttp 5800 6932 "POST /api/auth/token/refresh/ HTTP/1.1" 200 641
WARNING 2026-07-11 21:54:06,749 exceptions 5800 1644 API error 401: Authentication credentials were not provided.
WARNING 2026-07-11 21:54:06,785 log 5800 1644 Unauthorized: /api/lessons/courses/4/modules/
WARNING 2026-07-11 21:54:06,793 basehttp 5800 1644 "POST /api/lessons/courses/4/modules/ HTTP/1.1" 401 165
INFO 2026-07-11 21:56:05,973 middleware 5800 21220 user=82 method=POST path=/api/lessons/courses/4/modules/ status=403 ip=127.0.0.1
WARNING 2026-07-11 21:56:05,989 log 5800 21220 Forbidden: /api/lessons/courses/4/modules/
WARNING 2026-07-11 21:56:06,006 basehttp 5800 21220 "POST /api/lessons/courses/4/modules/ HTTP/1.1" 403 29
INFO 2026-07-11 22:06:46,869 autoreload 1572 15232 Watching for file changes with StatReloader
INFO 2026-07-11 22:06:55,781 middleware 1572 13124 user=82 method=POST path=/api/lessons/courses/4/modules/ status=403 ip=127.0.0.1
WARNING 2026-07-11 22:06:55,790 log 1572 13124 Forbidden: /api/lessons/courses/4/modules/
WARNING 2026-07-11 22:06:55,794 basehttp 1572 13124 "POST /api/lessons/courses/4/modules/ HTTP/1.1" 403 29
INFO 2026-07-12 10:16:31,093 autoreload 14168 2520 Watching for file changes with StatReloader
INFO 2026-07-12 10:19:10,012 autoreload 20696 684 Watching for file changes with StatReloader
INFO 2026-07-12 10:19:21,996 basehttp 20696 14892 "POST /api/auth/login/ HTTP/1.1" 200 752
INFO 2026-07-12 10:20:11,486 middleware 20696 14892 user=82 method=POST path=/api/lessons/courses/4/modules/ status=403 ip=127.0.0.1
WARNING 2026-07-12 10:20:11,628 log 20696 14892 Forbidden: /api/lessons/courses/4/modules/
WARNING 2026-07-12 10:20:11,715 basehttp 20696 14892 "POST /api/lessons/courses/4/modules/ HTTP/1.1" 403 29
INFO 2026-07-12 10:29:06,821 autoreload 16844 11212 Watching for file changes with StatReloader
INFO 2026-07-12 10:29:15,248 middleware 16844 18284 user=82 method=POST path=/api/lessons/courses/4/modules/ status=403 ip=127.0.0.1
WARNING 2026-07-12 10:29:15,266 log 16844 18284 Forbidden: /api/lessons/courses/4/modules/
WARNING 2026-07-12 10:29:15,267 basehttp 16844 18284 "POST /api/lessons/courses/4/modules/ HTTP/1.1" 403 29
INFO 2026-07-12 10:36:03,171 autoreload 8684 14076 Watching for file changes with StatReloader
WARNING 2026-07-12 10:38:21,570 exceptions 8684 2896 API error 400: email: This field is required.
WARNING 2026-07-12 10:38:21,610 log 8684 2896 Bad Request: /api/auth/login/
WARNING 2026-07-12 10:38:21,614 basehttp 8684 2896 "POST /api/auth/login/ HTTP/1.1" 400 129
WARNING 2026-07-12 10:39:54,090 exceptions 8684 22092 API error 401: No active account found with the given credentials
WARNING 2026-07-12 10:39:54,132 log 8684 22092 Unauthorized: /api/auth/login/
WARNING 2026-07-12 10:39:54,150 basehttp 8684 22092 "POST /api/auth/login/ HTTP/1.1" 401 175
INFO 2026-07-12 10:43:20,622 autoreload 6004 18988 Watching for file changes with StatReloader
INFO 2026-07-12 10:43:40,289 basehttp 6004 13612 "POST /api/auth/login/ HTTP/1.1" 200 747
INFO 2026-07-12 10:46:19,722 basehttp 6004 9420 "GET /api/lessons/courses/4/modules/ HTTP/1.1" 200 516
ERROR 2026-07-12 10:46:45,491 exceptions 6004 9420 Unhandled exception: duplicate key value violates unique constraint "lessons_module_course_order_unique"
DETAIL:  Key (course_id, "order")=(4, 1) already exists.

Traceback (most recent call last):
  File "C:\Users\Ammar\OneDrive\Desktop\LMS_project\.venv\Lib\site-packages\django\db\backends\utils.py", line 105, in _execute
    return self.cursor.execute(sql, params)
           ~~~~~~~~~~~~~~~~~~~^^^^^^^^^^^^^
psycopg2.errors.UniqueViolation: duplicate key value violates unique constraint "lessons_module_course_order_unique"
DETAIL:  Key (course_id, "order")=(4, 1) already exists.


The above exception was the direct cause of the following exception:

Traceback (most recent call last):
  File "C:\Users\Ammar\OneDrive\Desktop\LMS_project\.venv\Lib\site-packages\rest_framework\views.py", line 512, in dispatch
    response = handler(request, *args, **kwargs)
  File "C:\Users\Ammar\OneDrive\Desktop\LMS_project\apps\lessons\views.py", line 87, in create
    module = serializer.save(
        course=course
    )
  File "C:\Users\Ammar\OneDrive\Desktop\LMS_project\.venv\Lib\site-packages\rest_framework\serializers.py", line 210, in save
    self.instance = self.create(validated_data)
                    ~~~~~~~~~~~^^^^^^^^^^^^^^^^
  File "C:\Users\Ammar\OneDrive\Desktop\LMS_project\.venv\Lib\site-packages\rest_framework\serializers.py", line 1011, in create
    instance = ModelClass._default_manager.create(**validated_data)
  File "C:\Users\Ammar\OneDrive\Desktop\LMS_project\.venv\Lib\site-packages\django\db\models\manager.py", line 87, in manager_method
    return getattr(self.get_queryset(), name)(*args, **kwargs)
           ~~~~~~~~~~~~~~~~~~~~~~~~~~~~~~~~~~^^^^^^^^^^^^^^^^^
  File "C:\Users\Ammar\OneDrive\Desktop\LMS_project\.venv\Lib\site-packages\django\db\models\query.py", line 665, in create
    obj.save(force_insert=True, using=self.db)
    ~~~~~~~~^^^^^^^^^^^^^^^^^^^^^^^^^^^^^^^^^^
  File "C:\Users\Ammar\OneDrive\Desktop\LMS_project\.venv\Lib\site-packages\django\db\models\base.py", line 902, in save
    self.save_base(
    ~~~~~~~~~~~~~~^
        using=using,
        ^^^^^^^^^^^^
    ...<2 lines>...
        update_fields=update_fields,
        ^^^^^^^^^^^^^^^^^^^^^^^^^^^^
    )
    ^
  File "C:\Users\Ammar\OneDrive\Desktop\LMS_project\.venv\Lib\site-packages\django\db\models\base.py", line 1008, in save_base
    updated = self._save_table(
        raw,
    ...<4 lines>...
        update_fields,
    )
  File "C:\Users\Ammar\OneDrive\Desktop\LMS_project\.venv\Lib\site-packages\django\db\models\base.py", line 1169, in _save_table
    results = self._do_insert(
        cls._base_manager, using, fields, returning_fields, raw
    )
  File "C:\Users\Ammar\OneDrive\Desktop\LMS_project\.venv\Lib\site-packages\django\db\models\base.py", line 1210, in _do_insert
    return manager._insert(
           ~~~~~~~~~~~~~~~^
        [self],
        ^^^^^^^
    ...<3 lines>...
        raw=raw,
        ^^^^^^^^
    )
    ^
  File "C:\Users\Ammar\OneDrive\Desktop\LMS_project\.venv\Lib\site-packages\django\db\models\manager.py", line 87, in manager_method
    return getattr(self.get_queryset(), name)(*args, **kwargs)
           ~~~~~~~~~~~~~~~~~~~~~~~~~~~~~~~~~~^^^^^^^^^^^^^^^^^
  File "C:\Users\Ammar\OneDrive\Desktop\LMS_project\.venv\Lib\site-packages\django\db\models\query.py", line 1873, in _insert
    return query.get_compiler(using=using).execute_sql(returning_fields)
           ~~~~~~~~~~~~~~~~~~~~~~~~~~~~~~~~~~~~~~~~~~~^^^^^^^^^^^^^^^^^^
  File "C:\Users\Ammar\OneDrive\Desktop\LMS_project\.venv\Lib\site-packages\django\db\models\sql\compiler.py", line 1882, in execute_sql
    cursor.execute(sql, params)
    ~~~~~~~~~~~~~~^^^^^^^^^^^^^
  File "C:\Users\Ammar\OneDrive\Desktop\LMS_project\.venv\Lib\site-packages\django\db\backends\utils.py", line 122, in execute
    return super().execute(sql, params)
           ~~~~~~~~~~~~~~~^^^^^^^^^^^^^
  File "C:\Users\Ammar\OneDrive\Desktop\LMS_project\.venv\Lib\site-packages\django\db\backends\utils.py", line 79, in execute
    return self._execute_with_wrappers(
           ~~~~~~~~~~~~~~~~~~~~~~~~~~~^
        sql, params, many=False, executor=self._execute
        ^^^^^^^^^^^^^^^^^^^^^^^^^^^^^^^^^^^^^^^^^^^^^^^
    )
    ^
  File "C:\Users\Ammar\OneDrive\Desktop\LMS_project\.venv\Lib\site-packages\django\db\backends\utils.py", line 92, in _execute_with_wrappers
    return executor(sql, params, many, context)
  File "C:\Users\Ammar\OneDrive\Desktop\LMS_project\.venv\Lib\site-packages\django\db\backends\utils.py", line 100, in _execute
    with self.db.wrap_database_errors:
         ^^^^^^^^^^^^^^^^^^^^^^^^^^^^
  File "C:\Users\Ammar\OneDrive\Desktop\LMS_project\.venv\Lib\site-packages\django\db\utils.py", line 91, in __exit__
    raise dj_exc_value.with_traceback(traceback) from exc_value
  File "C:\Users\Ammar\OneDrive\Desktop\LMS_project\.venv\Lib\site-packages\django\db\backends\utils.py", line 105, in _execute
    return self.cursor.execute(sql, params)
           ~~~~~~~~~~~~~~~~~~~^^^^^^^^^^^^^
django.db.utils.IntegrityError: duplicate key value violates unique constraint "lessons_module_course_order_unique"
DETAIL:  Key (course_id, "order")=(4, 1) already exists.


INFO 2026-07-12 10:46:45,541 middleware 6004 9420 user=83 method=POST path=/api/lessons/courses/4/modules/ status=500 ip=127.0.0.1
ERROR 2026-07-12 10:46:45,564 log 6004 9420 Internal Server Error: /api/lessons/courses/4/modules/
ERROR 2026-07-12 10:46:45,574 basehttp 6004 9420 "POST /api/lessons/courses/4/modules/ HTTP/1.1" 500 80
INFO 2026-07-12 10:48:42,615 middleware 6004 9528 user=83 method=POST path=/api/lessons/courses/4/modules/ status=201 ip=127.0.0.1
INFO 2026-07-12 10:48:42,644 basehttp 6004 9528 "POST /api/lessons/courses/4/modules/ HTTP/1.1" 201 209
WARNING 2026-07-12 10:49:44,864 log 6004 1256 Bad Request: /api/auth/register/
WARNING 2026-07-12 10:49:44,881 basehttp 6004 1256 "POST /api/auth/register/ HTTP/1.1" 400 134
INFO 2026-07-12 10:51:29,098 autoreload 6004 18988 C:\Users\Ammar\OneDrive\Desktop\LMS_project\apps\lessons\views.py changed, reloading.
INFO 2026-07-12 10:51:33,199 autoreload 3808 9944 Watching for file changes with StatReloader
INFO 2026-07-12 10:51:56,043 autoreload 3808 9944 C:\Users\Ammar\OneDrive\Desktop\LMS_project\apps\lessons\views.py changed, reloading.
INFO 2026-07-12 10:51:59,013 autoreload 2528 9368 Watching for file changes with StatReloader
WARNING 2026-07-12 10:52:50,107 log 2528 21832 Bad Request: /api/auth/register/
WARNING 2026-07-12 10:52:50,123 basehttp 2528 21832 "POST /api/auth/register/ HTTP/1.1" 400 134
INFO 2026-07-12 10:57:58,838 autoreload 15880 15332 Watching for file changes with StatReloader
WARNING 2026-07-12 10:58:07,325 exceptions 15880 5044 API error 401: Authentication credentials were not provided.
WARNING 2026-07-12 10:58:07,329 log 15880 5044 Unauthorized: /api/announcements/
WARNING 2026-07-12 10:58:07,330 basehttp 15880 5044 "GET /api/announcements/ HTTP/1.1" 401 165
INFO 2026-07-12 11:00:15,936 basehttp 15880 14680 "POST /api/auth/login/ HTTP/1.1" 200 747
WARNING 2026-07-12 11:00:31,843 exceptions 15880 14680 API error 401: Authentication credentials were not provided.
WARNING 2026-07-12 11:00:31,847 log 15880 14680 Unauthorized: /api/announcements/
WARNING 2026-07-12 11:00:31,854 basehttp 15880 14680 "GET /api/announcements/ HTTP/1.1" 401 165
ERROR 2026-07-12 11:02:41,927 exceptions 15880 21140 Unhandled exception: column u0.status does not exist
LINE 1: ...e_id" AS "course_id" FROM "enrollments" U0 WHERE (U0."status...
                                                             ^

Traceback (most recent call last):
  File "C:\Users\Ammar\OneDrive\Desktop\LMS_project\.venv\Lib\site-packages\django\db\backends\utils.py", line 105, in _execute
    return self.cursor.execute(sql, params)
           ~~~~~~~~~~~~~~~~~~~^^^^^^^^^^^^^
psycopg2.errors.UndefinedColumn: column u0.status does not exist
LINE 1: ...e_id" AS "course_id" FROM "enrollments" U0 WHERE (U0."status...
                                                             ^


The above exception was the direct cause of the following exception:

Traceback (most recent call last):
  File "C:\Users\Ammar\OneDrive\Desktop\LMS_project\.venv\Lib\site-packages\rest_framework\views.py", line 512, in dispatch
    response = handler(request, *args, **kwargs)
  File "C:\Users\Ammar\OneDrive\Desktop\LMS_project\.venv\Lib\site-packages\rest_framework\generics.py", line 243, in get
    return self.list(request, *args, **kwargs)
           ~~~~~~~~~^^^^^^^^^^^^^^^^^^^^^^^^^^
  File "C:\Users\Ammar\OneDrive\Desktop\LMS_project\apps\announcements\views.py", line 46, in list
    response = super().list(request, *args, **kwargs)
  File "C:\Users\Ammar\OneDrive\Desktop\LMS_project\.venv\Lib\site-packages\rest_framework\mixins.py", line 40, in list
    page = self.paginate_queryset(queryset)
  File "C:\Users\Ammar\OneDrive\Desktop\LMS_project\.venv\Lib\site-packages\rest_framework\generics.py", line 175, in paginate_queryset
    return self.paginator.paginate_queryset(queryset, self.request, view=self)
           ~~~~~~~~~~~~~~~~~~~~~~~~~~~~~~~~^^^^^^^^^^^^^^^^^^^^^^^^^^^^^^^^^^^
  File "C:\Users\Ammar\OneDrive\Desktop\LMS_project\.venv\Lib\site-packages\rest_framework\pagination.py", line 202, in paginate_queryset
    self.page = paginator.page(page_number)
                ~~~~~~~~~~~~~~^^^^^^^^^^^^^
  File "C:\Users\Ammar\OneDrive\Desktop\LMS_project\.venv\Lib\site-packages\django\core\paginator.py", line 89, in page
    number = self.validate_number(number)
  File "C:\Users\Ammar\OneDrive\Desktop\LMS_project\.venv\Lib\site-packages\django\core\paginator.py", line 70, in validate_number
    if number > self.num_pages:
                ^^^^^^^^^^^^^^
  File "C:\Users\Ammar\OneDrive\Desktop\LMS_project\.venv\Lib\site-packages\django\utils\functional.py", line 47, in __get__
    res = instance.__dict__[self.name] = self.func(instance)
                                         ~~~~~~~~~^^^^^^^^^^
  File "C:\Users\Ammar\OneDrive\Desktop\LMS_project\.venv\Lib\site-packages\django\core\paginator.py", line 116, in num_pages
    if self.count == 0 and not self.allow_empty_first_page:
       ^^^^^^^^^^
  File "C:\Users\Ammar\OneDrive\Desktop\LMS_project\.venv\Lib\site-packages\django\utils\functional.py", line 47, in __get__
    res = instance.__dict__[self.name] = self.func(instance)
                                         ~~~~~~~~~^^^^^^^^^^
  File "C:\Users\Ammar\OneDrive\Desktop\LMS_project\.venv\Lib\site-packages\django\core\paginator.py", line 110, in count
    return c()
  File "C:\Users\Ammar\OneDrive\Desktop\LMS_project\.venv\Lib\site-packages\django\db\models\query.py", line 606, in count
    return self.query.get_count(using=self.db)
           ~~~~~~~~~~~~~~~~~~~~^^^^^^^^^^^^^^^
  File "C:\Users\Ammar\OneDrive\Desktop\LMS_project\.venv\Lib\site-packages\django\db\models\sql\query.py", line 646, in get_count
    return obj.get_aggregation(using, {"__count": Count("*")})["__count"]
           ~~~~~~~~~~~~~~~~~~~^^^^^^^^^^^^^^^^^^^^^^^^^^^^^^^^
  File "C:\Users\Ammar\OneDrive\Desktop\LMS_project\.venv\Lib\site-packages\django\db\models\sql\query.py", line 628, in get_aggregation
    result = compiler.execute_sql(SINGLE)
  File "C:\Users\Ammar\OneDrive\Desktop\LMS_project\.venv\Lib\site-packages\django\db\models\sql\compiler.py", line 1623, in execute_sql
    cursor.execute(sql, params)
    ~~~~~~~~~~~~~~^^^^^^^^^^^^^
  File "C:\Users\Ammar\OneDrive\Desktop\LMS_project\.venv\Lib\site-packages\django\db\backends\utils.py", line 122, in execute
    return super().execute(sql, params)
           ~~~~~~~~~~~~~~~^^^^^^^^^^^^^
  File "C:\Users\Ammar\OneDrive\Desktop\LMS_project\.venv\Lib\site-packages\django\db\backends\utils.py", line 79, in execute
    return self._execute_with_wrappers(
           ~~~~~~~~~~~~~~~~~~~~~~~~~~~^
        sql, params, many=False, executor=self._execute
        ^^^^^^^^^^^^^^^^^^^^^^^^^^^^^^^^^^^^^^^^^^^^^^^
    )
    ^
  File "C:\Users\Ammar\OneDrive\Desktop\LMS_project\.venv\Lib\site-packages\django\db\backends\utils.py", line 92, in _execute_with_wrappers
    return executor(sql, params, many, context)
  File "C:\Users\Ammar\OneDrive\Desktop\LMS_project\.venv\Lib\site-packages\django\db\backends\utils.py", line 100, in _execute
    with self.db.wrap_database_errors:
         ^^^^^^^^^^^^^^^^^^^^^^^^^^^^
  File "C:\Users\Ammar\OneDrive\Desktop\LMS_project\.venv\Lib\site-packages\django\db\utils.py", line 91, in __exit__
    raise dj_exc_value.with_traceback(traceback) from exc_value
  File "C:\Users\Ammar\OneDrive\Desktop\LMS_project\.venv\Lib\site-packages\django\db\backends\utils.py", line 105, in _execute
    return self.cursor.execute(sql, params)
           ~~~~~~~~~~~~~~~~~~~^^^^^^^^^^^^^
django.db.utils.ProgrammingError: column u0.status does not exist
LINE 1: ...e_id" AS "course_id" FROM "enrollments" U0 WHERE (U0."status...
                                                             ^


ERROR 2026-07-12 11:02:41,984 log 15880 21140 Internal Server Error: /api/announcements/
ERROR 2026-07-12 11:02:41,994 basehttp 15880 21140 "GET /api/announcements/ HTTP/1.1" 500 80
INFO 2026-07-12 11:19:32,470 autoreload 16540 9788 Watching for file changes with StatReloader
ERROR 2026-07-12 11:19:41,866 exceptions 16540 19160 Unhandled exception: operator does not exist: uuid = integer
LINE 1: ...WHERE (U0."status" = 'active' AND U0."student_id" = 83))) OR...
                                                             ^
HINT:  No operator matches the given name and argument types. You might need to add explicit type casts.

Traceback (most recent call last):
  File "C:\Users\Ammar\OneDrive\Desktop\LMS_project\.venv\Lib\site-packages\django\db\backends\utils.py", line 105, in _execute
    return self.cursor.execute(sql, params)
           ~~~~~~~~~~~~~~~~~~~^^^^^^^^^^^^^
psycopg2.errors.UndefinedFunction: operator does not exist: uuid = integer
LINE 1: ...WHERE (U0."status" = 'active' AND U0."student_id" = 83))) OR...
                                                             ^
HINT:  No operator matches the given name and argument types. You might need to add explicit type casts.


The above exception was the direct cause of the following exception:

Traceback (most recent call last):
  File "C:\Users\Ammar\OneDrive\Desktop\LMS_project\.venv\Lib\site-packages\rest_framework\views.py", line 512, in dispatch
    response = handler(request, *args, **kwargs)
  File "C:\Users\Ammar\OneDrive\Desktop\LMS_project\.venv\Lib\site-packages\rest_framework\generics.py", line 243, in get
    return self.list(request, *args, **kwargs)
           ~~~~~~~~~^^^^^^^^^^^^^^^^^^^^^^^^^^
  File "C:\Users\Ammar\OneDrive\Desktop\LMS_project\apps\announcements\views.py", line 46, in list
    response = super().list(request, *args, **kwargs)
  File "C:\Users\Ammar\OneDrive\Desktop\LMS_project\.venv\Lib\site-packages\rest_framework\mixins.py", line 40, in list
    page = self.paginate_queryset(queryset)
  File "C:\Users\Ammar\OneDrive\Desktop\LMS_project\.venv\Lib\site-packages\rest_framework\generics.py", line 175, in paginate_queryset
    return self.paginator.paginate_queryset(queryset, self.request, view=self)
           ~~~~~~~~~~~~~~~~~~~~~~~~~~~~~~~~^^^^^^^^^^^^^^^^^^^^^^^^^^^^^^^^^^^
  File "C:\Users\Ammar\OneDrive\Desktop\LMS_project\.venv\Lib\site-packages\rest_framework\pagination.py", line 202, in paginate_queryset
    self.page = paginator.page(page_number)
                ~~~~~~~~~~~~~~^^^^^^^^^^^^^
  File "C:\Users\Ammar\OneDrive\Desktop\LMS_project\.venv\Lib\site-packages\django\core\paginator.py", line 89, in page
    number = self.validate_number(number)
  File "C:\Users\Ammar\OneDrive\Desktop\LMS_project\.venv\Lib\site-packages\django\core\paginator.py", line 70, in validate_number
    if number > self.num_pages:
                ^^^^^^^^^^^^^^
  File "C:\Users\Ammar\OneDrive\Desktop\LMS_project\.venv\Lib\site-packages\django\utils\functional.py", line 47, in __get__
    res = instance.__dict__[self.name] = self.func(instance)
                                         ~~~~~~~~~^^^^^^^^^^
  File "C:\Users\Ammar\OneDrive\Desktop\LMS_project\.venv\Lib\site-packages\django\core\paginator.py", line 116, in num_pages
    if self.count == 0 and not self.allow_empty_first_page:
       ^^^^^^^^^^
  File "C:\Users\Ammar\OneDrive\Desktop\LMS_project\.venv\Lib\site-packages\django\utils\functional.py", line 47, in __get__
    res = instance.__dict__[self.name] = self.func(instance)
                                         ~~~~~~~~~^^^^^^^^^^
  File "C:\Users\Ammar\OneDrive\Desktop\LMS_project\.venv\Lib\site-packages\django\core\paginator.py", line 110, in count
    return c()
  File "C:\Users\Ammar\OneDrive\Desktop\LMS_project\.venv\Lib\site-packages\django\db\models\query.py", line 606, in count
    return self.query.get_count(using=self.db)
           ~~~~~~~~~~~~~~~~~~~~^^^^^^^^^^^^^^^
  File "C:\Users\Ammar\OneDrive\Desktop\LMS_project\.venv\Lib\site-packages\django\db\models\sql\query.py", line 646, in get_count
    return obj.get_aggregation(using, {"__count": Count("*")})["__count"]
           ~~~~~~~~~~~~~~~~~~~^^^^^^^^^^^^^^^^^^^^^^^^^^^^^^^^
  File "C:\Users\Ammar\OneDrive\Desktop\LMS_project\.venv\Lib\site-packages\django\db\models\sql\query.py", line 628, in get_aggregation
    result = compiler.execute_sql(SINGLE)
  File "C:\Users\Ammar\OneDrive\Desktop\LMS_project\.venv\Lib\site-packages\django\db\models\sql\compiler.py", line 1623, in execute_sql
    cursor.execute(sql, params)
    ~~~~~~~~~~~~~~^^^^^^^^^^^^^
  File "C:\Users\Ammar\OneDrive\Desktop\LMS_project\.venv\Lib\site-packages\django\db\backends\utils.py", line 122, in execute
    return super().execute(sql, params)
           ~~~~~~~~~~~~~~~^^^^^^^^^^^^^
  File "C:\Users\Ammar\OneDrive\Desktop\LMS_project\.venv\Lib\site-packages\django\db\backends\utils.py", line 79, in execute
    return self._execute_with_wrappers(
           ~~~~~~~~~~~~~~~~~~~~~~~~~~~^
        sql, params, many=False, executor=self._execute
        ^^^^^^^^^^^^^^^^^^^^^^^^^^^^^^^^^^^^^^^^^^^^^^^
    )
    ^
  File "C:\Users\Ammar\OneDrive\Desktop\LMS_project\.venv\Lib\site-packages\django\db\backends\utils.py", line 92, in _execute_with_wrappers
    return executor(sql, params, many, context)
  File "C:\Users\Ammar\OneDrive\Desktop\LMS_project\.venv\Lib\site-packages\django\db\backends\utils.py", line 100, in _execute
    with self.db.wrap_database_errors:
         ^^^^^^^^^^^^^^^^^^^^^^^^^^^^
  File "C:\Users\Ammar\OneDrive\Desktop\LMS_project\.venv\Lib\site-packages\django\db\utils.py", line 91, in __exit__
    raise dj_exc_value.with_traceback(traceback) from exc_value
  File "C:\Users\Ammar\OneDrive\Desktop\LMS_project\.venv\Lib\site-packages\django\db\backends\utils.py", line 105, in _execute
    return self.cursor.execute(sql, params)
           ~~~~~~~~~~~~~~~~~~~^^^^^^^^^^^^^
django.db.utils.ProgrammingError: operator does not exist: uuid = integer
LINE 1: ...WHERE (U0."status" = 'active' AND U0."student_id" = 83))) OR...
                                                             ^
HINT:  No operator matches the given name and argument types. You might need to add explicit type casts.


ERROR 2026-07-12 11:19:41,878 log 16540 19160 Internal Server Error: /api/announcements/
ERROR 2026-07-12 11:19:41,880 basehttp 16540 19160 "GET /api/announcements/ HTTP/1.1" 500 80
INFO 2026-07-12 11:59:53,597 autoreload 17148 18244 Watching for file changes with StatReloader
ERROR 2026-07-12 12:00:01,446 exceptions 17148 9192 Unhandled exception: Cannot resolve keyword 'status' into field. Choices are: course, course_id, enrolled_at, id, student, student_id
Traceback (most recent call last):
  File "C:\Users\Ammar\OneDrive\Desktop\LMS_project\.venv\Lib\site-packages\rest_framework\views.py", line 512, in dispatch
    response = handler(request, *args, **kwargs)
  File "C:\Users\Ammar\OneDrive\Desktop\LMS_project\.venv\Lib\site-packages\rest_framework\generics.py", line 243, in get
    return self.list(request, *args, **kwargs)
           ~~~~~~~~~^^^^^^^^^^^^^^^^^^^^^^^^^^
  File "C:\Users\Ammar\OneDrive\Desktop\LMS_project\apps\announcements\views.py", line 46, in list
    response = super().list(request, *args, **kwargs)
  File "C:\Users\Ammar\OneDrive\Desktop\LMS_project\.venv\Lib\site-packages\rest_framework\mixins.py", line 38, in list
    queryset = self.filter_queryset(self.get_queryset())
                                    ~~~~~~~~~~~~~~~~~^^
  File "C:\Users\Ammar\OneDrive\Desktop\LMS_project\apps\announcements\views.py", line 30, in get_queryset
    course_ids = Enrollment.objects.filter(student=user, status='active').values_list('course_id', flat=True)
                 ~~~~~~~~~~~~~~~~~~~~~~~~~^^^^^^^^^^^^^^^^^^^^^^^^^^^^^^^
  File "C:\Users\Ammar\OneDrive\Desktop\LMS_project\.venv\Lib\site-packages\django\db\models\manager.py", line 87, in manager_method
    return getattr(self.get_queryset(), name)(*args, **kwargs)
           ~~~~~~~~~~~~~~~~~~~~~~~~~~~~~~~~~~^^^^^^^^^^^^^^^^^
  File "C:\Users\Ammar\OneDrive\Desktop\LMS_project\.venv\Lib\site-packages\django\db\models\query.py", line 1495, in filter
    return self._filter_or_exclude(False, args, kwargs)
           ~~~~~~~~~~~~~~~~~~~~~~~^^^^^^^^^^^^^^^^^^^^^
  File "C:\Users\Ammar\OneDrive\Desktop\LMS_project\.venv\Lib\site-packages\django\db\models\query.py", line 1513, in _filter_or_exclude
    clone._filter_or_exclude_inplace(negate, args, kwargs)
    ~~~~~~~~~~~~~~~~~~~~~~~~~~~~~~~~^^^^^^^^^^^^^^^^^^^^^^
  File "C:\Users\Ammar\OneDrive\Desktop\LMS_project\.venv\Lib\site-packages\django\db\models\query.py", line 1523, in _filter_or_exclude_inplace
    self._query.add_q(Q(*args, **kwargs))
    ~~~~~~~~~~~~~~~~~^^^^^^^^^^^^^^^^^^^^
  File "C:\Users\Ammar\OneDrive\Desktop\LMS_project\.venv\Lib\site-packages\django\db\models\sql\query.py", line 1648, in add_q
    clause, _ = self._add_q(q_object, can_reuse)
                ~~~~~~~~~~~^^^^^^^^^^^^^^^^^^^^^
  File "C:\Users\Ammar\OneDrive\Desktop\LMS_project\.venv\Lib\site-packages\django\db\models\sql\query.py", line 1680, in _add_q
    child_clause, needed_inner = self.build_filter(
                                 ~~~~~~~~~~~~~~~~~^
        child,
        ^^^^^^
    ...<7 lines>...
        update_join_types=update_join_types,
        ^^^^^^^^^^^^^^^^^^^^^^^^^^^^^^^^^^^^
    )
    ^
  File "C:\Users\Ammar\OneDrive\Desktop\LMS_project\.venv\Lib\site-packages\django\db\models\sql\query.py", line 1528, in build_filter
    lookups, parts, reffed_expression = self.solve_lookup_type(arg, summarize)
                                        ~~~~~~~~~~~~~~~~~~~~~~^^^^^^^^^^^^^^^^
  File "C:\Users\Ammar\OneDrive\Desktop\LMS_project\.venv\Lib\site-packages\django\db\models\sql\query.py", line 1335, in solve_lookup_type
    _, field, _, lookup_parts = self.names_to_path(lookup_splitted, self.get_meta())
                                ~~~~~~~~~~~~~~~~~~^^^^^^^^^^^^^^^^^^^^^^^^^^^^^^^^^^
  File "C:\Users\Ammar\OneDrive\Desktop\LMS_project\.venv\Lib\site-packages\django\db\models\sql\query.py", line 1813, in names_to_path
    raise FieldError(
    ...<2 lines>...
    )
django.core.exceptions.FieldError: Cannot resolve keyword 'status' into field. Choices are: course, course_id, enrolled_at, id, student, student_id

ERROR 2026-07-12 12:00:01,458 log 17148 9192 Internal Server Error: /api/announcements/
ERROR 2026-07-12 12:00:01,459 basehttp 17148 9192 "GET /api/announcements/ HTTP/1.1" 500 80
WARNING 2026-07-12 12:13:58,523 exceptions 17148 11748 API error 401: Given token not valid for any token type
WARNING 2026-07-12 12:13:58,554 log 17148 11748 Unauthorized: /api/announcements/
WARNING 2026-07-12 12:13:58,559 basehttp 17148 11748 "GET /api/announcements/ HTTP/1.1" 401 274
INFO 2026-07-12 12:31:46,456 autoreload 6392 2788 Watching for file changes with StatReloader
INFO 2026-07-12 12:32:03,146 basehttp 6392 22524 "POST /api/auth/login/ HTTP/1.1" 200 747
ERROR 2026-07-12 12:32:57,371 exceptions 6392 22524 Unhandled exception: Cannot resolve keyword 'status' into field. Choices are: completed_at, course, course_id, enrolled_at, id, is_active, student, student_id
Traceback (most recent call last):
  File "C:\Users\Ammar\OneDrive\Desktop\LMS_project\.venv\Lib\site-packages\rest_framework\views.py", line 512, in dispatch
    response = handler(request, *args, **kwargs)
  File "C:\Users\Ammar\OneDrive\Desktop\LMS_project\.venv\Lib\site-packages\rest_framework\generics.py", line 243, in get
    return self.list(request, *args, **kwargs)
           ~~~~~~~~~^^^^^^^^^^^^^^^^^^^^^^^^^^
  File "C:\Users\Ammar\OneDrive\Desktop\LMS_project\apps\announcements\views.py", line 46, in list
    response = super().list(request, *args, **kwargs)
  File "C:\Users\Ammar\OneDrive\Desktop\LMS_project\.venv\Lib\site-packages\rest_framework\mixins.py", line 38, in list
    queryset = self.filter_queryset(self.get_queryset())
                                    ~~~~~~~~~~~~~~~~~^^
  File "C:\Users\Ammar\OneDrive\Desktop\LMS_project\apps\announcements\views.py", line 30, in get_queryset
    course_ids = Enrollment.objects.filter(student=user, status='active').values_list('course_id', flat=True)
                 ~~~~~~~~~~~~~~~~~~~~~~~~~^^^^^^^^^^^^^^^^^^^^^^^^^^^^^^^
  File "C:\Users\Ammar\OneDrive\Desktop\LMS_project\.venv\Lib\site-packages\django\db\models\manager.py", line 87, in manager_method
    return getattr(self.get_queryset(), name)(*args, **kwargs)
           ~~~~~~~~~~~~~~~~~~~~~~~~~~~~~~~~~~^^^^^^^^^^^^^^^^^
  File "C:\Users\Ammar\OneDrive\Desktop\LMS_project\.venv\Lib\site-packages\django\db\models\query.py", line 1495, in filter
    return self._filter_or_exclude(False, args, kwargs)
           ~~~~~~~~~~~~~~~~~~~~~~~^^^^^^^^^^^^^^^^^^^^^
  File "C:\Users\Ammar\OneDrive\Desktop\LMS_project\.venv\Lib\site-packages\django\db\models\query.py", line 1513, in _filter_or_exclude
    clone._filter_or_exclude_inplace(negate, args, kwargs)
    ~~~~~~~~~~~~~~~~~~~~~~~~~~~~~~~~^^^^^^^^^^^^^^^^^^^^^^
  File "C:\Users\Ammar\OneDrive\Desktop\LMS_project\.venv\Lib\site-packages\django\db\models\query.py", line 1523, in _filter_or_exclude_inplace
    self._query.add_q(Q(*args, **kwargs))
    ~~~~~~~~~~~~~~~~~^^^^^^^^^^^^^^^^^^^^
  File "C:\Users\Ammar\OneDrive\Desktop\LMS_project\.venv\Lib\site-packages\django\db\models\sql\query.py", line 1648, in add_q
    clause, _ = self._add_q(q_object, can_reuse)
                ~~~~~~~~~~~^^^^^^^^^^^^^^^^^^^^^
  File "C:\Users\Ammar\OneDrive\Desktop\LMS_project\.venv\Lib\site-packages\django\db\models\sql\query.py", line 1680, in _add_q
    child_clause, needed_inner = self.build_filter(
                                 ~~~~~~~~~~~~~~~~~^
        child,
        ^^^^^^
    ...<7 lines>...
        update_join_types=update_join_types,
        ^^^^^^^^^^^^^^^^^^^^^^^^^^^^^^^^^^^^
    )
    ^
  File "C:\Users\Ammar\OneDrive\Desktop\LMS_project\.venv\Lib\site-packages\django\db\models\sql\query.py", line 1528, in build_filter
    lookups, parts, reffed_expression = self.solve_lookup_type(arg, summarize)
                                        ~~~~~~~~~~~~~~~~~~~~~~^^^^^^^^^^^^^^^^
  File "C:\Users\Ammar\OneDrive\Desktop\LMS_project\.venv\Lib\site-packages\django\db\models\sql\query.py", line 1335, in solve_lookup_type
    _, field, _, lookup_parts = self.names_to_path(lookup_splitted, self.get_meta())
                                ~~~~~~~~~~~~~~~~~~^^^^^^^^^^^^^^^^^^^^^^^^^^^^^^^^^^
  File "C:\Users\Ammar\OneDrive\Desktop\LMS_project\.venv\Lib\site-packages\django\db\models\sql\query.py", line 1813, in names_to_path
    raise FieldError(
    ...<2 lines>...
    )
django.core.exceptions.FieldError: Cannot resolve keyword 'status' into field. Choices are: completed_at, course, course_id, enrolled_at, id, is_active, student, student_id

ERROR 2026-07-12 12:32:57,401 log 6392 22524 Internal Server Error: /api/announcements/
ERROR 2026-07-12 12:32:57,407 basehttp 6392 22524 "GET /api/announcements/ HTTP/1.1" 500 80
INFO 2026-07-12 12:36:44,499 autoreload 6392 2788 C:\Users\Ammar\OneDrive\Desktop\LMS_project\apps\announcements\views.py changed, reloading.
INFO 2026-07-12 12:36:48,121 autoreload 22452 7332 Watching for file changes with StatReloader
ERROR 2026-07-12 12:37:02,003 exceptions 22452 11576 Unhandled exception: argument of AND must be type boolean, not type character varying
LINE 1: ...e_id" AS "course_id" FROM "enrollments" U0 WHERE (U0."is_act...
                                                             ^

Traceback (most recent call last):
  File "C:\Users\Ammar\OneDrive\Desktop\LMS_project\.venv\Lib\site-packages\django\db\backends\utils.py", line 105, in _execute
    return self.cursor.execute(sql, params)
           ~~~~~~~~~~~~~~~~~~~^^^^^^^^^^^^^
psycopg2.errors.DatatypeMismatch: argument of AND must be type boolean, not type character varying
LINE 1: ...e_id" AS "course_id" FROM "enrollments" U0 WHERE (U0."is_act...
                                                             ^


The above exception was the direct cause of the following exception:

Traceback (most recent call last):
  File "C:\Users\Ammar\OneDrive\Desktop\LMS_project\.venv\Lib\site-packages\rest_framework\views.py", line 512, in dispatch
    response = handler(request, *args, **kwargs)
  File "C:\Users\Ammar\OneDrive\Desktop\LMS_project\.venv\Lib\site-packages\rest_framework\generics.py", line 243, in get
    return self.list(request, *args, **kwargs)
           ~~~~~~~~~^^^^^^^^^^^^^^^^^^^^^^^^^^
  File "C:\Users\Ammar\OneDrive\Desktop\LMS_project\apps\announcements\views.py", line 118, in list
    response = super().list(
        request,
        *args,
        **kwargs
    )
  File "C:\Users\Ammar\OneDrive\Desktop\LMS_project\.venv\Lib\site-packages\rest_framework\mixins.py", line 40, in list
    page = self.paginate_queryset(queryset)
  File "C:\Users\Ammar\OneDrive\Desktop\LMS_project\.venv\Lib\site-packages\rest_framework\generics.py", line 175, in paginate_queryset
    return self.paginator.paginate_queryset(queryset, self.request, view=self)
           ~~~~~~~~~~~~~~~~~~~~~~~~~~~~~~~~^^^^^^^^^^^^^^^^^^^^^^^^^^^^^^^^^^^
  File "C:\Users\Ammar\OneDrive\Desktop\LMS_project\.venv\Lib\site-packages\rest_framework\pagination.py", line 202, in paginate_queryset
    self.page = paginator.page(page_number)
                ~~~~~~~~~~~~~~^^^^^^^^^^^^^
  File "C:\Users\Ammar\OneDrive\Desktop\LMS_project\.venv\Lib\site-packages\django\core\paginator.py", line 89, in page
    number = self.validate_number(number)
  File "C:\Users\Ammar\OneDrive\Desktop\LMS_project\.venv\Lib\site-packages\django\core\paginator.py", line 70, in validate_number
    if number > self.num_pages:
                ^^^^^^^^^^^^^^
  File "C:\Users\Ammar\OneDrive\Desktop\LMS_project\.venv\Lib\site-packages\django\utils\functional.py", line 47, in __get__
    res = instance.__dict__[self.name] = self.func(instance)
                                         ~~~~~~~~~^^^^^^^^^^
  File "C:\Users\Ammar\OneDrive\Desktop\LMS_project\.venv\Lib\site-packages\django\core\paginator.py", line 116, in num_pages
    if self.count == 0 and not self.allow_empty_first_page:
       ^^^^^^^^^^
  File "C:\Users\Ammar\OneDrive\Desktop\LMS_project\.venv\Lib\site-packages\django\utils\functional.py", line 47, in __get__
    res = instance.__dict__[self.name] = self.func(instance)
                                         ~~~~~~~~~^^^^^^^^^^
  File "C:\Users\Ammar\OneDrive\Desktop\LMS_project\.venv\Lib\site-packages\django\core\paginator.py", line 110, in count
    return c()
  File "C:\Users\Ammar\OneDrive\Desktop\LMS_project\.venv\Lib\site-packages\django\db\models\query.py", line 606, in count
    return self.query.get_count(using=self.db)
           ~~~~~~~~~~~~~~~~~~~~^^^^^^^^^^^^^^^
  File "C:\Users\Ammar\OneDrive\Desktop\LMS_project\.venv\Lib\site-packages\django\db\models\sql\query.py", line 646, in get_count
    return obj.get_aggregation(using, {"__count": Count("*")})["__count"]
           ~~~~~~~~~~~~~~~~~~~^^^^^^^^^^^^^^^^^^^^^^^^^^^^^^^^
  File "C:\Users\Ammar\OneDrive\Desktop\LMS_project\.venv\Lib\site-packages\django\db\models\sql\query.py", line 628, in get_aggregation
    result = compiler.execute_sql(SINGLE)
  File "C:\Users\Ammar\OneDrive\Desktop\LMS_project\.venv\Lib\site-packages\django\db\models\sql\compiler.py", line 1623, in execute_sql
    cursor.execute(sql, params)
    ~~~~~~~~~~~~~~^^^^^^^^^^^^^
  File "C:\Users\Ammar\OneDrive\Desktop\LMS_project\.venv\Lib\site-packages\django\db\backends\utils.py", line 122, in execute
    return super().execute(sql, params)
           ~~~~~~~~~~~~~~~^^^^^^^^^^^^^
  File "C:\Users\Ammar\OneDrive\Desktop\LMS_project\.venv\Lib\site-packages\django\db\backends\utils.py", line 79, in execute
    return self._execute_with_wrappers(
           ~~~~~~~~~~~~~~~~~~~~~~~~~~~^
        sql, params, many=False, executor=self._execute
        ^^^^^^^^^^^^^^^^^^^^^^^^^^^^^^^^^^^^^^^^^^^^^^^
    )
    ^
  File "C:\Users\Ammar\OneDrive\Desktop\LMS_project\.venv\Lib\site-packages\django\db\backends\utils.py", line 92, in _execute_with_wrappers
    return executor(sql, params, many, context)
  File "C:\Users\Ammar\OneDrive\Desktop\LMS_project\.venv\Lib\site-packages\django\db\backends\utils.py", line 100, in _execute
    with self.db.wrap_database_errors:
         ^^^^^^^^^^^^^^^^^^^^^^^^^^^^
  File "C:\Users\Ammar\OneDrive\Desktop\LMS_project\.venv\Lib\site-packages\django\db\utils.py", line 91, in __exit__
    raise dj_exc_value.with_traceback(traceback) from exc_value
  File "C:\Users\Ammar\OneDrive\Desktop\LMS_project\.venv\Lib\site-packages\django\db\backends\utils.py", line 105, in _execute
    return self.cursor.execute(sql, params)
           ~~~~~~~~~~~~~~~~~~~^^^^^^^^^^^^^
django.db.utils.ProgrammingError: argument of AND must be type boolean, not type character varying
LINE 1: ...e_id" AS "course_id" FROM "enrollments" U0 WHERE (U0."is_act...
                                                             ^


ERROR 2026-07-12 12:37:02,028 log 22452 11576 Internal Server Error: /api/announcements/
ERROR 2026-07-12 12:37:02,036 basehttp 22452 11576 "GET /api/announcements/ HTTP/1.1" 500 80
ERROR 2026-07-12 12:52:03,273 exceptions 22452 22076 Unhandled exception: operator does not exist: uuid = integer
LINE 1: ...U0 WHERE (U0."is_active" AND U0."student_auth_id" = 83)) AND...
                                                             ^
HINT:  No operator matches the given name and argument types. You might need to add explicit type casts.

Traceback (most recent call last):
  File "C:\Users\Ammar\OneDrive\Desktop\LMS_project\.venv\Lib\site-packages\django\db\backends\utils.py", line 105, in _execute
    return self.cursor.execute(sql, params)
           ~~~~~~~~~~~~~~~~~~~^^^^^^^^^^^^^
psycopg2.errors.UndefinedFunction: operator does not exist: uuid = integer
LINE 1: ...U0 WHERE (U0."is_active" AND U0."student_auth_id" = 83)) AND...
                                                             ^
HINT:  No operator matches the given name and argument types. You might need to add explicit type casts.


The above exception was the direct cause of the following exception:

Traceback (most recent call last):
  File "C:\Users\Ammar\OneDrive\Desktop\LMS_project\.venv\Lib\site-packages\rest_framework\views.py", line 512, in dispatch
    response = handler(request, *args, **kwargs)
  File "C:\Users\Ammar\OneDrive\Desktop\LMS_project\.venv\Lib\site-packages\rest_framework\generics.py", line 243, in get
    return self.list(request, *args, **kwargs)
           ~~~~~~~~~^^^^^^^^^^^^^^^^^^^^^^^^^^
  File "C:\Users\Ammar\OneDrive\Desktop\LMS_project\apps\announcements\views.py", line 118, in list
    response = super().list(
        request,
        *args,
        **kwargs
    )
  File "C:\Users\Ammar\OneDrive\Desktop\LMS_project\.venv\Lib\site-packages\rest_framework\mixins.py", line 40, in list
    page = self.paginate_queryset(queryset)
  File "C:\Users\Ammar\OneDrive\Desktop\LMS_project\.venv\Lib\site-packages\rest_framework\generics.py", line 175, in paginate_queryset
    return self.paginator.paginate_queryset(queryset, self.request, view=self)
           ~~~~~~~~~~~~~~~~~~~~~~~~~~~~~~~~^^^^^^^^^^^^^^^^^^^^^^^^^^^^^^^^^^^
  File "C:\Users\Ammar\OneDrive\Desktop\LMS_project\.venv\Lib\site-packages\rest_framework\pagination.py", line 202, in paginate_queryset
    self.page = paginator.page(page_number)
                ~~~~~~~~~~~~~~^^^^^^^^^^^^^
  File "C:\Users\Ammar\OneDrive\Desktop\LMS_project\.venv\Lib\site-packages\django\core\paginator.py", line 89, in page
    number = self.validate_number(number)
  File "C:\Users\Ammar\OneDrive\Desktop\LMS_project\.venv\Lib\site-packages\django\core\paginator.py", line 70, in validate_number
    if number > self.num_pages:
                ^^^^^^^^^^^^^^
  File "C:\Users\Ammar\OneDrive\Desktop\LMS_project\.venv\Lib\site-packages\django\utils\functional.py", line 47, in __get__
    res = instance.__dict__[self.name] = self.func(instance)
                                         ~~~~~~~~~^^^^^^^^^^
  File "C:\Users\Ammar\OneDrive\Desktop\LMS_project\.venv\Lib\site-packages\django\core\paginator.py", line 116, in num_pages
    if self.count == 0 and not self.allow_empty_first_page:
       ^^^^^^^^^^
  File "C:\Users\Ammar\OneDrive\Desktop\LMS_project\.venv\Lib\site-packages\django\utils\functional.py", line 47, in __get__
    res = instance.__dict__[self.name] = self.func(instance)
                                         ~~~~~~~~~^^^^^^^^^^
  File "C:\Users\Ammar\OneDrive\Desktop\LMS_project\.venv\Lib\site-packages\django\core\paginator.py", line 110, in count
    return c()
  File "C:\Users\Ammar\OneDrive\Desktop\LMS_project\.venv\Lib\site-packages\django\db\models\query.py", line 606, in count
    return self.query.get_count(using=self.db)
           ~~~~~~~~~~~~~~~~~~~~^^^^^^^^^^^^^^^
  File "C:\Users\Ammar\OneDrive\Desktop\LMS_project\.venv\Lib\site-packages\django\db\models\sql\query.py", line 646, in get_count
    return obj.get_aggregation(using, {"__count": Count("*")})["__count"]
           ~~~~~~~~~~~~~~~~~~~^^^^^^^^^^^^^^^^^^^^^^^^^^^^^^^^
  File "C:\Users\Ammar\OneDrive\Desktop\LMS_project\.venv\Lib\site-packages\django\db\models\sql\query.py", line 628, in get_aggregation
    result = compiler.execute_sql(SINGLE)
  File "C:\Users\Ammar\OneDrive\Desktop\LMS_project\.venv\Lib\site-packages\django\db\models\sql\compiler.py", line 1623, in execute_sql
    cursor.execute(sql, params)
    ~~~~~~~~~~~~~~^^^^^^^^^^^^^
  File "C:\Users\Ammar\OneDrive\Desktop\LMS_project\.venv\Lib\site-packages\django\db\backends\utils.py", line 122, in execute
    return super().execute(sql, params)
           ~~~~~~~~~~~~~~~^^^^^^^^^^^^^
  File "C:\Users\Ammar\OneDrive\Desktop\LMS_project\.venv\Lib\site-packages\django\db\backends\utils.py", line 79, in execute
    return self._execute_with_wrappers(
           ~~~~~~~~~~~~~~~~~~~~~~~~~~~^
        sql, params, many=False, executor=self._execute
        ^^^^^^^^^^^^^^^^^^^^^^^^^^^^^^^^^^^^^^^^^^^^^^^
    )
    ^
  File "C:\Users\Ammar\OneDrive\Desktop\LMS_project\.venv\Lib\site-packages\django\db\backends\utils.py", line 92, in _execute_with_wrappers
    return executor(sql, params, many, context)
  File "C:\Users\Ammar\OneDrive\Desktop\LMS_project\.venv\Lib\site-packages\django\db\backends\utils.py", line 100, in _execute
    with self.db.wrap_database_errors:
         ^^^^^^^^^^^^^^^^^^^^^^^^^^^^
  File "C:\Users\Ammar\OneDrive\Desktop\LMS_project\.venv\Lib\site-packages\django\db\utils.py", line 91, in __exit__
    raise dj_exc_value.with_traceback(traceback) from exc_value
  File "C:\Users\Ammar\OneDrive\Desktop\LMS_project\.venv\Lib\site-packages\django\db\backends\utils.py", line 105, in _execute
    return self.cursor.execute(sql, params)
           ~~~~~~~~~~~~~~~~~~~^^^^^^^^^^^^^
django.db.utils.ProgrammingError: operator does not exist: uuid = integer
LINE 1: ...U0 WHERE (U0."is_active" AND U0."student_auth_id" = 83)) AND...
                                                             ^
HINT:  No operator matches the given name and argument types. You might need to add explicit type casts.


ERROR 2026-07-12 12:52:03,317 log 22452 22076 Internal Server Error: /api/announcements/
ERROR 2026-07-12 12:52:03,323 basehttp 22452 22076 "GET /api/announcements/ HTTP/1.1" 500 80
INFO 2026-07-16 21:43:50,793 autoreload 5360 22308 Watching for file changes with StatReloader
INFO 2026-07-16 21:45:40,371 basehttp 5360 4608 "POST /api/auth/login/ HTTP/1.1" 200 747
WARNING 2026-07-16 21:46:02,428 exceptions 5360 4608 API error 401: Given token not valid for any token type
WARNING 2026-07-16 21:46:02,464 log 5360 4608 Unauthorized: /api/announcements/
WARNING 2026-07-16 21:46:02,471 basehttp 5360 4608 "GET /api/announcements/ HTTP/1.1" 401 274
ERROR 2026-07-16 21:47:57,717 exceptions 5360 12988 Unhandled exception: operator does not exist: uuid = integer
LINE 1: ...ent" U0 WHERE (U0."is_active" AND U0."student_id" = 83)) AND...
                                                             ^
HINT:  No operator matches the given name and argument types. You might need to add explicit type casts.

Traceback (most recent call last):
  File "C:\Users\Ammar\OneDrive\Desktop\LMS_project\.venv\Lib\site-packages\django\db\backends\utils.py", line 105, in _execute
    return self.cursor.execute(sql, params)
           ~~~~~~~~~~~~~~~~~~~^^^^^^^^^^^^^
psycopg2.errors.UndefinedFunction: operator does not exist: uuid = integer
LINE 1: ...ent" U0 WHERE (U0."is_active" AND U0."student_id" = 83)) AND...
                                                             ^
HINT:  No operator matches the given name and argument types. You might need to add explicit type casts.


The above exception was the direct cause of the following exception:

Traceback (most recent call last):
  File "C:\Users\Ammar\OneDrive\Desktop\LMS_project\.venv\Lib\site-packages\rest_framework\views.py", line 512, in dispatch
    response = handler(request, *args, **kwargs)
  File "C:\Users\Ammar\OneDrive\Desktop\LMS_project\.venv\Lib\site-packages\rest_framework\generics.py", line 243, in get
    return self.list(request, *args, **kwargs)
           ~~~~~~~~~^^^^^^^^^^^^^^^^^^^^^^^^^^
  File "C:\Users\Ammar\OneDrive\Desktop\LMS_project\apps\announcements\views.py", line 118, in list
    response = super().list(
        request,
        *args,
        **kwargs
    )
  File "C:\Users\Ammar\OneDrive\Desktop\LMS_project\.venv\Lib\site-packages\rest_framework\mixins.py", line 40, in list
    page = self.paginate_queryset(queryset)
  File "C:\Users\Ammar\OneDrive\Desktop\LMS_project\.venv\Lib\site-packages\rest_framework\generics.py", line 175, in paginate_queryset
    return self.paginator.paginate_queryset(queryset, self.request, view=self)
           ~~~~~~~~~~~~~~~~~~~~~~~~~~~~~~~~^^^^^^^^^^^^^^^^^^^^^^^^^^^^^^^^^^^
  File "C:\Users\Ammar\OneDrive\Desktop\LMS_project\.venv\Lib\site-packages\rest_framework\pagination.py", line 202, in paginate_queryset
    self.page = paginator.page(page_number)
                ~~~~~~~~~~~~~~^^^^^^^^^^^^^
  File "C:\Users\Ammar\OneDrive\Desktop\LMS_project\.venv\Lib\site-packages\django\core\paginator.py", line 89, in page
    number = self.validate_number(number)
  File "C:\Users\Ammar\OneDrive\Desktop\LMS_project\.venv\Lib\site-packages\django\core\paginator.py", line 70, in validate_number
    if number > self.num_pages:
                ^^^^^^^^^^^^^^
  File "C:\Users\Ammar\OneDrive\Desktop\LMS_project\.venv\Lib\site-packages\django\utils\functional.py", line 47, in __get__
    res = instance.__dict__[self.name] = self.func(instance)
                                         ~~~~~~~~~^^^^^^^^^^
  File "C:\Users\Ammar\OneDrive\Desktop\LMS_project\.venv\Lib\site-packages\django\core\paginator.py", line 116, in num_pages
    if self.count == 0 and not self.allow_empty_first_page:
       ^^^^^^^^^^
  File "C:\Users\Ammar\OneDrive\Desktop\LMS_project\.venv\Lib\site-packages\django\utils\functional.py", line 47, in __get__
    res = instance.__dict__[self.name] = self.func(instance)
                                         ~~~~~~~~~^^^^^^^^^^
  File "C:\Users\Ammar\OneDrive\Desktop\LMS_project\.venv\Lib\site-packages\django\core\paginator.py", line 110, in count
    return c()
  File "C:\Users\Ammar\OneDrive\Desktop\LMS_project\.venv\Lib\site-packages\django\db\models\query.py", line 606, in count
    return self.query.get_count(using=self.db)
           ~~~~~~~~~~~~~~~~~~~~^^^^^^^^^^^^^^^
  File "C:\Users\Ammar\OneDrive\Desktop\LMS_project\.venv\Lib\site-packages\django\db\models\sql\query.py", line 646, in get_count
    return obj.get_aggregation(using, {"__count": Count("*")})["__count"]
           ~~~~~~~~~~~~~~~~~~~^^^^^^^^^^^^^^^^^^^^^^^^^^^^^^^^
  File "C:\Users\Ammar\OneDrive\Desktop\LMS_project\.venv\Lib\site-packages\django\db\models\sql\query.py", line 628, in get_aggregation
    result = compiler.execute_sql(SINGLE)
  File "C:\Users\Ammar\OneDrive\Desktop\LMS_project\.venv\Lib\site-packages\django\db\models\sql\compiler.py", line 1623, in execute_sql
    cursor.execute(sql, params)
    ~~~~~~~~~~~~~~^^^^^^^^^^^^^
  File "C:\Users\Ammar\OneDrive\Desktop\LMS_project\.venv\Lib\site-packages\django\db\backends\utils.py", line 122, in execute
    return super().execute(sql, params)
           ~~~~~~~~~~~~~~~^^^^^^^^^^^^^
  File "C:\Users\Ammar\OneDrive\Desktop\LMS_project\.venv\Lib\site-packages\django\db\backends\utils.py", line 79, in execute
    return self._execute_with_wrappers(
           ~~~~~~~~~~~~~~~~~~~~~~~~~~~^
        sql, params, many=False, executor=self._execute
        ^^^^^^^^^^^^^^^^^^^^^^^^^^^^^^^^^^^^^^^^^^^^^^^
    )
    ^
  File "C:\Users\Ammar\OneDrive\Desktop\LMS_project\.venv\Lib\site-packages\django\db\backends\utils.py", line 92, in _execute_with_wrappers
    return executor(sql, params, many, context)
  File "C:\Users\Ammar\OneDrive\Desktop\LMS_project\.venv\Lib\site-packages\django\db\backends\utils.py", line 100, in _execute
    with self.db.wrap_database_errors:
         ^^^^^^^^^^^^^^^^^^^^^^^^^^^^
  File "C:\Users\Ammar\OneDrive\Desktop\LMS_project\.venv\Lib\site-packages\django\db\utils.py", line 91, in __exit__
    raise dj_exc_value.with_traceback(traceback) from exc_value
  File "C:\Users\Ammar\OneDrive\Desktop\LMS_project\.venv\Lib\site-packages\django\db\backends\utils.py", line 105, in _execute
    return self.cursor.execute(sql, params)
           ~~~~~~~~~~~~~~~~~~~^^^^^^^^^^^^^
django.db.utils.ProgrammingError: operator does not exist: uuid = integer
LINE 1: ...ent" U0 WHERE (U0."is_active" AND U0."student_id" = 83)) AND...
                                                             ^
HINT:  No operator matches the given name and argument types. You might need to add explicit type casts.


ERROR 2026-07-16 21:47:57,762 log 5360 12988 Internal Server Error: /api/announcements/
ERROR 2026-07-16 21:47:57,771 basehttp 5360 12988 "GET /api/announcements/ HTTP/1.1" 500 80
INFO 2026-07-16 21:50:53,345 autoreload 4688 15808 Watching for file changes with StatReloader
INFO 2026-07-16 22:14:11,207 autoreload 4504 1768 Watching for file changes with StatReloader
INFO 2026-07-16 22:14:20,122 basehttp 4504 9452 "POST /api/auth/login/ HTTP/1.1" 200 747
INFO 2026-07-16 22:14:29,521 basehttp 4504 9452 "POST /api/auth/login/ HTTP/1.1" 200 747
INFO 2026-07-16 22:15:22,936 basehttp 4504 9452 "GET /api/announcements/ HTTP/1.1" 200 76
WARNING 2026-07-16 22:19:19,714 exceptions 4504 7000 API error 401: Authentication credentials were not provided.
WARNING 2026-07-16 22:19:19,770 log 4504 7000 Unauthorized: /api/announcements/
WARNING 2026-07-16 22:19:19,777 basehttp 4504 7000 "POST /api/announcements/ HTTP/1.1" 401 165
WARNING 2026-07-16 22:23:34,485 exceptions 4504 12020 API error 403: You do not have permission to perform this action.
INFO 2026-07-16 22:23:34,511 middleware 4504 12020 user=83 method=POST path=/api/announcements/ status=403 ip=127.0.0.1
WARNING 2026-07-16 22:23:34,518 log 4504 12020 Forbidden: /api/announcements/
WARNING 2026-07-16 22:23:34,526 basehttp 4504 12020 "POST /api/announcements/ HTTP/1.1" 403 175
INFO 2026-07-16 22:36:03,027 autoreload 784 1172 Watching for file changes with StatReloader
INFO 2026-07-16 22:36:12,202 basehttp 784 18200 "POST /api/auth/login/ HTTP/1.1" 200 758
WARNING 2026-07-16 22:37:01,778 exceptions 784 18200 API error 400: course: Invalid pk "1" - object does not exist.
INFO 2026-07-16 22:37:01,798 middleware 784 18200 user=83 method=POST path=/api/announcements/ status=400 ip=127.0.0.1
WARNING 2026-07-16 22:37:01,810 log 784 18200 Bad Request: /api/announcements/
WARNING 2026-07-16 22:37:01,815 basehttp 784 18200 "POST /api/announcements/ HTTP/1.1" 400 167
INFO 2026-07-16 22:40:14,168 autoreload 6540 17080 Watching for file changes with StatReloader
INFO 2026-07-16 22:40:23,522 middleware 6540 8876 user=83 method=POST path=/api/announcements/ status=201 ip=127.0.0.1
INFO 2026-07-16 22:40:23,525 basehttp 6540 8876 "POST /api/announcements/ HTTP/1.1" 201 319
WARNING 2026-07-16 22:57:54,348 log 6540 18388 Bad Request: /api/auth/register/
WARNING 2026-07-16 22:57:54,362 basehttp 6540 18388 "POST /api/auth/register/ HTTP/1.1" 400 134
WARNING 2026-07-16 22:58:28,524 exceptions 6540 18388 API error 401: Given token not valid for any token type
WARNING 2026-07-16 22:58:28,555 log 6540 18388 Unauthorized: /api/enrollments/enroll/
WARNING 2026-07-16 22:58:28,562 basehttp 6540 18388 "POST /api/enrollments/enroll/ HTTP/1.1" 401 274
WARNING 2026-07-16 23:02:09,003 exceptions 6540 12968 API error 401: Given token not valid for any token type
WARNING 2026-07-16 23:02:09,035 log 6540 12968 Unauthorized: /api/courses/
WARNING 2026-07-16 23:02:09,042 basehttp 6540 12968 "GET /api/courses/ HTTP/1.1" 401 274
WARNING 2026-07-16 23:03:31,286 exceptions 6540 13872 API error 401: Token is blacklisted
WARNING 2026-07-16 23:03:31,317 log 6540 13872 Unauthorized: /api/auth/token/refresh/
WARNING 2026-07-16 23:03:31,329 basehttp 6540 13872 "POST /api/auth/token/refresh/ HTTP/1.1" 401 140
INFO 2026-07-16 23:05:08,103 basehttp 6540 7708 "POST /api/auth/login/ HTTP/1.1" 200 758
INFO 2026-07-16 23:05:42,239 basehttp 6540 7708 "GET /api/courses/ HTTP/1.1" 200 4708
WARNING 2026-07-16 23:08:18,574 exceptions 6540 17632 API error 401: Given token not valid for any token type
WARNING 2026-07-16 23:08:18,608 log 6540 17632 Unauthorized: /api/courses/
WARNING 2026-07-16 23:08:18,621 basehttp 6540 17632 "POST /api/courses/ HTTP/1.1" 401 274
WARNING 2026-07-16 23:09:59,233 exceptions 6540 14964 API error 400: title: This field is required.
INFO 2026-07-16 23:09:59,352 middleware 6540 14964 user=83 method=POST path=/api/courses/ status=400 ip=127.0.0.1
WARNING 2026-07-16 23:09:59,420 log 6540 14964 Bad Request: /api/courses/
WARNING 2026-07-16 23:09:59,476 basehttp 6540 14964 "POST /api/courses/ HTTP/1.1" 400 171
INFO 2026-07-16 23:14:09,584 autoreload 10412 10460 Watching for file changes with StatReloader
ERROR 2026-07-16 23:14:18,327 exceptions 10412 19472 Unhandled exception: null value in column "short_description" of relation "courses_course" violates not-null constraint
DETAIL:  Failing row contains (14, Django REST Framework, django-rest-framework, Learn backend API development using Django and DRF., null, , 0.00, null, null, published, 20, null, null, null, null, 2026-07-16 17:44:18.158166+00, 2026-07-16 17:44:18.158188+00, 1, 83, null).

Traceback (most recent call last):
  File "C:\Users\Ammar\OneDrive\Desktop\LMS_project\.venv\Lib\site-packages\django\db\backends\utils.py", line 105, in _execute
    return self.cursor.execute(sql, params)
           ~~~~~~~~~~~~~~~~~~~^^^^^^^^^^^^^
psycopg2.errors.NotNullViolation: null value in column "short_description" of relation "courses_course" violates not-null constraint
DETAIL:  Failing row contains (14, Django REST Framework, django-rest-framework, Learn backend API development using Django and DRF., null, , 0.00, null, null, published, 20, null, null, null, null, 2026-07-16 17:44:18.158166+00, 2026-07-16 17:44:18.158188+00, 1, 83, null).


The above exception was the direct cause of the following exception:

Traceback (most recent call last):
  File "C:\Users\Ammar\OneDrive\Desktop\LMS_project\.venv\Lib\site-packages\rest_framework\views.py", line 512, in dispatch
    response = handler(request, *args, **kwargs)
  File "C:\Users\Ammar\OneDrive\Desktop\LMS_project\.venv\Lib\site-packages\rest_framework\mixins.py", line 19, in create
    self.perform_create(serializer)
    ~~~~~~~~~~~~~~~~~~~^^^^^^^^^^^^
  File "C:\Users\Ammar\OneDrive\Desktop\LMS_project\apps\courses\views.py", line 189, in perform_create
    serializer.save(
    ~~~~~~~~~~~~~~~^
        instructor=self.request.user
        ^^^^^^^^^^^^^^^^^^^^^^^^^^^^
    )
    ^
  File "C:\Users\Ammar\OneDrive\Desktop\LMS_project\.venv\Lib\site-packages\rest_framework\serializers.py", line 210, in save
    self.instance = self.create(validated_data)
                    ~~~~~~~~~~~^^^^^^^^^^^^^^^^
  File "C:\Users\Ammar\OneDrive\Desktop\LMS_project\apps\courses\serializers.py", line 158, in create
    return super().create(
           ~~~~~~~~~~~~~~^
        validated_data
        ^^^^^^^^^^^^^^
    )
    ^
  File "C:\Users\Ammar\OneDrive\Desktop\LMS_project\.venv\Lib\site-packages\rest_framework\serializers.py", line 1011, in create
    instance = ModelClass._default_manager.create(**validated_data)
  File "C:\Users\Ammar\OneDrive\Desktop\LMS_project\.venv\Lib\site-packages\django\db\models\manager.py", line 87, in manager_method
    return getattr(self.get_queryset(), name)(*args, **kwargs)
           ~~~~~~~~~~~~~~~~~~~~~~~~~~~~~~~~~~^^^^^^^^^^^^^^^^^
  File "C:\Users\Ammar\OneDrive\Desktop\LMS_project\.venv\Lib\site-packages\django\db\models\query.py", line 665, in create
    obj.save(force_insert=True, using=self.db)
    ~~~~~~~~^^^^^^^^^^^^^^^^^^^^^^^^^^^^^^^^^^
  File "C:\Users\Ammar\OneDrive\Desktop\LMS_project\.venv\Lib\site-packages\django\db\models\base.py", line 902, in save
    self.save_base(
    ~~~~~~~~~~~~~~^
        using=using,
        ^^^^^^^^^^^^
    ...<2 lines>...
        update_fields=update_fields,
        ^^^^^^^^^^^^^^^^^^^^^^^^^^^^
    )
    ^
  File "C:\Users\Ammar\OneDrive\Desktop\LMS_project\.venv\Lib\site-packages\django\db\models\base.py", line 1008, in save_base
    updated = self._save_table(
        raw,
    ...<4 lines>...
        update_fields,
    )
  File "C:\Users\Ammar\OneDrive\Desktop\LMS_project\.venv\Lib\site-packages\django\db\models\base.py", line 1169, in _save_table
    results = self._do_insert(
        cls._base_manager, using, fields, returning_fields, raw
    )
  File "C:\Users\Ammar\OneDrive\Desktop\LMS_project\.venv\Lib\site-packages\django\db\models\base.py", line 1210, in _do_insert
    return manager._insert(
           ~~~~~~~~~~~~~~~^
        [self],
        ^^^^^^^
    ...<3 lines>...
        raw=raw,
        ^^^^^^^^
    )
    ^
  File "C:\Users\Ammar\OneDrive\Desktop\LMS_project\.venv\Lib\site-packages\django\db\models\manager.py", line 87, in manager_method
    return getattr(self.get_queryset(), name)(*args, **kwargs)
           ~~~~~~~~~~~~~~~~~~~~~~~~~~~~~~~~~~^^^^^^^^^^^^^^^^^
  File "C:\Users\Ammar\OneDrive\Desktop\LMS_project\.venv\Lib\site-packages\django\db\models\query.py", line 1873, in _insert
    return query.get_compiler(using=using).execute_sql(returning_fields)
           ~~~~~~~~~~~~~~~~~~~~~~~~~~~~~~~~~~~~~~~~~~~^^^^^^^^^^^^^^^^^^
  File "C:\Users\Ammar\OneDrive\Desktop\LMS_project\.venv\Lib\site-packages\django\db\models\sql\compiler.py", line 1882, in execute_sql
    cursor.execute(sql, params)
    ~~~~~~~~~~~~~~^^^^^^^^^^^^^
  File "C:\Users\Ammar\OneDrive\Desktop\LMS_project\.venv\Lib\site-packages\django\db\backends\utils.py", line 122, in execute
    return super().execute(sql, params)
           ~~~~~~~~~~~~~~~^^^^^^^^^^^^^
  File "C:\Users\Ammar\OneDrive\Desktop\LMS_project\.venv\Lib\site-packages\django\db\backends\utils.py", line 79, in execute
    return self._execute_with_wrappers(
           ~~~~~~~~~~~~~~~~~~~~~~~~~~~^
        sql, params, many=False, executor=self._execute
        ^^^^^^^^^^^^^^^^^^^^^^^^^^^^^^^^^^^^^^^^^^^^^^^
    )
    ^
  File "C:\Users\Ammar\OneDrive\Desktop\LMS_project\.venv\Lib\site-packages\django\db\backends\utils.py", line 92, in _execute_with_wrappers
    return executor(sql, params, many, context)
  File "C:\Users\Ammar\OneDrive\Desktop\LMS_project\.venv\Lib\site-packages\django\db\backends\utils.py", line 100, in _execute
    with self.db.wrap_database_errors:
         ^^^^^^^^^^^^^^^^^^^^^^^^^^^^
  File "C:\Users\Ammar\OneDrive\Desktop\LMS_project\.venv\Lib\site-packages\django\db\utils.py", line 91, in __exit__
    raise dj_exc_value.with_traceback(traceback) from exc_value
  File "C:\Users\Ammar\OneDrive\Desktop\LMS_project\.venv\Lib\site-packages\django\db\backends\utils.py", line 105, in _execute
    return self.cursor.execute(sql, params)
           ~~~~~~~~~~~~~~~~~~~^^^^^^^^^^^^^
django.db.utils.IntegrityError: null value in column "short_description" of relation "courses_course" violates not-null constraint
DETAIL:  Failing row contains (14, Django REST Framework, django-rest-framework, Learn backend API development using Django and DRF., null, , 0.00, null, null, published, 20, null, null, null, null, 2026-07-16 17:44:18.158166+00, 2026-07-16 17:44:18.158188+00, 1, 83, null).


INFO 2026-07-16 23:14:18,339 middleware 10412 19472 user=83 method=POST path=/api/courses/ status=500 ip=127.0.0.1
ERROR 2026-07-16 23:14:18,352 log 10412 19472 Internal Server Error: /api/courses/
ERROR 2026-07-16 23:14:18,353 basehttp 10412 19472 "POST /api/courses/ HTTP/1.1" 500 80
INFO 2026-07-16 23:16:52,502 autoreload 10412 10460 C:\Users\Ammar\OneDrive\Desktop\LMS_project\apps\courses\serializers.py changed, reloading.
INFO 2026-07-16 23:16:55,377 autoreload 20892 10232 Watching for file changes with StatReloader
INFO 2026-07-16 23:18:29,387 autoreload 20892 10232 C:\Users\Ammar\OneDrive\Desktop\LMS_project\apps\courses\serializers.py changed, reloading.
INFO 2026-07-16 23:18:32,157 autoreload 18012 12956 Watching for file changes with StatReloader
ERROR 2026-07-16 23:18:40,860 exceptions 18012 5044 Unhandled exception: null value in column "short_description" of relation "courses_course" violates not-null constraint
DETAIL:  Failing row contains (15, Django REST Framework, django-rest-framework, Learn backend API development using Django and DRF., null, , 0.00, null, null, published, 20, null, null, null, null, 2026-07-16 17:48:40.738774+00, 2026-07-16 17:48:40.738815+00, 1, 83, null).

Traceback (most recent call last):
  File "C:\Users\Ammar\OneDrive\Desktop\LMS_project\.venv\Lib\site-packages\django\db\backends\utils.py", line 105, in _execute
    return self.cursor.execute(sql, params)
           ~~~~~~~~~~~~~~~~~~~^^^^^^^^^^^^^
psycopg2.errors.NotNullViolation: null value in column "short_description" of relation "courses_course" violates not-null constraint
DETAIL:  Failing row contains (15, Django REST Framework, django-rest-framework, Learn backend API development using Django and DRF., null, , 0.00, null, null, published, 20, null, null, null, null, 2026-07-16 17:48:40.738774+00, 2026-07-16 17:48:40.738815+00, 1, 83, null).


The above exception was the direct cause of the following exception:

Traceback (most recent call last):
  File "C:\Users\Ammar\OneDrive\Desktop\LMS_project\.venv\Lib\site-packages\rest_framework\views.py", line 512, in dispatch
    response = handler(request, *args, **kwargs)
  File "C:\Users\Ammar\OneDrive\Desktop\LMS_project\.venv\Lib\site-packages\rest_framework\mixins.py", line 19, in create
    self.perform_create(serializer)
    ~~~~~~~~~~~~~~~~~~~^^^^^^^^^^^^
  File "C:\Users\Ammar\OneDrive\Desktop\LMS_project\apps\courses\views.py", line 189, in perform_create
    serializer.save(
    ~~~~~~~~~~~~~~~^
        instructor=self.request.user
        ^^^^^^^^^^^^^^^^^^^^^^^^^^^^
    )
    ^
  File "C:\Users\Ammar\OneDrive\Desktop\LMS_project\.venv\Lib\site-packages\rest_framework\serializers.py", line 210, in save
    self.instance = self.create(validated_data)
                    ~~~~~~~~~~~^^^^^^^^^^^^^^^^
  File "C:\Users\Ammar\OneDrive\Desktop\LMS_project\apps\courses\serializers.py", line 152, in create
    return Course.objects.create(
           ~~~~~~~~~~~~~~~~~~~~~^
        **validated_data
        ^^^^^^^^^^^^^^^^
    )
    ^
  File "C:\Users\Ammar\OneDrive\Desktop\LMS_project\.venv\Lib\site-packages\django\db\models\manager.py", line 87, in manager_method
    return getattr(self.get_queryset(), name)(*args, **kwargs)
           ~~~~~~~~~~~~~~~~~~~~~~~~~~~~~~~~~~^^^^^^^^^^^^^^^^^
  File "C:\Users\Ammar\OneDrive\Desktop\LMS_project\.venv\Lib\site-packages\django\db\models\query.py", line 665, in create
    obj.save(force_insert=True, using=self.db)
    ~~~~~~~~^^^^^^^^^^^^^^^^^^^^^^^^^^^^^^^^^^
  File "C:\Users\Ammar\OneDrive\Desktop\LMS_project\.venv\Lib\site-packages\django\db\models\base.py", line 902, in save
    self.save_base(
    ~~~~~~~~~~~~~~^
        using=using,
        ^^^^^^^^^^^^
    ...<2 lines>...
        update_fields=update_fields,
        ^^^^^^^^^^^^^^^^^^^^^^^^^^^^
    )
    ^
  File "C:\Users\Ammar\OneDrive\Desktop\LMS_project\.venv\Lib\site-packages\django\db\models\base.py", line 1008, in save_base
    updated = self._save_table(
        raw,
    ...<4 lines>...
        update_fields,
    )
  File "C:\Users\Ammar\OneDrive\Desktop\LMS_project\.venv\Lib\site-packages\django\db\models\base.py", line 1169, in _save_table
    results = self._do_insert(
        cls._base_manager, using, fields, returning_fields, raw
    )
  File "C:\Users\Ammar\OneDrive\Desktop\LMS_project\.venv\Lib\site-packages\django\db\models\base.py", line 1210, in _do_insert
    return manager._insert(
           ~~~~~~~~~~~~~~~^
        [self],
        ^^^^^^^
    ...<3 lines>...
        raw=raw,
        ^^^^^^^^
    )
    ^
  File "C:\Users\Ammar\OneDrive\Desktop\LMS_project\.venv\Lib\site-packages\django\db\models\manager.py", line 87, in manager_method
    return getattr(self.get_queryset(), name)(*args, **kwargs)
           ~~~~~~~~~~~~~~~~~~~~~~~~~~~~~~~~~~^^^^^^^^^^^^^^^^^
  File "C:\Users\Ammar\OneDrive\Desktop\LMS_project\.venv\Lib\site-packages\django\db\models\query.py", line 1873, in _insert
    return query.get_compiler(using=using).execute_sql(returning_fields)
           ~~~~~~~~~~~~~~~~~~~~~~~~~~~~~~~~~~~~~~~~~~~^^^^^^^^^^^^^^^^^^
  File "C:\Users\Ammar\OneDrive\Desktop\LMS_project\.venv\Lib\site-packages\django\db\models\sql\compiler.py", line 1882, in execute_sql
    cursor.execute(sql, params)
    ~~~~~~~~~~~~~~^^^^^^^^^^^^^
  File "C:\Users\Ammar\OneDrive\Desktop\LMS_project\.venv\Lib\site-packages\django\db\backends\utils.py", line 122, in execute
    return super().execute(sql, params)
           ~~~~~~~~~~~~~~~^^^^^^^^^^^^^
  File "C:\Users\Ammar\OneDrive\Desktop\LMS_project\.venv\Lib\site-packages\django\db\backends\utils.py", line 79, in execute
    return self._execute_with_wrappers(
           ~~~~~~~~~~~~~~~~~~~~~~~~~~~^
        sql, params, many=False, executor=self._execute
        ^^^^^^^^^^^^^^^^^^^^^^^^^^^^^^^^^^^^^^^^^^^^^^^
    )
    ^
  File "C:\Users\Ammar\OneDrive\Desktop\LMS_project\.venv\Lib\site-packages\django\db\backends\utils.py", line 92, in _execute_with_wrappers
    return executor(sql, params, many, context)
  File "C:\Users\Ammar\OneDrive\Desktop\LMS_project\.venv\Lib\site-packages\django\db\backends\utils.py", line 100, in _execute
    with self.db.wrap_database_errors:
         ^^^^^^^^^^^^^^^^^^^^^^^^^^^^
  File "C:\Users\Ammar\OneDrive\Desktop\LMS_project\.venv\Lib\site-packages\django\db\utils.py", line 91, in __exit__
    raise dj_exc_value.with_traceback(traceback) from exc_value
  File "C:\Users\Ammar\OneDrive\Desktop\LMS_project\.venv\Lib\site-packages\django\db\backends\utils.py", line 105, in _execute
    return self.cursor.execute(sql, params)
           ~~~~~~~~~~~~~~~~~~~^^^^^^^^^^^^^
django.db.utils.IntegrityError: null value in column "short_description" of relation "courses_course" violates not-null constraint
DETAIL:  Failing row contains (15, Django REST Framework, django-rest-framework, Learn backend API development using Django and DRF., null, , 0.00, null, null, published, 20, null, null, null, null, 2026-07-16 17:48:40.738774+00, 2026-07-16 17:48:40.738815+00, 1, 83, null).


INFO 2026-07-16 23:18:40,864 middleware 18012 5044 user=83 method=POST path=/api/courses/ status=500 ip=127.0.0.1
ERROR 2026-07-16 23:18:40,867 log 18012 5044 Internal Server Error: /api/courses/
ERROR 2026-07-16 23:18:40,868 basehttp 18012 5044 "POST /api/courses/ HTTP/1.1" 500 80
INFO 2026-07-16 23:20:49,821 autoreload 18012 12956 C:\Users\Ammar\OneDrive\Desktop\LMS_project\apps\courses\models.py changed, reloading.
INFO 2026-07-16 23:20:53,944 autoreload 18544 10536 Watching for file changes with StatReloader
ERROR 2026-07-16 23:21:04,561 exceptions 18544 8896 Unhandled exception: null value in column "is_free" of relation "courses_course" violates not-null constraint
DETAIL:  Failing row contains (16, Django REST Framework, django-rest-framework, Learn backend API development using Django and DRF., , , 0.00, null, null, published, 20, null, , , null, 2026-07-16 17:51:04.461487+00, 2026-07-16 17:51:04.461528+00, 1, 83, null).

Traceback (most recent call last):
  File "C:\Users\Ammar\OneDrive\Desktop\LMS_project\.venv\Lib\site-packages\django\db\backends\utils.py", line 105, in _execute
    return self.cursor.execute(sql, params)
           ~~~~~~~~~~~~~~~~~~~^^^^^^^^^^^^^
psycopg2.errors.NotNullViolation: null value in column "is_free" of relation "courses_course" violates not-null constraint
DETAIL:  Failing row contains (16, Django REST Framework, django-rest-framework, Learn backend API development using Django and DRF., , , 0.00, null, null, published, 20, null, , , null, 2026-07-16 17:51:04.461487+00, 2026-07-16 17:51:04.461528+00, 1, 83, null).


The above exception was the direct cause of the following exception:

Traceback (most recent call last):
  File "C:\Users\Ammar\OneDrive\Desktop\LMS_project\.venv\Lib\site-packages\rest_framework\views.py", line 512, in dispatch
    response = handler(request, *args, **kwargs)
  File "C:\Users\Ammar\OneDrive\Desktop\LMS_project\.venv\Lib\site-packages\rest_framework\mixins.py", line 19, in create
    self.perform_create(serializer)
    ~~~~~~~~~~~~~~~~~~~^^^^^^^^^^^^
  File "C:\Users\Ammar\OneDrive\Desktop\LMS_project\apps\courses\views.py", line 189, in perform_create
    serializer.save(
    ~~~~~~~~~~~~~~~^
        instructor=self.request.user
        ^^^^^^^^^^^^^^^^^^^^^^^^^^^^
    )
    ^
  File "C:\Users\Ammar\OneDrive\Desktop\LMS_project\.venv\Lib\site-packages\rest_framework\serializers.py", line 210, in save
    self.instance = self.create(validated_data)
                    ~~~~~~~~~~~^^^^^^^^^^^^^^^^
  File "C:\Users\Ammar\OneDrive\Desktop\LMS_project\apps\courses\serializers.py", line 152, in create
    return Course.objects.create(
           ~~~~~~~~~~~~~~~~~~~~~^
        **validated_data
        ^^^^^^^^^^^^^^^^
    )
    ^
  File "C:\Users\Ammar\OneDrive\Desktop\LMS_project\.venv\Lib\site-packages\django\db\models\manager.py", line 87, in manager_method
    return getattr(self.get_queryset(), name)(*args, **kwargs)
           ~~~~~~~~~~~~~~~~~~~~~~~~~~~~~~~~~~^^^^^^^^^^^^^^^^^
  File "C:\Users\Ammar\OneDrive\Desktop\LMS_project\.venv\Lib\site-packages\django\db\models\query.py", line 665, in create
    obj.save(force_insert=True, using=self.db)
    ~~~~~~~~^^^^^^^^^^^^^^^^^^^^^^^^^^^^^^^^^^
  File "C:\Users\Ammar\OneDrive\Desktop\LMS_project\apps\courses\models.py", line 153, in save
    super().save(*args, **kwargs)
    ~~~~~~~~~~~~^^^^^^^^^^^^^^^^^
  File "C:\Users\Ammar\OneDrive\Desktop\LMS_project\.venv\Lib\site-packages\django\db\models\base.py", line 902, in save
    self.save_base(
    ~~~~~~~~~~~~~~^
        using=using,
        ^^^^^^^^^^^^
    ...<2 lines>...
        update_fields=update_fields,
        ^^^^^^^^^^^^^^^^^^^^^^^^^^^^
    )
    ^
  File "C:\Users\Ammar\OneDrive\Desktop\LMS_project\.venv\Lib\site-packages\django\db\models\base.py", line 1008, in save_base
    updated = self._save_table(
        raw,
    ...<4 lines>...
        update_fields,
    )
  File "C:\Users\Ammar\OneDrive\Desktop\LMS_project\.venv\Lib\site-packages\django\db\models\base.py", line 1169, in _save_table
    results = self._do_insert(
        cls._base_manager, using, fields, returning_fields, raw
    )
  File "C:\Users\Ammar\OneDrive\Desktop\LMS_project\.venv\Lib\site-packages\django\db\models\base.py", line 1210, in _do_insert
    return manager._insert(
           ~~~~~~~~~~~~~~~^
        [self],
        ^^^^^^^
    ...<3 lines>...
        raw=raw,
        ^^^^^^^^
    )
    ^
  File "C:\Users\Ammar\OneDrive\Desktop\LMS_project\.venv\Lib\site-packages\django\db\models\manager.py", line 87, in manager_method
    return getattr(self.get_queryset(), name)(*args, **kwargs)
           ~~~~~~~~~~~~~~~~~~~~~~~~~~~~~~~~~~^^^^^^^^^^^^^^^^^
  File "C:\Users\Ammar\OneDrive\Desktop\LMS_project\.venv\Lib\site-packages\django\db\models\query.py", line 1873, in _insert
    return query.get_compiler(using=using).execute_sql(returning_fields)
           ~~~~~~~~~~~~~~~~~~~~~~~~~~~~~~~~~~~~~~~~~~~^^^^^^^^^^^^^^^^^^
  File "C:\Users\Ammar\OneDrive\Desktop\LMS_project\.venv\Lib\site-packages\django\db\models\sql\compiler.py", line 1882, in execute_sql
    cursor.execute(sql, params)
    ~~~~~~~~~~~~~~^^^^^^^^^^^^^
  File "C:\Users\Ammar\OneDrive\Desktop\LMS_project\.venv\Lib\site-packages\django\db\backends\utils.py", line 122, in execute
    return super().execute(sql, params)
           ~~~~~~~~~~~~~~~^^^^^^^^^^^^^
  File "C:\Users\Ammar\OneDrive\Desktop\LMS_project\.venv\Lib\site-packages\django\db\backends\utils.py", line 79, in execute
    return self._execute_with_wrappers(
           ~~~~~~~~~~~~~~~~~~~~~~~~~~~^
        sql, params, many=False, executor=self._execute
        ^^^^^^^^^^^^^^^^^^^^^^^^^^^^^^^^^^^^^^^^^^^^^^^
    )
    ^
  File "C:\Users\Ammar\OneDrive\Desktop\LMS_project\.venv\Lib\site-packages\django\db\backends\utils.py", line 92, in _execute_with_wrappers
    return executor(sql, params, many, context)
  File "C:\Users\Ammar\OneDrive\Desktop\LMS_project\.venv\Lib\site-packages\django\db\backends\utils.py", line 100, in _execute
    with self.db.wrap_database_errors:
         ^^^^^^^^^^^^^^^^^^^^^^^^^^^^
  File "C:\Users\Ammar\OneDrive\Desktop\LMS_project\.venv\Lib\site-packages\django\db\utils.py", line 91, in __exit__
    raise dj_exc_value.with_traceback(traceback) from exc_value
  File "C:\Users\Ammar\OneDrive\Desktop\LMS_project\.venv\Lib\site-packages\django\db\backends\utils.py", line 105, in _execute
    return self.cursor.execute(sql, params)
           ~~~~~~~~~~~~~~~~~~~^^^^^^^^^^^^^
django.db.utils.IntegrityError: null value in column "is_free" of relation "courses_course" violates not-null constraint
DETAIL:  Failing row contains (16, Django REST Framework, django-rest-framework, Learn backend API development using Django and DRF., , , 0.00, null, null, published, 20, null, , , null, 2026-07-16 17:51:04.461487+00, 2026-07-16 17:51:04.461528+00, 1, 83, null).


INFO 2026-07-16 23:21:04,564 middleware 18544 8896 user=83 method=POST path=/api/courses/ status=500 ip=127.0.0.1
ERROR 2026-07-16 23:21:04,568 log 18544 8896 Internal Server Error: /api/courses/
ERROR 2026-07-16 23:21:04,568 basehttp 18544 8896 "POST /api/courses/ HTTP/1.1" 500 80
INFO 2026-07-16 23:22:18,880 autoreload 18544 10536 C:\Users\Ammar\OneDrive\Desktop\LMS_project\apps\courses\models.py changed, reloading.
INFO 2026-07-16 23:22:21,951 autoreload 1904 17312 Watching for file changes with StatReloader
INFO 2026-07-16 23:22:28,694 autoreload 1904 17312 C:\Users\Ammar\OneDrive\Desktop\LMS_project\apps\courses\models.py changed, reloading.
INFO 2026-07-16 23:22:30,874 autoreload 15856 3492 Watching for file changes with StatReloader
INFO 2026-07-16 23:25:07,923 autoreload 15856 3492 C:\Users\Ammar\OneDrive\Desktop\LMS_project\apps\courses\models.py changed, reloading.
INFO 2026-07-16 23:25:10,283 autoreload 4952 8204 Watching for file changes with StatReloader
INFO 2026-07-16 23:26:20,214 autoreload 4952 8204 C:\Users\Ammar\OneDrive\Desktop\LMS_project\apps\courses\models.py changed, reloading.
INFO 2026-07-16 23:26:22,101 autoreload 21580 14028 Watching for file changes with StatReloader
ERROR 2026-07-16 23:26:29,807 exceptions 21580 21668 Unhandled exception: null value in column "level" of relation "courses_course" violates not-null constraint
DETAIL:  Failing row contains (17, Django REST Framework, django-rest-framework, Learn backend API development using Django and DRF., , , 0.00, f, null, published, 20, null, , , null, 2026-07-16 17:56:29.710941+00, 2026-07-16 17:56:29.710961+00, 1, 83, null).

Traceback (most recent call last):
  File "C:\Users\Ammar\OneDrive\Desktop\LMS_project\.venv\Lib\site-packages\django\db\backends\utils.py", line 105, in _execute
    return self.cursor.execute(sql, params)
           ~~~~~~~~~~~~~~~~~~~^^^^^^^^^^^^^
psycopg2.errors.NotNullViolation: null value in column "level" of relation "courses_course" violates not-null constraint
DETAIL:  Failing row contains (17, Django REST Framework, django-rest-framework, Learn backend API development using Django and DRF., , , 0.00, f, null, published, 20, null, , , null, 2026-07-16 17:56:29.710941+00, 2026-07-16 17:56:29.710961+00, 1, 83, null).


The above exception was the direct cause of the following exception:

Traceback (most recent call last):
  File "C:\Users\Ammar\OneDrive\Desktop\LMS_project\.venv\Lib\site-packages\rest_framework\views.py", line 512, in dispatch
    response = handler(request, *args, **kwargs)
  File "C:\Users\Ammar\OneDrive\Desktop\LMS_project\.venv\Lib\site-packages\rest_framework\mixins.py", line 19, in create
    self.perform_create(serializer)
    ~~~~~~~~~~~~~~~~~~~^^^^^^^^^^^^
  File "C:\Users\Ammar\OneDrive\Desktop\LMS_project\apps\courses\views.py", line 189, in perform_create
    serializer.save(
    ~~~~~~~~~~~~~~~^
        instructor=self.request.user
        ^^^^^^^^^^^^^^^^^^^^^^^^^^^^
    )
    ^
  File "C:\Users\Ammar\OneDrive\Desktop\LMS_project\.venv\Lib\site-packages\rest_framework\serializers.py", line 210, in save
    self.instance = self.create(validated_data)
                    ~~~~~~~~~~~^^^^^^^^^^^^^^^^
  File "C:\Users\Ammar\OneDrive\Desktop\LMS_project\apps\courses\serializers.py", line 152, in create
    return Course.objects.create(
           ~~~~~~~~~~~~~~~~~~~~~^
        **validated_data
        ^^^^^^^^^^^^^^^^
    )
    ^
  File "C:\Users\Ammar\OneDrive\Desktop\LMS_project\.venv\Lib\site-packages\django\db\models\manager.py", line 87, in manager_method
    return getattr(self.get_queryset(), name)(*args, **kwargs)
           ~~~~~~~~~~~~~~~~~~~~~~~~~~~~~~~~~~^^^^^^^^^^^^^^^^^
  File "C:\Users\Ammar\OneDrive\Desktop\LMS_project\.venv\Lib\site-packages\django\db\models\query.py", line 665, in create
    obj.save(force_insert=True, using=self.db)
    ~~~~~~~~^^^^^^^^^^^^^^^^^^^^^^^^^^^^^^^^^^
  File "C:\Users\Ammar\OneDrive\Desktop\LMS_project\apps\courses\models.py", line 157, in save
    super().save(*args, **kwargs)
    ~~~~~~~~~~~~^^^^^^^^^^^^^^^^^
  File "C:\Users\Ammar\OneDrive\Desktop\LMS_project\.venv\Lib\site-packages\django\db\models\base.py", line 902, in save
    self.save_base(
    ~~~~~~~~~~~~~~^
        using=using,
        ^^^^^^^^^^^^
    ...<2 lines>...
        update_fields=update_fields,
        ^^^^^^^^^^^^^^^^^^^^^^^^^^^^
    )
    ^
  File "C:\Users\Ammar\OneDrive\Desktop\LMS_project\.venv\Lib\site-packages\django\db\models\base.py", line 1008, in save_base
    updated = self._save_table(
        raw,
    ...<4 lines>...
        update_fields,
    )
  File "C:\Users\Ammar\OneDrive\Desktop\LMS_project\.venv\Lib\site-packages\django\db\models\base.py", line 1169, in _save_table
    results = self._do_insert(
        cls._base_manager, using, fields, returning_fields, raw
    )
  File "C:\Users\Ammar\OneDrive\Desktop\LMS_project\.venv\Lib\site-packages\django\db\models\base.py", line 1210, in _do_insert
    return manager._insert(
           ~~~~~~~~~~~~~~~^
        [self],
        ^^^^^^^
    ...<3 lines>...
        raw=raw,
        ^^^^^^^^
    )
    ^
  File "C:\Users\Ammar\OneDrive\Desktop\LMS_project\.venv\Lib\site-packages\django\db\models\manager.py", line 87, in manager_method
    return getattr(self.get_queryset(), name)(*args, **kwargs)
           ~~~~~~~~~~~~~~~~~~~~~~~~~~~~~~~~~~^^^^^^^^^^^^^^^^^
  File "C:\Users\Ammar\OneDrive\Desktop\LMS_project\.venv\Lib\site-packages\django\db\models\query.py", line 1873, in _insert
    return query.get_compiler(using=using).execute_sql(returning_fields)
           ~~~~~~~~~~~~~~~~~~~~~~~~~~~~~~~~~~~~~~~~~~~^^^^^^^^^^^^^^^^^^
  File "C:\Users\Ammar\OneDrive\Desktop\LMS_project\.venv\Lib\site-packages\django\db\models\sql\compiler.py", line 1882, in execute_sql
    cursor.execute(sql, params)
    ~~~~~~~~~~~~~~^^^^^^^^^^^^^
  File "C:\Users\Ammar\OneDrive\Desktop\LMS_project\.venv\Lib\site-packages\django\db\backends\utils.py", line 122, in execute
    return super().execute(sql, params)
           ~~~~~~~~~~~~~~~^^^^^^^^^^^^^
  File "C:\Users\Ammar\OneDrive\Desktop\LMS_project\.venv\Lib\site-packages\django\db\backends\utils.py", line 79, in execute
    return self._execute_with_wrappers(
           ~~~~~~~~~~~~~~~~~~~~~~~~~~~^
        sql, params, many=False, executor=self._execute
        ^^^^^^^^^^^^^^^^^^^^^^^^^^^^^^^^^^^^^^^^^^^^^^^
    )
    ^
  File "C:\Users\Ammar\OneDrive\Desktop\LMS_project\.venv\Lib\site-packages\django\db\backends\utils.py", line 92, in _execute_with_wrappers
    return executor(sql, params, many, context)
  File "C:\Users\Ammar\OneDrive\Desktop\LMS_project\.venv\Lib\site-packages\django\db\backends\utils.py", line 100, in _execute
    with self.db.wrap_database_errors:
         ^^^^^^^^^^^^^^^^^^^^^^^^^^^^
  File "C:\Users\Ammar\OneDrive\Desktop\LMS_project\.venv\Lib\site-packages\django\db\utils.py", line 91, in __exit__
    raise dj_exc_value.with_traceback(traceback) from exc_value
  File "C:\Users\Ammar\OneDrive\Desktop\LMS_project\.venv\Lib\site-packages\django\db\backends\utils.py", line 105, in _execute
    return self.cursor.execute(sql, params)
           ~~~~~~~~~~~~~~~~~~~^^^^^^^^^^^^^
django.db.utils.IntegrityError: null value in column "level" of relation "courses_course" violates not-null constraint
DETAIL:  Failing row contains (17, Django REST Framework, django-rest-framework, Learn backend API development using Django and DRF., , , 0.00, f, null, published, 20, null, , , null, 2026-07-16 17:56:29.710941+00, 2026-07-16 17:56:29.710961+00, 1, 83, null).


INFO 2026-07-16 23:26:29,809 middleware 21580 21668 user=83 method=POST path=/api/courses/ status=500 ip=127.0.0.1
ERROR 2026-07-16 23:26:29,812 log 21580 21668 Internal Server Error: /api/courses/
ERROR 2026-07-16 23:26:29,813 basehttp 21580 21668 "POST /api/courses/ HTTP/1.1" 500 80
INFO 2026-07-16 23:29:05,329 autoreload 21580 14028 C:\Users\Ammar\OneDrive\Desktop\LMS_project\apps\courses\models.py changed, reloading.
INFO 2026-07-16 23:29:09,212 autoreload 5652 5256 Watching for file changes with StatReloader
INFO 2026-07-16 23:31:10,115 autoreload 5652 5256 C:\Users\Ammar\OneDrive\Desktop\LMS_project\apps\courses\serializers.py changed, reloading.
INFO 2026-07-16 23:31:14,106 autoreload 18824 8204 Watching for file changes with StatReloader
ERROR 2026-07-16 23:31:23,544 exceptions 18824 17064 Unhandled exception: null value in column "max_students" of relation "courses_course" violates not-null constraint
DETAIL:  Failing row contains (18, Django REST Framework, django-rest-framework, Learn backend API development using Django and DRF., , , 0.00, f, beginner, published, 20, null, , , null, 2026-07-16 18:01:23.418481+00, 2026-07-16 18:01:23.418506+00, 1, 83, null).

Traceback (most recent call last):
  File "C:\Users\Ammar\OneDrive\Desktop\LMS_project\.venv\Lib\site-packages\django\db\backends\utils.py", line 105, in _execute
    return self.cursor.execute(sql, params)
           ~~~~~~~~~~~~~~~~~~~^^^^^^^^^^^^^
psycopg2.errors.NotNullViolation: null value in column "max_students" of relation "courses_course" violates not-null constraint
DETAIL:  Failing row contains (18, Django REST Framework, django-rest-framework, Learn backend API development using Django and DRF., , , 0.00, f, beginner, published, 20, null, , , null, 2026-07-16 18:01:23.418481+00, 2026-07-16 18:01:23.418506+00, 1, 83, null).


The above exception was the direct cause of the following exception:

Traceback (most recent call last):
  File "C:\Users\Ammar\OneDrive\Desktop\LMS_project\.venv\Lib\site-packages\rest_framework\views.py", line 512, in dispatch
    response = handler(request, *args, **kwargs)
  File "C:\Users\Ammar\OneDrive\Desktop\LMS_project\.venv\Lib\site-packages\rest_framework\mixins.py", line 19, in create
    self.perform_create(serializer)
    ~~~~~~~~~~~~~~~~~~~^^^^^^^^^^^^
  File "C:\Users\Ammar\OneDrive\Desktop\LMS_project\apps\courses\views.py", line 189, in perform_create
    serializer.save(
    ~~~~~~~~~~~~~~~^
        instructor=self.request.user
        ^^^^^^^^^^^^^^^^^^^^^^^^^^^^
    )
    ^
  File "C:\Users\Ammar\OneDrive\Desktop\LMS_project\.venv\Lib\site-packages\rest_framework\serializers.py", line 210, in save
    self.instance = self.create(validated_data)
                    ~~~~~~~~~~~^^^^^^^^^^^^^^^^
  File "C:\Users\Ammar\OneDrive\Desktop\LMS_project\apps\courses\serializers.py", line 162, in create
    return Course.objects.create(
           ~~~~~~~~~~~~~~~~~~~~~^
        **validated_data
        ^^^^^^^^^^^^^^^^
    )
    ^
  File "C:\Users\Ammar\OneDrive\Desktop\LMS_project\.venv\Lib\site-packages\django\db\models\manager.py", line 87, in manager_method
    return getattr(self.get_queryset(), name)(*args, **kwargs)
           ~~~~~~~~~~~~~~~~~~~~~~~~~~~~~~~~~~^^^^^^^^^^^^^^^^^
  File "C:\Users\Ammar\OneDrive\Desktop\LMS_project\.venv\Lib\site-packages\django\db\models\query.py", line 665, in create
    obj.save(force_insert=True, using=self.db)
    ~~~~~~~~^^^^^^^^^^^^^^^^^^^^^^^^^^^^^^^^^^
  File "C:\Users\Ammar\OneDrive\Desktop\LMS_project\apps\courses\models.py", line 185, in save
    super().save(*args, **kwargs)
    ~~~~~~~~~~~~^^^^^^^^^^^^^^^^^
  File "C:\Users\Ammar\OneDrive\Desktop\LMS_project\.venv\Lib\site-packages\django\db\models\base.py", line 902, in save
    self.save_base(
    ~~~~~~~~~~~~~~^
        using=using,
        ^^^^^^^^^^^^
    ...<2 lines>...
        update_fields=update_fields,
        ^^^^^^^^^^^^^^^^^^^^^^^^^^^^
    )
    ^
  File "C:\Users\Ammar\OneDrive\Desktop\LMS_project\.venv\Lib\site-packages\django\db\models\base.py", line 1008, in save_base
    updated = self._save_table(
        raw,
    ...<4 lines>...
        update_fields,
    )
  File "C:\Users\Ammar\OneDrive\Desktop\LMS_project\.venv\Lib\site-packages\django\db\models\base.py", line 1169, in _save_table
    results = self._do_insert(
        cls._base_manager, using, fields, returning_fields, raw
    )
  File "C:\Users\Ammar\OneDrive\Desktop\LMS_project\.venv\Lib\site-packages\django\db\models\base.py", line 1210, in _do_insert
    return manager._insert(
           ~~~~~~~~~~~~~~~^
        [self],
        ^^^^^^^
    ...<3 lines>...
        raw=raw,
        ^^^^^^^^
    )
    ^
  File "C:\Users\Ammar\OneDrive\Desktop\LMS_project\.venv\Lib\site-packages\django\db\models\manager.py", line 87, in manager_method
    return getattr(self.get_queryset(), name)(*args, **kwargs)
           ~~~~~~~~~~~~~~~~~~~~~~~~~~~~~~~~~~^^^^^^^^^^^^^^^^^
  File "C:\Users\Ammar\OneDrive\Desktop\LMS_project\.venv\Lib\site-packages\django\db\models\query.py", line 1873, in _insert
    return query.get_compiler(using=using).execute_sql(returning_fields)
           ~~~~~~~~~~~~~~~~~~~~~~~~~~~~~~~~~~~~~~~~~~~^^^^^^^^^^^^^^^^^^
  File "C:\Users\Ammar\OneDrive\Desktop\LMS_project\.venv\Lib\site-packages\django\db\models\sql\compiler.py", line 1882, in execute_sql
    cursor.execute(sql, params)
    ~~~~~~~~~~~~~~^^^^^^^^^^^^^
  File "C:\Users\Ammar\OneDrive\Desktop\LMS_project\.venv\Lib\site-packages\django\db\backends\utils.py", line 122, in execute
    return super().execute(sql, params)
           ~~~~~~~~~~~~~~~^^^^^^^^^^^^^
  File "C:\Users\Ammar\OneDrive\Desktop\LMS_project\.venv\Lib\site-packages\django\db\backends\utils.py", line 79, in execute
    return self._execute_with_wrappers(
           ~~~~~~~~~~~~~~~~~~~~~~~~~~~^
        sql, params, many=False, executor=self._execute
        ^^^^^^^^^^^^^^^^^^^^^^^^^^^^^^^^^^^^^^^^^^^^^^^
    )
    ^
  File "C:\Users\Ammar\OneDrive\Desktop\LMS_project\.venv\Lib\site-packages\django\db\backends\utils.py", line 92, in _execute_with_wrappers
    return executor(sql, params, many, context)
  File "C:\Users\Ammar\OneDrive\Desktop\LMS_project\.venv\Lib\site-packages\django\db\backends\utils.py", line 100, in _execute
    with self.db.wrap_database_errors:
         ^^^^^^^^^^^^^^^^^^^^^^^^^^^^
  File "C:\Users\Ammar\OneDrive\Desktop\LMS_project\.venv\Lib\site-packages\django\db\utils.py", line 91, in __exit__
    raise dj_exc_value.with_traceback(traceback) from exc_value
  File "C:\Users\Ammar\OneDrive\Desktop\LMS_project\.venv\Lib\site-packages\django\db\backends\utils.py", line 105, in _execute
    return self.cursor.execute(sql, params)
           ~~~~~~~~~~~~~~~~~~~^^^^^^^^^^^^^
django.db.utils.IntegrityError: null value in column "max_students" of relation "courses_course" violates not-null constraint
DETAIL:  Failing row contains (18, Django REST Framework, django-rest-framework, Learn backend API development using Django and DRF., , , 0.00, f, beginner, published, 20, null, , , null, 2026-07-16 18:01:23.418481+00, 2026-07-16 18:01:23.418506+00, 1, 83, null).


INFO 2026-07-16 23:31:23,550 middleware 18824 17064 user=83 method=POST path=/api/courses/ status=500 ip=127.0.0.1
ERROR 2026-07-16 23:31:23,556 log 18824 17064 Internal Server Error: /api/courses/
ERROR 2026-07-16 23:31:23,557 basehttp 18824 17064 "POST /api/courses/ HTTP/1.1" 500 80
INFO 2026-07-16 23:35:06,310 autoreload 18824 8204 C:\Users\Ammar\OneDrive\Desktop\LMS_project\apps\courses\serializers.py changed, reloading.
INFO 2026-07-16 23:35:09,186 autoreload 4396 22356 Watching for file changes with StatReloader
ERROR 2026-07-16 23:35:16,239 exceptions 4396 18028 Unhandled exception: Field name `max_students` is not valid for model `Course` in `apps.courses.serializers.CourseCreateUpdateSerializer`.
Traceback (most recent call last):
  File "C:\Users\Ammar\OneDrive\Desktop\LMS_project\.venv\Lib\site-packages\rest_framework\views.py", line 512, in dispatch
    response = handler(request, *args, **kwargs)
  File "C:\Users\Ammar\OneDrive\Desktop\LMS_project\.venv\Lib\site-packages\rest_framework\mixins.py", line 18, in create
    serializer.is_valid(raise_exception=True)
    ~~~~~~~~~~~~~~~~~~~^^^^^^^^^^^^^^^^^^^^^^
  File "C:\Users\Ammar\OneDrive\Desktop\LMS_project\.venv\Lib\site-packages\rest_framework\serializers.py", line 225, in is_valid
    self._validated_data = self.run_validation(self.initial_data)
                           ~~~~~~~~~~~~~~~~~~~^^^^^^^^^^^^^^^^^^^
  File "C:\Users\Ammar\OneDrive\Desktop\LMS_project\.venv\Lib\site-packages\rest_framework\serializers.py", line 456, in run_validation
    value = self.to_internal_value(data)
  File "C:\Users\Ammar\OneDrive\Desktop\LMS_project\.venv\Lib\site-packages\rest_framework\serializers.py", line 509, in to_internal_value
    for field in fields:
                 ^^^^^^
  File "C:\Users\Ammar\OneDrive\Desktop\LMS_project\.venv\Lib\site-packages\rest_framework\serializers.py", line 392, in _writable_fields
    for field in self.fields.values():
                 ^^^^^^^^^^^
  File "C:\Users\Ammar\OneDrive\Desktop\LMS_project\.venv\Lib\site-packages\django\utils\functional.py", line 47, in __get__
    res = instance.__dict__[self.name] = self.func(instance)
                                         ~~~~~~~~~^^^^^^^^^^
  File "C:\Users\Ammar\OneDrive\Desktop\LMS_project\.venv\Lib\site-packages\rest_framework\serializers.py", line 386, in fields
    for key, value in self.get_fields().items():
                      ~~~~~~~~~~~~~~~^^
  File "C:\Users\Ammar\OneDrive\Desktop\LMS_project\.venv\Lib\site-packages\rest_framework\serializers.py", line 1132, in get_fields
    field_class, field_kwargs = self.build_field(
                                ~~~~~~~~~~~~~~~~^
        source, info, model, depth
        ^^^^^^^^^^^^^^^^^^^^^^^^^^
    )
    ^
  File "C:\Users\Ammar\OneDrive\Desktop\LMS_project\.venv\Lib\site-packages\rest_framework\serializers.py", line 1278, in build_field
    return self.build_unknown_field(field_name, model_class)
           ~~~~~~~~~~~~~~~~~~~~~~~~^^^^^^^^^^^^^^^^^^^^^^^^^
  File "C:\Users\Ammar\OneDrive\Desktop\LMS_project\.venv\Lib\site-packages\rest_framework\serializers.py", line 1396, in build_unknown_field
    raise ImproperlyConfigured(
    ...<2 lines>...
    )
django.core.exceptions.ImproperlyConfigured: Field name `max_students` is not valid for model `Course` in `apps.courses.serializers.CourseCreateUpdateSerializer`.

INFO 2026-07-16 23:35:16,245 middleware 4396 18028 user=83 method=POST path=/api/courses/ status=500 ip=127.0.0.1
ERROR 2026-07-16 23:35:16,250 log 4396 18028 Internal Server Error: /api/courses/
ERROR 2026-07-16 23:35:16,256 basehttp 4396 18028 "POST /api/courses/ HTTP/1.1" 500 80
INFO 2026-07-16 23:39:12,834 autoreload 4396 22356 C:\Users\Ammar\OneDrive\Desktop\LMS_project\apps\courses\models.py changed, reloading.
INFO 2026-07-16 23:39:16,141 autoreload 8036 6464 Watching for file changes with StatReloader
INFO 2026-07-16 23:39:48,191 autoreload 8036 6464 C:\Users\Ammar\OneDrive\Desktop\LMS_project\apps\courses\serializers.py changed, reloading.
INFO 2026-07-16 23:39:52,256 autoreload 18176 17644 Watching for file changes with StatReloader
INFO 2026-07-16 23:40:04,435 autoreload 18176 17644 C:\Users\Ammar\OneDrive\Desktop\LMS_project\apps\courses\serializers.py changed, reloading.
INFO 2026-07-16 23:40:07,590 autoreload 18956 16044 Watching for file changes with StatReloader
INFO 2026-07-16 23:40:22,862 middleware 18956 1676 user=83 method=POST path=/api/courses/ status=201 ip=127.0.0.1
INFO 2026-07-16 23:40:22,874 basehttp 18956 1676 "POST /api/courses/ HTTP/1.1" 201 306
WARNING 2026-07-16 23:42:45,079 exceptions 18956 14480 API error 401: Given token not valid for any token type
WARNING 2026-07-16 23:42:45,114 log 18956 14480 Unauthorized: /api/enrollments/enroll/
WARNING 2026-07-16 23:42:45,121 basehttp 18956 14480 "POST /api/enrollments/enroll/ HTTP/1.1" 401 274
INFO 2026-07-16 23:44:26,942 autoreload 18956 16044 C:\Users\Ammar\OneDrive\Desktop\LMS_project\apps\courses\serializers.py changed, reloading.
INFO 2026-07-21 21:01:09,079 autoreload 9236 8468 Watching for file changes with StatReloader
INFO 2026-07-21 21:04:16,555 autoreload 9380 14340 Watching for file changes with StatReloader
WARNING 2026-07-21 21:04:29,827 exceptions 9380 7120 API error 401: Given token not valid for any token type
WARNING 2026-07-21 21:04:29,897 log 9380 7120 Unauthorized: /api/announcements/
WARNING 2026-07-21 21:04:29,914 basehttp 9380 7120 "POST /api/announcements/ HTTP/1.1" 401 274
WARNING 2026-07-21 21:06:03,483 exceptions 9380 14148 API error 401: Given token not valid for any token type
WARNING 2026-07-21 21:06:03,527 log 9380 14148 Unauthorized: /api/announcements/
WARNING 2026-07-21 21:06:03,532 basehttp 9380 14148 "POST /api/announcements/ HTTP/1.1" 401 274
WARNING 2026-07-21 21:09:32,499 log 9380 16904 Bad Request: /api/auth/register/
WARNING 2026-07-21 21:09:32,510 basehttp 9380 16904 "POST /api/auth/register/ HTTP/1.1" 400 134
INFO 2026-07-21 21:11:20,289 basehttp 9380 6000 "POST /api/auth/login/ HTTP/1.1" 200 752
WARNING 2026-07-21 21:14:13,799 exceptions 9380 2452 API error 401: Given token not valid for any token type
WARNING 2026-07-21 21:14:13,828 log 9380 2452 Unauthorized: /api/enrollments/enroll/
WARNING 2026-07-21 21:14:13,833 basehttp 9380 2452 "POST /api/enrollments/enroll/ HTTP/1.1" 401 274
ERROR 2026-07-21 21:16:15,817 exceptions 9380 16896 Unhandled exception: column courses_enrollment.status does not exist
LINE 1: ..."."student_id", "courses_enrollment"."course_id", "courses_e...
                                                             ^

Traceback (most recent call last):
  File "C:\Users\Ammar\OneDrive\Desktop\LMS_project\.venv\Lib\site-packages\django\db\backends\utils.py", line 105, in _execute
    return self.cursor.execute(sql, params)
           ~~~~~~~~~~~~~~~~~~~^^^^^^^^^^^^^
psycopg2.errors.UndefinedColumn: column courses_enrollment.status does not exist
LINE 1: ..."."student_id", "courses_enrollment"."course_id", "courses_e...
                                                             ^


The above exception was the direct cause of the following exception:

Traceback (most recent call last):
  File "C:\Users\Ammar\OneDrive\Desktop\LMS_project\.venv\Lib\site-packages\rest_framework\views.py", line 512, in dispatch
    response = handler(request, *args, **kwargs)
  File "C:\Users\Ammar\OneDrive\Desktop\LMS_project\apps\enrollments\views.py", line 54, in post
    enrollment = EnrollmentService.enroll(
        request.user,
        course
    )
  File "C:\Program Files\WindowsApps\PythonSoftwareFoundation.Python.3.13_3.13.3824.0_x64__qbz5n2kfra8p0\Lib\contextlib.py", line 85, in inner
    return func(*args, **kwds)
  File "C:\Users\Ammar\OneDrive\Desktop\LMS_project\apps\enrollments\services.py", line 20, in enroll
    ).first()
      ~~~~~^^
  File "C:\Users\Ammar\OneDrive\Desktop\LMS_project\.venv\Lib\site-packages\django\db\models\query.py", line 1106, in first
    for obj in queryset[:1]:
               ~~~~~~~~^^^^
  File "C:\Users\Ammar\OneDrive\Desktop\LMS_project\.venv\Lib\site-packages\django\db\models\query.py", line 386, in __iter__
    self._fetch_all()
    ~~~~~~~~~~~~~~~^^
  File "C:\Users\Ammar\OneDrive\Desktop\LMS_project\.venv\Lib\site-packages\django\db\models\query.py", line 1954, in _fetch_all
    self._result_cache = list(self._iterable_class(self))
                         ~~~~^^^^^^^^^^^^^^^^^^^^^^^^^^^^
  File "C:\Users\Ammar\OneDrive\Desktop\LMS_project\.venv\Lib\site-packages\django\db\models\query.py", line 93, in __iter__
    results = compiler.execute_sql(
        chunked_fetch=self.chunked_fetch, chunk_size=self.chunk_size
    )
  File "C:\Users\Ammar\OneDrive\Desktop\LMS_project\.venv\Lib\site-packages\django\db\models\sql\compiler.py", line 1623, in execute_sql
    cursor.execute(sql, params)
    ~~~~~~~~~~~~~~^^^^^^^^^^^^^
  File "C:\Users\Ammar\OneDrive\Desktop\LMS_project\.venv\Lib\site-packages\django\db\backends\utils.py", line 122, in execute
    return super().execute(sql, params)
           ~~~~~~~~~~~~~~~^^^^^^^^^^^^^
  File "C:\Users\Ammar\OneDrive\Desktop\LMS_project\.venv\Lib\site-packages\django\db\backends\utils.py", line 79, in execute
    return self._execute_with_wrappers(
           ~~~~~~~~~~~~~~~~~~~~~~~~~~~^
        sql, params, many=False, executor=self._execute
        ^^^^^^^^^^^^^^^^^^^^^^^^^^^^^^^^^^^^^^^^^^^^^^^
    )
    ^
  File "C:\Users\Ammar\OneDrive\Desktop\LMS_project\.venv\Lib\site-packages\django\db\backends\utils.py", line 92, in _execute_with_wrappers
    return executor(sql, params, many, context)
  File "C:\Users\Ammar\OneDrive\Desktop\LMS_project\.venv\Lib\site-packages\django\db\backends\utils.py", line 100, in _execute
    with self.db.wrap_database_errors:
         ^^^^^^^^^^^^^^^^^^^^^^^^^^^^
  File "C:\Users\Ammar\OneDrive\Desktop\LMS_project\.venv\Lib\site-packages\django\db\utils.py", line 91, in __exit__
    raise dj_exc_value.with_traceback(traceback) from exc_value
  File "C:\Users\Ammar\OneDrive\Desktop\LMS_project\.venv\Lib\site-packages\django\db\backends\utils.py", line 105, in _execute
    return self.cursor.execute(sql, params)
           ~~~~~~~~~~~~~~~~~~~^^^^^^^^^^^^^
django.db.utils.ProgrammingError: column courses_enrollment.status does not exist
LINE 1: ..."."student_id", "courses_enrollment"."course_id", "courses_e...
                                                             ^


INFO 2026-07-21 21:16:15,843 middleware 9380 16896 user=82 method=POST path=/api/enrollments/enroll/ status=500 ip=127.0.0.1
ERROR 2026-07-21 21:16:15,846 log 9380 16896 Internal Server Error: /api/enrollments/enroll/
ERROR 2026-07-21 21:16:15,849 basehttp 9380 16896 "POST /api/enrollments/enroll/ HTTP/1.1" 500 80
INFO 2026-07-21 21:40:45,246 autoreload 18804 7392 Watching for file changes with StatReloader
ERROR 2026-07-21 21:40:57,244 exceptions 18804 20412 Unhandled exception: column courses_enrollment.status does not exist
LINE 1: ..."."student_id", "courses_enrollment"."course_id", "courses_e...
                                                             ^

Traceback (most recent call last):
  File "C:\Users\Ammar\OneDrive\Desktop\LMS_project\.venv\Lib\site-packages\django\db\backends\utils.py", line 105, in _execute
    return self.cursor.execute(sql, params)
           ~~~~~~~~~~~~~~~~~~~^^^^^^^^^^^^^
psycopg2.errors.UndefinedColumn: column courses_enrollment.status does not exist
LINE 1: ..."."student_id", "courses_enrollment"."course_id", "courses_e...
                                                             ^


The above exception was the direct cause of the following exception:

Traceback (most recent call last):
  File "C:\Users\Ammar\OneDrive\Desktop\LMS_project\.venv\Lib\site-packages\rest_framework\views.py", line 512, in dispatch
    response = handler(request, *args, **kwargs)
  File "C:\Users\Ammar\OneDrive\Desktop\LMS_project\apps\enrollments\views.py", line 54, in post
    enrollment = EnrollmentService.enroll(
        request.user,
        course
    )
  File "C:\Program Files\WindowsApps\PythonSoftwareFoundation.Python.3.13_3.13.3824.0_x64__qbz5n2kfra8p0\Lib\contextlib.py", line 85, in inner
    return func(*args, **kwds)
  File "C:\Users\Ammar\OneDrive\Desktop\LMS_project\apps\enrollments\services.py", line 20, in enroll
    ).first()
      ~~~~~^^
  File "C:\Users\Ammar\OneDrive\Desktop\LMS_project\.venv\Lib\site-packages\django\db\models\query.py", line 1106, in first
    for obj in queryset[:1]:
               ~~~~~~~~^^^^
  File "C:\Users\Ammar\OneDrive\Desktop\LMS_project\.venv\Lib\site-packages\django\db\models\query.py", line 386, in __iter__
    self._fetch_all()
    ~~~~~~~~~~~~~~~^^
  File "C:\Users\Ammar\OneDrive\Desktop\LMS_project\.venv\Lib\site-packages\django\db\models\query.py", line 1954, in _fetch_all
    self._result_cache = list(self._iterable_class(self))
                         ~~~~^^^^^^^^^^^^^^^^^^^^^^^^^^^^
  File "C:\Users\Ammar\OneDrive\Desktop\LMS_project\.venv\Lib\site-packages\django\db\models\query.py", line 93, in __iter__
    results = compiler.execute_sql(
        chunked_fetch=self.chunked_fetch, chunk_size=self.chunk_size
    )
  File "C:\Users\Ammar\OneDrive\Desktop\LMS_project\.venv\Lib\site-packages\django\db\models\sql\compiler.py", line 1623, in execute_sql
    cursor.execute(sql, params)
    ~~~~~~~~~~~~~~^^^^^^^^^^^^^
  File "C:\Users\Ammar\OneDrive\Desktop\LMS_project\.venv\Lib\site-packages\django\db\backends\utils.py", line 122, in execute
    return super().execute(sql, params)
           ~~~~~~~~~~~~~~~^^^^^^^^^^^^^
  File "C:\Users\Ammar\OneDrive\Desktop\LMS_project\.venv\Lib\site-packages\django\db\backends\utils.py", line 79, in execute
    return self._execute_with_wrappers(
           ~~~~~~~~~~~~~~~~~~~~~~~~~~~^
        sql, params, many=False, executor=self._execute
        ^^^^^^^^^^^^^^^^^^^^^^^^^^^^^^^^^^^^^^^^^^^^^^^
    )
    ^
  File "C:\Users\Ammar\OneDrive\Desktop\LMS_project\.venv\Lib\site-packages\django\db\backends\utils.py", line 92, in _execute_with_wrappers
    return executor(sql, params, many, context)
  File "C:\Users\Ammar\OneDrive\Desktop\LMS_project\.venv\Lib\site-packages\django\db\backends\utils.py", line 100, in _execute
    with self.db.wrap_database_errors:
         ^^^^^^^^^^^^^^^^^^^^^^^^^^^^
  File "C:\Users\Ammar\OneDrive\Desktop\LMS_project\.venv\Lib\site-packages\django\db\utils.py", line 91, in __exit__
    raise dj_exc_value.with_traceback(traceback) from exc_value
  File "C:\Users\Ammar\OneDrive\Desktop\LMS_project\.venv\Lib\site-packages\django\db\backends\utils.py", line 105, in _execute
    return self.cursor.execute(sql, params)
           ~~~~~~~~~~~~~~~~~~~^^^^^^^^^^^^^
django.db.utils.ProgrammingError: column courses_enrollment.status does not exist
LINE 1: ..."."student_id", "courses_enrollment"."course_id", "courses_e...
                                                             ^


INFO 2026-07-21 21:40:57,256 middleware 18804 20412 user=82 method=POST path=/api/enrollments/enroll/ status=500 ip=127.0.0.1
ERROR 2026-07-21 21:40:57,324 log 18804 20412 Internal Server Error: /api/enrollments/enroll/
ERROR 2026-07-21 21:40:57,360 basehttp 18804 20412 "POST /api/enrollments/enroll/ HTTP/1.1" 500 80
INFO 2026-07-21 23:12:05,404 autoreload 22620 14872 Watching for file changes with StatReloader
WARNING 2026-07-21 23:12:43,579 exceptions 22620 2680 API error 401: Given token not valid for any token type
WARNING 2026-07-21 23:12:43,640 log 22620 2680 Unauthorized: /api/enrollments/enroll/
WARNING 2026-07-21 23:12:43,651 basehttp 22620 2680 "POST /api/enrollments/enroll/ HTTP/1.1" 401 274
INFO 2026-07-21 23:12:54,906 basehttp 22620 2680 "POST /api/auth/login/ HTTP/1.1" 200 752
WARNING 2026-07-21 23:14:54,389 exceptions 22620 9808 API error 404: No Course matches the given query.
INFO 2026-07-21 23:14:54,414 middleware 22620 9808 user=82 method=POST path=/api/enrollments/enroll/ status=404 ip=127.0.0.1
WARNING 2026-07-21 23:14:54,420 log 22620 9808 Not Found: /api/enrollments/enroll/
WARNING 2026-07-21 23:14:54,424 basehttp 22620 9808 "POST /api/enrollments/enroll/ HTTP/1.1" 404 143
WARNING 2026-07-21 23:17:08,720 exceptions 22620 16484 API error 401: Given token not valid for any token type
WARNING 2026-07-21 23:17:08,744 log 22620 16484 Unauthorized: /api/courses/
WARNING 2026-07-21 23:17:08,749 basehttp 22620 16484 "GET /api/courses/ HTTP/1.1" 401 274
WARNING 2026-07-21 23:17:21,963 exceptions 22620 16484 API error 401: Given token not valid for any token type
WARNING 2026-07-21 23:17:21,965 log 22620 16484 Unauthorized: /api/lessons/courses/4/modules/
WARNING 2026-07-21 23:17:21,966 basehttp 22620 16484 "GET /api/lessons/courses/4/modules/ HTTP/1.1" 401 274
WARNING 2026-07-21 23:18:32,425 exceptions 22620 5556 API error 401: Given token not valid for any token type
WARNING 2026-07-21 23:18:32,444 log 22620 5556 Unauthorized: /api/courses/
WARNING 2026-07-21 23:18:32,448 basehttp 22620 5556 "GET /api/courses/ HTTP/1.1" 401 274
WARNING 2026-07-21 23:19:55,148 exceptions 22620 10900 API error 401: Given token not valid for any token type
WARNING 2026-07-21 23:19:55,162 log 22620 10900 Unauthorized: /api/lessons/courses/4/modules/
WARNING 2026-07-21 23:19:55,166 basehttp 22620 10900 "POST /api/lessons/courses/4/modules/ HTTP/1.1" 401 274
INFO 2026-07-21 23:20:09,568 basehttp 22620 10900 "POST /api/auth/login/ HTTP/1.1" 200 758
WARNING 2026-07-21 23:21:39,792 exceptions 22620 780 API error 401: Authentication credentials were not provided.
WARNING 2026-07-21 23:21:39,822 log 22620 780 Unauthorized: /api/courses/
WARNING 2026-07-21 23:21:39,825 basehttp 22620 780 "GET /api/courses/ HTTP/1.1" 401 165
WARNING 2026-07-21 23:22:42,407 exceptions 22620 1188 API error 401: Authentication credentials were not provided.
WARNING 2026-07-21 23:22:42,424 log 22620 1188 Unauthorized: /api/courses/
WARNING 2026-07-21 23:22:42,427 basehttp 22620 1188 "GET /api/courses/ HTTP/1.1" 401 165
ERROR 2026-07-21 23:23:58,817 exceptions 22620 20412 Unhandled exception: The field 'module_count' was declared on serializer CourseListSerializer, but has not been included in the 'fields' option.
Traceback (most recent call last):
  File "C:\Users\Ammar\OneDrive\Desktop\LMS_project\.venv\Lib\site-packages\rest_framework\views.py", line 512, in dispatch
    response = handler(request, *args, **kwargs)
  File "C:\Users\Ammar\OneDrive\Desktop\LMS_project\.venv\Lib\site-packages\rest_framework\mixins.py", line 43, in list
    return self.get_paginated_response(serializer.data)
                                       ^^^^^^^^^^^^^^^
  File "C:\Users\Ammar\OneDrive\Desktop\LMS_project\.venv\Lib\site-packages\rest_framework\serializers.py", line 809, in data
    ret = super().data
          ^^^^^^^^^^^^
  File "C:\Users\Ammar\OneDrive\Desktop\LMS_project\.venv\Lib\site-packages\rest_framework\serializers.py", line 251, in data
    self._data = self.to_representation(self.instance)
                 ~~~~~~~~~~~~~~~~~~~~~~^^^^^^^^^^^^^^^
  File "C:\Users\Ammar\OneDrive\Desktop\LMS_project\.venv\Lib\site-packages\rest_framework\serializers.py", line 728, in to_representation
    self.child.to_representation(item) for item in iterable
    ~~~~~~~~~~~~~~~~~~~~~~~~~~~~^^^^^^
  File "C:\Users\Ammar\OneDrive\Desktop\LMS_project\.venv\Lib\site-packages\rest_framework\serializers.py", line 537, in to_representation
    for field in fields:
                 ^^^^^^
  File "C:\Users\Ammar\OneDrive\Desktop\LMS_project\.venv\Lib\site-packages\rest_framework\serializers.py", line 398, in _readable_fields
    for field in self.fields.values():
                 ^^^^^^^^^^^
  File "C:\Users\Ammar\OneDrive\Desktop\LMS_project\.venv\Lib\site-packages\django\utils\functional.py", line 47, in __get__
    res = instance.__dict__[self.name] = self.func(instance)
                                         ~~~~~~~~~^^^^^^^^^^
  File "C:\Users\Ammar\OneDrive\Desktop\LMS_project\.venv\Lib\site-packages\rest_framework\serializers.py", line 386, in fields
    for key, value in self.get_fields().items():
                      ~~~~~~~~~~~~~~~^^
  File "C:\Users\Ammar\OneDrive\Desktop\LMS_project\.venv\Lib\site-packages\rest_framework\serializers.py", line 1101, in get_fields
    field_names = self.get_field_names(declared_fields, info)
  File "C:\Users\Ammar\OneDrive\Desktop\LMS_project\.venv\Lib\site-packages\rest_framework\serializers.py", line 1204, in get_field_names
    assert field_name in fields, (
           ^^^^^^^^^^^^^^^^^^^^
AssertionError: The field 'module_count' was declared on serializer CourseListSerializer, but has not been included in the 'fields' option.

ERROR 2026-07-21 23:23:58,844 log 22620 20412 Internal Server Error: /api/courses/
ERROR 2026-07-21 23:23:58,849 basehttp 22620 20412 "GET /api/courses/ HTTP/1.1" 500 80
INFO 2026-07-21 23:26:11,516 autoreload 22620 14872 C:\Users\Ammar\OneDrive\Desktop\LMS_project\apps\courses\serializers.py changed, reloading.
INFO 2026-07-21 23:26:17,307 autoreload 6052 22980 Watching for file changes with StatReloader
INFO 2026-07-21 23:26:22,262 autoreload 6052 22980 C:\Users\Ammar\OneDrive\Desktop\LMS_project\apps\courses\serializers.py changed, reloading.
INFO 2026-07-21 23:26:24,138 autoreload 12728 23312 Watching for file changes with StatReloader
INFO 2026-07-21 23:27:00,987 basehttp 12728 22768 "GET /api/courses/ HTTP/1.1" 200 6159
INFO 2026-07-21 23:27:28,645 middleware 12728 22768 user=82 method=POST path=/api/enrollments/enroll/ status=201 ip=127.0.0.1
INFO 2026-07-21 23:27:28,656 basehttp 12728 22768 "POST /api/enrollments/enroll/ HTTP/1.1" 201 699
WARNING 2026-07-22 20:27:45,743 log 12728 1060 Not Found: /
WARNING 2026-07-22 20:27:45,771 basehttp 12728 1060 "GET / HTTP/1.1" 404 4572
WARNING 2026-07-22 20:27:46,384 log 12728 1060 Not Found: /favicon.ico
WARNING 2026-07-22 20:27:46,385 basehttp 12728 1060 "GET /favicon.ico HTTP/1.1" 404 4623
INFO 2026-07-22 20:27:51,979 basehttp 12728 7900 "GET /admin/ HTTP/1.1" 302 0
INFO 2026-07-22 20:27:52,292 basehttp 12728 7900 "GET /admin/login/?next=/admin/ HTTP/1.1" 200 4170
INFO 2026-07-22 20:27:52,338 basehttp 12728 7900 "GET /static/admin/css/dark_mode.css HTTP/1.1" 304 0
INFO 2026-07-22 20:27:52,339 basehttp 12728 25444 "GET /static/admin/css/base.css HTTP/1.1" 304 0
INFO 2026-07-22 20:27:52,344 basehttp 12728 25228 "GET /static/admin/js/theme.js HTTP/1.1" 304 0
INFO 2026-07-22 20:27:52,349 basehttp 12728 25236 "GET /static/admin/css/nav_sidebar.css HTTP/1.1" 304 0
INFO 2026-07-22 20:27:52,355 basehttp 12728 13716 "GET /static/admin/css/login.css HTTP/1.1" 304 0
INFO 2026-07-22 20:27:52,359 basehttp 12728 16564 "GET /static/admin/css/responsive.css HTTP/1.1" 304 0
INFO 2026-07-22 20:27:52,395 basehttp 12728 16564 "GET /static/admin/js/nav_sidebar.js HTTP/1.1" 304 0
ERROR 2026-07-22 20:28:41,982 log 12728 15244 Internal Server Error: /admin/login/
Traceback (most recent call last):
  File "C:\Users\Ammar\OneDrive\Desktop\LMS_project\.venv\Lib\site-packages\django\db\backends\base\base.py", line 279, in ensure_connection
    self.connect()
    ~~~~~~~~~~~~^^
  File "C:\Users\Ammar\OneDrive\Desktop\LMS_project\.venv\Lib\site-packages\django\utils\asyncio.py", line 26, in inner
    return func(*args, **kwargs)
  File "C:\Users\Ammar\OneDrive\Desktop\LMS_project\.venv\Lib\site-packages\django\db\backends\base\base.py", line 256, in connect
    self.connection = self.get_new_connection(conn_params)
                      ~~~~~~~~~~~~~~~~~~~~~~~^^^^^^^^^^^^^
  File "C:\Users\Ammar\OneDrive\Desktop\LMS_project\.venv\Lib\site-packages\django\utils\asyncio.py", line 26, in inner
    return func(*args, **kwargs)
  File "C:\Users\Ammar\OneDrive\Desktop\LMS_project\.venv\Lib\site-packages\django\db\backends\postgresql\base.py", line 332, in get_new_connection
    connection = self.Database.connect(**conn_params)
  File "C:\Users\Ammar\OneDrive\Desktop\LMS_project\.venv\Lib\site-packages\psycopg2\__init__.py", line 135, in connect
    conn = _connect(dsn, connection_factory=connection_factory, **kwasync)
psycopg2.OperationalError: connection to server at "aws-1-ap-southeast-1.pooler.supabase.com" (3.1.167.181), port 5432 failed: server closed the connection unexpectedly
	This probably means the server terminated abnormally
	before or while processing the request.
server closed the connection unexpectedly
	This probably means the server terminated abnormally
	before or while processing the request.


The above exception was the direct cause of the following exception:

Traceback (most recent call last):
  File "C:\Users\Ammar\OneDrive\Desktop\LMS_project\.venv\Lib\site-packages\django\core\handlers\exception.py", line 55, in inner
    response = get_response(request)
  File "C:\Users\Ammar\OneDrive\Desktop\LMS_project\.venv\Lib\site-packages\django\core\handlers\base.py", line 197, in _get_response
    response = wrapped_callback(request, *callback_args, **callback_kwargs)
  File "C:\Users\Ammar\OneDrive\Desktop\LMS_project\.venv\Lib\site-packages\django\utils\decorators.py", line 48, in _wrapper
    return bound_method(*args, **kwargs)
  File "C:\Users\Ammar\OneDrive\Desktop\LMS_project\.venv\Lib\site-packages\django\views\decorators\cache.py", line 80, in _view_wrapper
    response = view_func(request, *args, **kwargs)
  File "C:\Users\Ammar\OneDrive\Desktop\LMS_project\.venv\Lib\site-packages\django\contrib\admin\sites.py", line 449, in login
    return LoginView.as_view(**defaults)(request)
           ~~~~~~~~~~~~~~~~~~~~~~~~~~~~~^^^^^^^^^
  File "C:\Users\Ammar\OneDrive\Desktop\LMS_project\.venv\Lib\site-packages\django\views\generic\base.py", line 105, in view
    return self.dispatch(request, *args, **kwargs)
           ~~~~~~~~~~~~~^^^^^^^^^^^^^^^^^^^^^^^^^^
  File "C:\Users\Ammar\OneDrive\Desktop\LMS_project\.venv\Lib\site-packages\django\utils\decorators.py", line 48, in _wrapper
    return bound_method(*args, **kwargs)
  File "C:\Users\Ammar\OneDrive\Desktop\LMS_project\.venv\Lib\site-packages\django\utils\decorators.py", line 48, in _wrapper
    return bound_method(*args, **kwargs)
  File "C:\Users\Ammar\OneDrive\Desktop\LMS_project\.venv\Lib\site-packages\django\views\decorators\debug.py", line 143, in sensitive_post_parameters_wrapper
    return view(request, *args, **kwargs)
  File "C:\Users\Ammar\OneDrive\Desktop\LMS_project\.venv\Lib\site-packages\django\utils\decorators.py", line 48, in _wrapper
    return bound_method(*args, **kwargs)
  File "C:\Users\Ammar\OneDrive\Desktop\LMS_project\.venv\Lib\site-packages\django\utils\decorators.py", line 192, in _view_wrapper
    result = _process_exception(request, e)
  File "C:\Users\Ammar\OneDrive\Desktop\LMS_project\.venv\Lib\site-packages\django\utils\decorators.py", line 190, in _view_wrapper
    response = view_func(request, *args, **kwargs)
  File "C:\Users\Ammar\OneDrive\Desktop\LMS_project\.venv\Lib\site-packages\django\utils\decorators.py", line 48, in _wrapper
    return bound_method(*args, **kwargs)
  File "C:\Users\Ammar\OneDrive\Desktop\LMS_project\.venv\Lib\site-packages\django\views\decorators\cache.py", line 80, in _view_wrapper
    response = view_func(request, *args, **kwargs)
  File "C:\Users\Ammar\OneDrive\Desktop\LMS_project\.venv\Lib\site-packages\django\contrib\auth\views.py", line 89, in dispatch
    return super().dispatch(request, *args, **kwargs)
           ~~~~~~~~~~~~~~~~^^^^^^^^^^^^^^^^^^^^^^^^^^
  File "C:\Users\Ammar\OneDrive\Desktop\LMS_project\.venv\Lib\site-packages\django\views\generic\base.py", line 144, in dispatch
    return handler(request, *args, **kwargs)
  File "C:\Users\Ammar\OneDrive\Desktop\LMS_project\.venv\Lib\site-packages\django\views\generic\edit.py", line 150, in post
    if form.is_valid():
       ~~~~~~~~~~~~~^^
  File "C:\Users\Ammar\OneDrive\Desktop\LMS_project\.venv\Lib\site-packages\django\forms\forms.py", line 206, in is_valid
    return self.is_bound and not self.errors
                                 ^^^^^^^^^^^
  File "C:\Users\Ammar\OneDrive\Desktop\LMS_project\.venv\Lib\site-packages\django\forms\forms.py", line 201, in errors
    self.full_clean()
    ~~~~~~~~~~~~~~~^^
  File "C:\Users\Ammar\OneDrive\Desktop\LMS_project\.venv\Lib\site-packages\django\forms\forms.py", line 338, in full_clean
    self._clean_form()
    ~~~~~~~~~~~~~~~~^^
  File "C:\Users\Ammar\OneDrive\Desktop\LMS_project\.venv\Lib\site-packages\django\forms\forms.py", line 354, in _clean_form
    cleaned_data = self.clean()
  File "C:\Users\Ammar\OneDrive\Desktop\LMS_project\.venv\Lib\site-packages\django\views\decorators\debug.py", line 75, in sensitive_variables_wrapper
    return func(*func_args, **func_kwargs)
  File "C:\Users\Ammar\OneDrive\Desktop\LMS_project\.venv\Lib\site-packages\django\contrib\auth\forms.py", line 366, in clean
    self.user_cache = authenticate(
                      ~~~~~~~~~~~~^
        self.request, username=username, password=password
        ^^^^^^^^^^^^^^^^^^^^^^^^^^^^^^^^^^^^^^^^^^^^^^^^^^
    )
    ^
  File "C:\Users\Ammar\OneDrive\Desktop\LMS_project\.venv\Lib\site-packages\django\views\decorators\debug.py", line 75, in sensitive_variables_wrapper
    return func(*func_args, **func_kwargs)
  File "C:\Users\Ammar\OneDrive\Desktop\LMS_project\.venv\Lib\site-packages\django\contrib\auth\__init__.py", line 114, in authenticate
    user = backend.authenticate(request, **credentials)
  File "C:\Users\Ammar\OneDrive\Desktop\LMS_project\.venv\Lib\site-packages\django\contrib\auth\backends.py", line 65, in authenticate
    user = UserModel._default_manager.get_by_natural_key(username)
  File "C:\Users\Ammar\OneDrive\Desktop\LMS_project\.venv\Lib\site-packages\django\contrib\auth\base_user.py", line 37, in get_by_natural_key
    return self.get(**{self.model.USERNAME_FIELD: username})
           ~~~~~~~~^^^^^^^^^^^^^^^^^^^^^^^^^^^^^^^^^^^^^^^^^
  File "C:\Users\Ammar\OneDrive\Desktop\LMS_project\.venv\Lib\site-packages\django\db\models\manager.py", line 87, in manager_method
    return getattr(self.get_queryset(), name)(*args, **kwargs)
           ~~~~~~~~~~~~~~~~~~~~~~~~~~~~~~~~~~^^^^^^^^^^^^^^^^^
  File "C:\Users\Ammar\OneDrive\Desktop\LMS_project\.venv\Lib\site-packages\django\db\models\query.py", line 631, in get
    num = len(clone)
  File "C:\Users\Ammar\OneDrive\Desktop\LMS_project\.venv\Lib\site-packages\django\db\models\query.py", line 368, in __len__
    self._fetch_all()
    ~~~~~~~~~~~~~~~^^
  File "C:\Users\Ammar\OneDrive\Desktop\LMS_project\.venv\Lib\site-packages\django\db\models\query.py", line 1954, in _fetch_all
    self._result_cache = list(self._iterable_class(self))
                         ~~~~^^^^^^^^^^^^^^^^^^^^^^^^^^^^
  File "C:\Users\Ammar\OneDrive\Desktop\LMS_project\.venv\Lib\site-packages\django\db\models\query.py", line 93, in __iter__
    results = compiler.execute_sql(
        chunked_fetch=self.chunked_fetch, chunk_size=self.chunk_size
    )
  File "C:\Users\Ammar\OneDrive\Desktop\LMS_project\.venv\Lib\site-packages\django\db\models\sql\compiler.py", line 1621, in execute_sql
    cursor = self.connection.cursor()
  File "C:\Users\Ammar\OneDrive\Desktop\LMS_project\.venv\Lib\site-packages\django\utils\asyncio.py", line 26, in inner
    return func(*args, **kwargs)
  File "C:\Users\Ammar\OneDrive\Desktop\LMS_project\.venv\Lib\site-packages\django\db\backends\base\base.py", line 320, in cursor
    return self._cursor()
           ~~~~~~~~~~~~^^
  File "C:\Users\Ammar\OneDrive\Desktop\LMS_project\.venv\Lib\site-packages\django\db\backends\base\base.py", line 296, in _cursor
    self.ensure_connection()
    ~~~~~~~~~~~~~~~~~~~~~~^^
  File "C:\Users\Ammar\OneDrive\Desktop\LMS_project\.venv\Lib\site-packages\django\utils\asyncio.py", line 26, in inner
    return func(*args, **kwargs)
  File "C:\Users\Ammar\OneDrive\Desktop\LMS_project\.venv\Lib\site-packages\django\db\backends\base\base.py", line 278, in ensure_connection
    with self.wrap_database_errors:
         ^^^^^^^^^^^^^^^^^^^^^^^^^
  File "C:\Users\Ammar\OneDrive\Desktop\LMS_project\.venv\Lib\site-packages\django\db\utils.py", line 91, in __exit__
    raise dj_exc_value.with_traceback(traceback) from exc_value
  File "C:\Users\Ammar\OneDrive\Desktop\LMS_project\.venv\Lib\site-packages\django\db\backends\base\base.py", line 279, in ensure_connection
    self.connect()
    ~~~~~~~~~~~~^^
  File "C:\Users\Ammar\OneDrive\Desktop\LMS_project\.venv\Lib\site-packages\django\utils\asyncio.py", line 26, in inner
    return func(*args, **kwargs)
  File "C:\Users\Ammar\OneDrive\Desktop\LMS_project\.venv\Lib\site-packages\django\db\backends\base\base.py", line 256, in connect
    self.connection = self.get_new_connection(conn_params)
                      ~~~~~~~~~~~~~~~~~~~~~~~^^^^^^^^^^^^^
  File "C:\Users\Ammar\OneDrive\Desktop\LMS_project\.venv\Lib\site-packages\django\utils\asyncio.py", line 26, in inner
    return func(*args, **kwargs)
  File "C:\Users\Ammar\OneDrive\Desktop\LMS_project\.venv\Lib\site-packages\django\db\backends\postgresql\base.py", line 332, in get_new_connection
    connection = self.Database.connect(**conn_params)
  File "C:\Users\Ammar\OneDrive\Desktop\LMS_project\.venv\Lib\site-packages\psycopg2\__init__.py", line 135, in connect
    conn = _connect(dsn, connection_factory=connection_factory, **kwasync)
django.db.utils.OperationalError: connection to server at "aws-1-ap-southeast-1.pooler.supabase.com" (3.1.167.181), port 5432 failed: server closed the connection unexpectedly
	This probably means the server terminated abnormally
	before or while processing the request.
server closed the connection unexpectedly
	This probably means the server terminated abnormally
	before or while processing the request.

ERROR 2026-07-22 20:28:42,089 basehttp 12728 15244 "POST /admin/login/?next=/admin/ HTTP/1.1" 500 303692
WARNING 2026-07-22 20:29:53,875 log 12728 22948 Not Found: /
WARNING 2026-07-22 20:29:53,904 basehttp 12728 22948 "GET / HTTP/1.1" 404 4572
WARNING 2026-07-22 20:29:54,046 log 12728 22948 Not Found: /
WARNING 2026-07-22 20:29:54,048 basehttp 12728 22948 "GET / HTTP/1.1" 404 4572
INFO 2026-07-22 20:30:00,642 basehttp 12728 21008 "GET /admin/ HTTP/1.1" 302 0
INFO 2026-07-22 20:30:00,805 basehttp 12728 21008 "GET /admin/login/?next=/admin/ HTTP/1.1" 200 4170
ERROR 2026-07-22 20:30:43,951 log 12728 24500 Internal Server Error: /admin/login/
Traceback (most recent call last):
  File "C:\Users\Ammar\OneDrive\Desktop\LMS_project\.venv\Lib\site-packages\django\db\backends\base\base.py", line 279, in ensure_connection
    self.connect()
    ~~~~~~~~~~~~^^
  File "C:\Users\Ammar\OneDrive\Desktop\LMS_project\.venv\Lib\site-packages\django\utils\asyncio.py", line 26, in inner
    return func(*args, **kwargs)
  File "C:\Users\Ammar\OneDrive\Desktop\LMS_project\.venv\Lib\site-packages\django\db\backends\base\base.py", line 256, in connect
    self.connection = self.get_new_connection(conn_params)
                      ~~~~~~~~~~~~~~~~~~~~~~~^^^^^^^^^^^^^
  File "C:\Users\Ammar\OneDrive\Desktop\LMS_project\.venv\Lib\site-packages\django\utils\asyncio.py", line 26, in inner
    return func(*args, **kwargs)
  File "C:\Users\Ammar\OneDrive\Desktop\LMS_project\.venv\Lib\site-packages\django\db\backends\postgresql\base.py", line 332, in get_new_connection
    connection = self.Database.connect(**conn_params)
  File "C:\Users\Ammar\OneDrive\Desktop\LMS_project\.venv\Lib\site-packages\psycopg2\__init__.py", line 135, in connect
    conn = _connect(dsn, connection_factory=connection_factory, **kwasync)
psycopg2.OperationalError: could not translate host name "aws-1-ap-southeast-1.pooler.supabase.com" to address: Name or service not known


The above exception was the direct cause of the following exception:

Traceback (most recent call last):
  File "C:\Users\Ammar\OneDrive\Desktop\LMS_project\.venv\Lib\site-packages\django\core\handlers\exception.py", line 55, in inner
    response = get_response(request)
  File "C:\Users\Ammar\OneDrive\Desktop\LMS_project\.venv\Lib\site-packages\django\core\handlers\base.py", line 197, in _get_response
    response = wrapped_callback(request, *callback_args, **callback_kwargs)
  File "C:\Users\Ammar\OneDrive\Desktop\LMS_project\.venv\Lib\site-packages\django\utils\decorators.py", line 48, in _wrapper
    return bound_method(*args, **kwargs)
  File "C:\Users\Ammar\OneDrive\Desktop\LMS_project\.venv\Lib\site-packages\django\views\decorators\cache.py", line 80, in _view_wrapper
    response = view_func(request, *args, **kwargs)
  File "C:\Users\Ammar\OneDrive\Desktop\LMS_project\.venv\Lib\site-packages\django\contrib\admin\sites.py", line 449, in login
    return LoginView.as_view(**defaults)(request)
           ~~~~~~~~~~~~~~~~~~~~~~~~~~~~~^^^^^^^^^
  File "C:\Users\Ammar\OneDrive\Desktop\LMS_project\.venv\Lib\site-packages\django\views\generic\base.py", line 105, in view
    return self.dispatch(request, *args, **kwargs)
           ~~~~~~~~~~~~~^^^^^^^^^^^^^^^^^^^^^^^^^^
  File "C:\Users\Ammar\OneDrive\Desktop\LMS_project\.venv\Lib\site-packages\django\utils\decorators.py", line 48, in _wrapper
    return bound_method(*args, **kwargs)
  File "C:\Users\Ammar\OneDrive\Desktop\LMS_project\.venv\Lib\site-packages\django\utils\decorators.py", line 48, in _wrapper
    return bound_method(*args, **kwargs)
  File "C:\Users\Ammar\OneDrive\Desktop\LMS_project\.venv\Lib\site-packages\django\views\decorators\debug.py", line 143, in sensitive_post_parameters_wrapper
    return view(request, *args, **kwargs)
  File "C:\Users\Ammar\OneDrive\Desktop\LMS_project\.venv\Lib\site-packages\django\utils\decorators.py", line 48, in _wrapper
    return bound_method(*args, **kwargs)
  File "C:\Users\Ammar\OneDrive\Desktop\LMS_project\.venv\Lib\site-packages\django\utils\decorators.py", line 192, in _view_wrapper
    result = _process_exception(request, e)
  File "C:\Users\Ammar\OneDrive\Desktop\LMS_project\.venv\Lib\site-packages\django\utils\decorators.py", line 190, in _view_wrapper
    response = view_func(request, *args, **kwargs)
  File "C:\Users\Ammar\OneDrive\Desktop\LMS_project\.venv\Lib\site-packages\django\utils\decorators.py", line 48, in _wrapper
    return bound_method(*args, **kwargs)
  File "C:\Users\Ammar\OneDrive\Desktop\LMS_project\.venv\Lib\site-packages\django\views\decorators\cache.py", line 80, in _view_wrapper
    response = view_func(request, *args, **kwargs)
  File "C:\Users\Ammar\OneDrive\Desktop\LMS_project\.venv\Lib\site-packages\django\contrib\auth\views.py", line 89, in dispatch
    return super().dispatch(request, *args, **kwargs)
           ~~~~~~~~~~~~~~~~^^^^^^^^^^^^^^^^^^^^^^^^^^
  File "C:\Users\Ammar\OneDrive\Desktop\LMS_project\.venv\Lib\site-packages\django\views\generic\base.py", line 144, in dispatch
    return handler(request, *args, **kwargs)
  File "C:\Users\Ammar\OneDrive\Desktop\LMS_project\.venv\Lib\site-packages\django\views\generic\edit.py", line 150, in post
    if form.is_valid():
       ~~~~~~~~~~~~~^^
  File "C:\Users\Ammar\OneDrive\Desktop\LMS_project\.venv\Lib\site-packages\django\forms\forms.py", line 206, in is_valid
    return self.is_bound and not self.errors
                                 ^^^^^^^^^^^
  File "C:\Users\Ammar\OneDrive\Desktop\LMS_project\.venv\Lib\site-packages\django\forms\forms.py", line 201, in errors
    self.full_clean()
    ~~~~~~~~~~~~~~~^^
  File "C:\Users\Ammar\OneDrive\Desktop\LMS_project\.venv\Lib\site-packages\django\forms\forms.py", line 338, in full_clean
    self._clean_form()
    ~~~~~~~~~~~~~~~~^^
  File "C:\Users\Ammar\OneDrive\Desktop\LMS_project\.venv\Lib\site-packages\django\forms\forms.py", line 354, in _clean_form
    cleaned_data = self.clean()
  File "C:\Users\Ammar\OneDrive\Desktop\LMS_project\.venv\Lib\site-packages\django\views\decorators\debug.py", line 75, in sensitive_variables_wrapper
    return func(*func_args, **func_kwargs)
  File "C:\Users\Ammar\OneDrive\Desktop\LMS_project\.venv\Lib\site-packages\django\contrib\auth\forms.py", line 366, in clean
    self.user_cache = authenticate(
                      ~~~~~~~~~~~~^
        self.request, username=username, password=password
        ^^^^^^^^^^^^^^^^^^^^^^^^^^^^^^^^^^^^^^^^^^^^^^^^^^
    )
    ^
  File "C:\Users\Ammar\OneDrive\Desktop\LMS_project\.venv\Lib\site-packages\django\views\decorators\debug.py", line 75, in sensitive_variables_wrapper
    return func(*func_args, **func_kwargs)
  File "C:\Users\Ammar\OneDrive\Desktop\LMS_project\.venv\Lib\site-packages\django\contrib\auth\__init__.py", line 114, in authenticate
    user = backend.authenticate(request, **credentials)
  File "C:\Users\Ammar\OneDrive\Desktop\LMS_project\.venv\Lib\site-packages\django\contrib\auth\backends.py", line 65, in authenticate
    user = UserModel._default_manager.get_by_natural_key(username)
  File "C:\Users\Ammar\OneDrive\Desktop\LMS_project\.venv\Lib\site-packages\django\contrib\auth\base_user.py", line 37, in get_by_natural_key
    return self.get(**{self.model.USERNAME_FIELD: username})
           ~~~~~~~~^^^^^^^^^^^^^^^^^^^^^^^^^^^^^^^^^^^^^^^^^
  File "C:\Users\Ammar\OneDrive\Desktop\LMS_project\.venv\Lib\site-packages\django\db\models\manager.py", line 87, in manager_method
    return getattr(self.get_queryset(), name)(*args, **kwargs)
           ~~~~~~~~~~~~~~~~~~~~~~~~~~~~~~~~~~^^^^^^^^^^^^^^^^^
  File "C:\Users\Ammar\OneDrive\Desktop\LMS_project\.venv\Lib\site-packages\django\db\models\query.py", line 631, in get
    num = len(clone)
  File "C:\Users\Ammar\OneDrive\Desktop\LMS_project\.venv\Lib\site-packages\django\db\models\query.py", line 368, in __len__
    self._fetch_all()
    ~~~~~~~~~~~~~~~^^
  File "C:\Users\Ammar\OneDrive\Desktop\LMS_project\.venv\Lib\site-packages\django\db\models\query.py", line 1954, in _fetch_all
    self._result_cache = list(self._iterable_class(self))
                         ~~~~^^^^^^^^^^^^^^^^^^^^^^^^^^^^
  File "C:\Users\Ammar\OneDrive\Desktop\LMS_project\.venv\Lib\site-packages\django\db\models\query.py", line 93, in __iter__
    results = compiler.execute_sql(
        chunked_fetch=self.chunked_fetch, chunk_size=self.chunk_size
    )
  File "C:\Users\Ammar\OneDrive\Desktop\LMS_project\.venv\Lib\site-packages\django\db\models\sql\compiler.py", line 1621, in execute_sql
    cursor = self.connection.cursor()
  File "C:\Users\Ammar\OneDrive\Desktop\LMS_project\.venv\Lib\site-packages\django\utils\asyncio.py", line 26, in inner
    return func(*args, **kwargs)
  File "C:\Users\Ammar\OneDrive\Desktop\LMS_project\.venv\Lib\site-packages\django\db\backends\base\base.py", line 320, in cursor
    return self._cursor()
           ~~~~~~~~~~~~^^
  File "C:\Users\Ammar\OneDrive\Desktop\LMS_project\.venv\Lib\site-packages\django\db\backends\base\base.py", line 296, in _cursor
    self.ensure_connection()
    ~~~~~~~~~~~~~~~~~~~~~~^^
  File "C:\Users\Ammar\OneDrive\Desktop\LMS_project\.venv\Lib\site-packages\django\utils\asyncio.py", line 26, in inner
    return func(*args, **kwargs)
  File "C:\Users\Ammar\OneDrive\Desktop\LMS_project\.venv\Lib\site-packages\django\db\backends\base\base.py", line 278, in ensure_connection
    with self.wrap_database_errors:
         ^^^^^^^^^^^^^^^^^^^^^^^^^
  File "C:\Users\Ammar\OneDrive\Desktop\LMS_project\.venv\Lib\site-packages\django\db\utils.py", line 91, in __exit__
    raise dj_exc_value.with_traceback(traceback) from exc_value
  File "C:\Users\Ammar\OneDrive\Desktop\LMS_project\.venv\Lib\site-packages\django\db\backends\base\base.py", line 279, in ensure_connection
    self.connect()
    ~~~~~~~~~~~~^^
  File "C:\Users\Ammar\OneDrive\Desktop\LMS_project\.venv\Lib\site-packages\django\utils\asyncio.py", line 26, in inner
    return func(*args, **kwargs)
  File "C:\Users\Ammar\OneDrive\Desktop\LMS_project\.venv\Lib\site-packages\django\db\backends\base\base.py", line 256, in connect
    self.connection = self.get_new_connection(conn_params)
                      ~~~~~~~~~~~~~~~~~~~~~~~^^^^^^^^^^^^^
  File "C:\Users\Ammar\OneDrive\Desktop\LMS_project\.venv\Lib\site-packages\django\utils\asyncio.py", line 26, in inner
    return func(*args, **kwargs)
  File "C:\Users\Ammar\OneDrive\Desktop\LMS_project\.venv\Lib\site-packages\django\db\backends\postgresql\base.py", line 332, in get_new_connection
    connection = self.Database.connect(**conn_params)
  File "C:\Users\Ammar\OneDrive\Desktop\LMS_project\.venv\Lib\site-packages\psycopg2\__init__.py", line 135, in connect
    conn = _connect(dsn, connection_factory=connection_factory, **kwasync)
django.db.utils.OperationalError: could not translate host name "aws-1-ap-southeast-1.pooler.supabase.com" to address: Name or service not known

ERROR 2026-07-22 20:30:44,016 basehttp 12728 24500 "POST /admin/login/?next=/admin/ HTTP/1.1" 500 301561
INFO 2026-07-22 20:34:44,657 autoreload 23336 7268 Watching for file changes with StatReloader
INFO 2026-07-22 20:36:17,623 autoreload 2140 8660 Watching for file changes with StatReloader
WARNING 2026-07-22 20:36:24,848 log 2140 24804 Not Found: /
WARNING 2026-07-22 20:36:24,849 basehttp 2140 24804 "GET / HTTP/1.1" 404 4572
INFO 2026-07-22 20:36:35,644 basehttp 2140 17896 "GET /admin/ HTTP/1.1" 302 0
INFO 2026-07-22 20:36:35,890 basehttp 2140 17896 "GET /admin/login/?next=/admin/ HTTP/1.1" 200 4170
INFO 2026-07-22 20:36:41,395 basehttp 2140 23604 "POST /admin/login/?next=/admin/ HTTP/1.1" 200 4334
INFO 2026-07-22 20:39:11,114 basehttp 2140 23932 "POST /admin/login/?next=/admin/ HTTP/1.1" 200 4351
INFO 2026-07-22 20:39:49,450 basehttp 2140 22464 "POST /admin/login/?next=/admin/ HTTP/1.1" 200 4351
INFO 2026-07-22 21:08:11,625 autoreload 9392 24696 Watching for file changes with StatReloader
WARNING 2026-07-22 21:08:29,938 log 9392 12124 Not Found: /
WARNING 2026-07-22 21:08:30,025 basehttp 9392 12124 "GET / HTTP/1.1" 404 4572
INFO 2026-07-22 21:08:34,683 basehttp 9392 6216 "GET /admin/ HTTP/1.1" 302 0
INFO 2026-07-22 21:08:35,580 basehttp 9392 6216 "GET /admin/login/?next=/admin/ HTTP/1.1" 200 4170
INFO 2026-07-22 21:09:14,677 basehttp 9392 6276 "POST /admin/login/?next=/admin/ HTTP/1.1" 302 0
INFO 2026-07-22 21:09:16,112 basehttp 9392 6276 "GET /admin/ HTTP/1.1" 200 23007
INFO 2026-07-22 21:09:16,291 basehttp 9392 6276 "GET /static/admin/css/dashboard.css HTTP/1.1" 200 441
INFO 2026-07-22 21:09:16,304 basehttp 9392 6276 "GET /static/admin/img/icon-addlink.svg HTTP/1.1" 200 331
INFO 2026-07-22 21:09:16,306 basehttp 9392 23504 "GET /static/admin/img/icon-changelink.svg HTTP/1.1" 200 380
INFO 2026-07-22 21:15:26,836 basehttp 9392 13028 "GET /admin/users/user/add/ HTTP/1.1" 200 26884
INFO 2026-07-22 21:15:26,933 basehttp 9392 13028 "GET /static/admin/css/forms.css HTTP/1.1" 200 8525
INFO 2026-07-22 21:15:26,935 basehttp 9392 24992 "GET /static/admin/js/core.js HTTP/1.1" 200 6208
INFO 2026-07-22 21:15:27,028 basehttp 9392 19776 "GET /static/admin/js/admin/RelatedObjectLookups.js HTTP/1.1" 200 9777
INFO 2026-07-22 21:15:27,029 basehttp 9392 13028 "GET /static/admin/css/unusable_password_field.css HTTP/1.1" 200 663
INFO 2026-07-22 21:15:27,029 basehttp 9392 25172 "GET /static/admin/js/jquery.init.js HTTP/1.1" 200 347
INFO 2026-07-22 21:15:27,038 basehttp 9392 24992 "GET /static/admin/js/urlify.js HTTP/1.1" 200 7887
INFO 2026-07-22 21:15:27,045 basehttp 9392 13028 "GET /static/admin/css/widgets.css HTTP/1.1" 200 11973
INFO 2026-07-22 21:15:27,052 basehttp 9392 25172 "GET /static/admin/js/actions.js HTTP/1.1" 200 8076
INFO 2026-07-22 21:15:27,053 basehttp 9392 24992 "GET /static/admin/js/prepopulate.js HTTP/1.1" 200 1531
INFO 2026-07-22 21:15:27,055 basehttp 9392 13028 "GET /static/admin/js/prepopulate_init.js HTTP/1.1" 200 586
INFO 2026-07-22 21:15:27,061 basehttp 9392 2528 "GET /static/admin/js/vendor/jquery/jquery.js HTTP/1.1" 200 285314
INFO 2026-07-22 21:15:27,063 basehttp 9392 19776 "GET /static/admin/js/vendor/xregexp/xregexp.js HTTP/1.1" 200 325171
INFO 2026-07-22 21:15:27,071 basehttp 9392 19776 "GET /static/admin/js/change_form.js HTTP/1.1" 200 606
INFO 2026-07-22 21:15:27,081 basehttp 9392 19776 "GET /static/admin/js/unusable_password_field.js HTTP/1.1" 200 1480
INFO 2026-07-22 21:15:28,096 basehttp 9392 24592 "GET /admin/jsi18n/ HTTP/1.1" 200 3342
INFO 2026-07-22 21:18:13,436 basehttp 9392 21720 "GET /admin/ HTTP/1.1" 200 23007
INFO 2026-07-22 21:18:28,120 basehttp 9392 24172 - Broken pipe from ('127.0.0.1', 60834)
INFO 2026-07-22 21:18:29,207 basehttp 9392 7204 "GET /admin/users/user/ HTTP/1.1" 200 33075
INFO 2026-07-22 21:18:29,238 basehttp 9392 3808 "GET /static/admin/css/changelists.css HTTP/1.1" 200 6878
INFO 2026-07-22 21:18:29,239 basehttp 9392 24272 "GET /static/admin/img/icon-no.svg HTTP/1.1" 200 560
INFO 2026-07-22 21:18:29,239 basehttp 9392 14244 "GET /static/admin/img/search.svg HTTP/1.1" 200 458
INFO 2026-07-22 21:18:29,246 basehttp 9392 24272 "GET /static/admin/img/icon-yes.svg HTTP/1.1" 200 436
INFO 2026-07-22 21:18:29,254 basehttp 9392 24272 "GET /static/admin/js/filters.js HTTP/1.1" 200 978
INFO 2026-07-22 21:18:30,024 basehttp 9392 7204 "GET /admin/jsi18n/ HTTP/1.1" 200 3342
INFO 2026-07-22 21:18:30,076 basehttp 9392 7204 "GET /static/admin/img/tooltag-add.svg HTTP/1.1" 200 331
INFO 2026-07-22 21:18:30,079 basehttp 9392 7204 "GET /static/admin/img/icon-viewlink.svg HTTP/1.1" 200 581
INFO 2026-07-22 21:18:51,359 basehttp 9392 23924 "GET /admin/ HTTP/1.1" 200 23007
INFO 2026-07-22 21:19:18,819 basehttp 9392 21412 - Broken pipe from ('127.0.0.1', 64213)
INFO 2026-07-22 21:19:19,622 basehttp 9392 22796 "GET /admin/users/user/add/ HTTP/1.1" 200 26884
INFO 2026-07-22 21:19:19,714 basehttp 9392 12964 - Broken pipe from ('127.0.0.1', 64229)
INFO 2026-07-22 21:19:21,195 basehttp 9392 22796 "GET /admin/jsi18n/ HTTP/1.1" 200 3342
INFO 2026-07-22 21:20:47,114 basehttp 9392 16008 "GET /admin/users/user/ HTTP/1.1" 200 33075
INFO 2026-07-22 21:20:47,124 basehttp 9392 25168 - Broken pipe from ('127.0.0.1', 58538)
INFO 2026-07-22 21:20:48,435 basehttp 9392 16008 "GET /admin/jsi18n/ HTTP/1.1" 200 3342
INFO 2026-07-22 21:21:01,279 basehttp 9392 10356 "GET /admin/users/user/add/ HTTP/1.1" 200 26884
INFO 2026-07-22 21:21:02,126 basehttp 9392 10356 "GET /admin/jsi18n/ HTTP/1.1" 200 3342
INFO 2026-07-22 21:21:54,872 basehttp 9392 19436 "POST /admin/users/user/add/ HTTP/1.1" 200 27168
INFO 2026-07-22 21:21:55,655 basehttp 9392 19436 "GET /admin/jsi18n/ HTTP/1.1" 200 3342
INFO 2026-07-22 21:22:50,926 basehttp 9392 24500 "POST /admin/users/user/add/ HTTP/1.1" 200 27168
INFO 2026-07-22 21:22:52,055 basehttp 9392 24500 "GET /admin/jsi18n/ HTTP/1.1" 200 3342
INFO 2026-07-22 21:23:52,191 basehttp 9392 24544 "POST /admin/users/user/add/ HTTP/1.1" 302 0
INFO 2026-07-22 21:23:54,797 basehttp 9392 24544 "GET /admin/users/user/84/change/ HTTP/1.1" 200 47978
INFO 2026-07-22 21:23:54,835 basehttp 9392 1132 "GET /static/admin/js/calendar.js HTTP/1.1" 200 9141
INFO 2026-07-22 21:23:54,838 basehttp 9392 10032 "GET /static/admin/js/SelectFilter2.js HTTP/1.1" 200 15845
INFO 2026-07-22 21:23:54,841 basehttp 9392 23008 "GET /static/admin/js/SelectBox.js HTTP/1.1" 200 4530
INFO 2026-07-22 21:23:54,844 basehttp 9392 24180 "GET /static/admin/js/admin/DateTimeShortcuts.js HTTP/1.1" 200 19319
INFO 2026-07-22 21:23:55,597 basehttp 9392 24544 "GET /admin/jsi18n/ HTTP/1.1" 200 3342
INFO 2026-07-22 21:23:55,650 basehttp 9392 24180 "GET /static/admin/img/icon-calendar.svg HTTP/1.1" 200 1086
INFO 2026-07-22 21:23:55,650 basehttp 9392 24544 "GET /static/admin/img/selector-icons.svg HTTP/1.1" 200 3291
INFO 2026-07-22 21:23:55,651 basehttp 9392 23008 "GET /static/admin/img/icon-clock.svg HTTP/1.1" 200 677
INFO 2026-07-22 21:26:51,115 basehttp 9392 19044 "POST /admin/users/user/84/change/ HTTP/1.1" 302 0
INFO 2026-07-22 21:26:52,939 basehttp 9392 19044 "GET /admin/users/user/ HTTP/1.1" 200 33831
INFO 2026-07-22 21:26:53,874 basehttp 9392 19044 "GET /admin/jsi18n/ HTTP/1.1" 200 3342
ERROR 2026-07-22 21:29:47,595 log 9392 11896 Internal Server Error: /admin/users/user/
Traceback (most recent call last):
  File "C:\Users\Ammar\OneDrive\Desktop\LMS_project\.venv\Lib\site-packages\django\db\backends\utils.py", line 105, in _execute
    return self.cursor.execute(sql, params)
           ~~~~~~~~~~~~~~~~~~~^^^^^^^^^^^^^
psycopg2.errors.UndefinedTable: relation "password_reset_tokens" does not exist
LINE 1: ...ser"."created_at", "users_user"."updated_at" FROM "password_...
                                                             ^


The above exception was the direct cause of the following exception:

Traceback (most recent call last):
  File "C:\Users\Ammar\OneDrive\Desktop\LMS_project\.venv\Lib\site-packages\django\core\handlers\exception.py", line 55, in inner
    response = get_response(request)
  File "C:\Users\Ammar\OneDrive\Desktop\LMS_project\.venv\Lib\site-packages\django\core\handlers\base.py", line 197, in _get_response
    response = wrapped_callback(request, *callback_args, **callback_kwargs)
  File "C:\Users\Ammar\OneDrive\Desktop\LMS_project\.venv\Lib\site-packages\django\contrib\admin\options.py", line 720, in wrapper
    return self.admin_site.admin_view(view)(*args, **kwargs)
           ~~~~~~~~~~~~~~~~~~~~~~~~~~~~~~~~^^^^^^^^^^^^^^^^^
  File "C:\Users\Ammar\OneDrive\Desktop\LMS_project\.venv\Lib\site-packages\django\utils\decorators.py", line 192, in _view_wrapper
    result = _process_exception(request, e)
  File "C:\Users\Ammar\OneDrive\Desktop\LMS_project\.venv\Lib\site-packages\django\utils\decorators.py", line 190, in _view_wrapper
    response = view_func(request, *args, **kwargs)
  File "C:\Users\Ammar\OneDrive\Desktop\LMS_project\.venv\Lib\site-packages\django\views\decorators\cache.py", line 80, in _view_wrapper
    response = view_func(request, *args, **kwargs)
  File "C:\Users\Ammar\OneDrive\Desktop\LMS_project\.venv\Lib\site-packages\django\contrib\admin\sites.py", line 246, in inner
    return view(request, *args, **kwargs)
  File "C:\Users\Ammar\OneDrive\Desktop\LMS_project\.venv\Lib\site-packages\django\utils\decorators.py", line 48, in _wrapper
    return bound_method(*args, **kwargs)
  File "C:\Users\Ammar\OneDrive\Desktop\LMS_project\.venv\Lib\site-packages\django\utils\decorators.py", line 192, in _view_wrapper
    result = _process_exception(request, e)
  File "C:\Users\Ammar\OneDrive\Desktop\LMS_project\.venv\Lib\site-packages\django\utils\decorators.py", line 190, in _view_wrapper
    response = view_func(request, *args, **kwargs)
  File "C:\Users\Ammar\OneDrive\Desktop\LMS_project\.venv\Lib\site-packages\django\contrib\admin\options.py", line 2058, in changelist_view
    response = self.response_action(
        request, queryset=cl.get_queryset(request)
    )
  File "C:\Users\Ammar\OneDrive\Desktop\LMS_project\.venv\Lib\site-packages\django\contrib\admin\options.py", line 1687, in response_action
    response = func(self, request, queryset)
  File "C:\Users\Ammar\OneDrive\Desktop\LMS_project\.venv\Lib\site-packages\django\contrib\admin\actions.py", line 39, in delete_selected
    ) = modeladmin.get_deleted_objects(queryset, request)
        ~~~~~~~~~~~~~~~~~~~~~~~~~~~~~~^^^^^^^^^^^^^^^^^^^
  File "C:\Users\Ammar\OneDrive\Desktop\LMS_project\.venv\Lib\site-packages\django\contrib\admin\options.py", line 2202, in get_deleted_objects
    return get_deleted_objects(objs, request, self.admin_site)
  File "C:\Users\Ammar\OneDrive\Desktop\LMS_project\.venv\Lib\site-packages\django\contrib\admin\utils.py", line 138, in get_deleted_objects
    collector.collect(objs)
    ~~~~~~~~~~~~~~~~~^^^^^^
  File "C:\Users\Ammar\OneDrive\Desktop\LMS_project\.venv\Lib\site-packages\django\contrib\admin\utils.py", line 205, in collect
    return super().collect(objs, source_attr=source_attr, **kwargs)
           ~~~~~~~~~~~~~~~^^^^^^^^^^^^^^^^^^^^^^^^^^^^^^^^^^^^^^^^^
  File "C:\Users\Ammar\OneDrive\Desktop\LMS_project\.venv\Lib\site-packages\django\db\models\deletion.py", line 343, in collect
    if getattr(on_delete, "lazy_sub_objs", False) or sub_objs:
                                                     ^^^^^^^^
  File "C:\Users\Ammar\OneDrive\Desktop\LMS_project\.venv\Lib\site-packages\django\db\models\query.py", line 400, in __bool__
    self._fetch_all()
    ~~~~~~~~~~~~~~~^^
  File "C:\Users\Ammar\OneDrive\Desktop\LMS_project\.venv\Lib\site-packages\django\db\models\query.py", line 1954, in _fetch_all
    self._result_cache = list(self._iterable_class(self))
                         ~~~~^^^^^^^^^^^^^^^^^^^^^^^^^^^^
  File "C:\Users\Ammar\OneDrive\Desktop\LMS_project\.venv\Lib\site-packages\django\db\models\query.py", line 93, in __iter__
    results = compiler.execute_sql(
        chunked_fetch=self.chunked_fetch, chunk_size=self.chunk_size
    )
  File "C:\Users\Ammar\OneDrive\Desktop\LMS_project\.venv\Lib\site-packages\django\db\models\sql\compiler.py", line 1623, in execute_sql
    cursor.execute(sql, params)
    ~~~~~~~~~~~~~~^^^^^^^^^^^^^
  File "C:\Users\Ammar\OneDrive\Desktop\LMS_project\.venv\Lib\site-packages\django\db\backends\utils.py", line 122, in execute
    return super().execute(sql, params)
           ~~~~~~~~~~~~~~~^^^^^^^^^^^^^
  File "C:\Users\Ammar\OneDrive\Desktop\LMS_project\.venv\Lib\site-packages\django\db\backends\utils.py", line 79, in execute
    return self._execute_with_wrappers(
           ~~~~~~~~~~~~~~~~~~~~~~~~~~~^
        sql, params, many=False, executor=self._execute
        ^^^^^^^^^^^^^^^^^^^^^^^^^^^^^^^^^^^^^^^^^^^^^^^
    )
    ^
  File "C:\Users\Ammar\OneDrive\Desktop\LMS_project\.venv\Lib\site-packages\django\db\backends\utils.py", line 92, in _execute_with_wrappers
    return executor(sql, params, many, context)
  File "C:\Users\Ammar\OneDrive\Desktop\LMS_project\.venv\Lib\site-packages\django\db\backends\utils.py", line 100, in _execute
    with self.db.wrap_database_errors:
         ^^^^^^^^^^^^^^^^^^^^^^^^^^^^
  File "C:\Users\Ammar\OneDrive\Desktop\LMS_project\.venv\Lib\site-packages\django\db\utils.py", line 91, in __exit__
    raise dj_exc_value.with_traceback(traceback) from exc_value
  File "C:\Users\Ammar\OneDrive\Desktop\LMS_project\.venv\Lib\site-packages\django\db\backends\utils.py", line 105, in _execute
    return self.cursor.execute(sql, params)
           ~~~~~~~~~~~~~~~~~~~^^^^^^^^^^^^^
django.db.utils.ProgrammingError: relation "password_reset_tokens" does not exist
LINE 1: ...ser"."created_at", "users_user"."updated_at" FROM "password_...
                                                             ^

ERROR 2026-07-22 21:29:47,668 basehttp 9392 11896 "POST /admin/users/user/ HTTP/1.1" 500 218546
INFO 2026-07-22 21:30:00,942 basehttp 9392 1188 "GET /admin/ HTTP/1.1" 200 23757
INFO 2026-07-22 21:30:08,804 basehttp 9392 24324 "GET /admin/users/user/ HTTP/1.1" 200 33619
INFO 2026-07-22 21:30:09,037 basehttp 9392 1188 - Broken pipe from ('127.0.0.1', 49818)
INFO 2026-07-22 21:30:10,716 basehttp 9392 24324 "GET /admin/jsi18n/ HTTP/1.1" 200 3342
ERROR 2026-07-22 21:30:48,197 log 9392 25264 Internal Server Error: /admin/users/user/
Traceback (most recent call last):
  File "C:\Users\Ammar\OneDrive\Desktop\LMS_project\.venv\Lib\site-packages\django\db\backends\utils.py", line 105, in _execute
    return self.cursor.execute(sql, params)
           ~~~~~~~~~~~~~~~~~~~^^^^^^^^^^^^^
psycopg2.errors.UndefinedTable: relation "password_reset_tokens" does not exist
LINE 1: ...ser"."created_at", "users_user"."updated_at" FROM "password_...
                                                             ^


The above exception was the direct cause of the following exception:

Traceback (most recent call last):
  File "C:\Users\Ammar\OneDrive\Desktop\LMS_project\.venv\Lib\site-packages\django\core\handlers\exception.py", line 55, in inner
    response = get_response(request)
  File "C:\Users\Ammar\OneDrive\Desktop\LMS_project\.venv\Lib\site-packages\django\core\handlers\base.py", line 197, in _get_response
    response = wrapped_callback(request, *callback_args, **callback_kwargs)
  File "C:\Users\Ammar\OneDrive\Desktop\LMS_project\.venv\Lib\site-packages\django\contrib\admin\options.py", line 720, in wrapper
    return self.admin_site.admin_view(view)(*args, **kwargs)
           ~~~~~~~~~~~~~~~~~~~~~~~~~~~~~~~~^^^^^^^^^^^^^^^^^
  File "C:\Users\Ammar\OneDrive\Desktop\LMS_project\.venv\Lib\site-packages\django\utils\decorators.py", line 192, in _view_wrapper
    result = _process_exception(request, e)
  File "C:\Users\Ammar\OneDrive\Desktop\LMS_project\.venv\Lib\site-packages\django\utils\decorators.py", line 190, in _view_wrapper
    response = view_func(request, *args, **kwargs)
  File "C:\Users\Ammar\OneDrive\Desktop\LMS_project\.venv\Lib\site-packages\django\views\decorators\cache.py", line 80, in _view_wrapper
    response = view_func(request, *args, **kwargs)
  File "C:\Users\Ammar\OneDrive\Desktop\LMS_project\.venv\Lib\site-packages\django\contrib\admin\sites.py", line 246, in inner
    return view(request, *args, **kwargs)
  File "C:\Users\Ammar\OneDrive\Desktop\LMS_project\.venv\Lib\site-packages\django\utils\decorators.py", line 48, in _wrapper
    return bound_method(*args, **kwargs)
  File "C:\Users\Ammar\OneDrive\Desktop\LMS_project\.venv\Lib\site-packages\django\utils\decorators.py", line 192, in _view_wrapper
    result = _process_exception(request, e)
  File "C:\Users\Ammar\OneDrive\Desktop\LMS_project\.venv\Lib\site-packages\django\utils\decorators.py", line 190, in _view_wrapper
    response = view_func(request, *args, **kwargs)
  File "C:\Users\Ammar\OneDrive\Desktop\LMS_project\.venv\Lib\site-packages\django\contrib\admin\options.py", line 2058, in changelist_view
    response = self.response_action(
        request, queryset=cl.get_queryset(request)
    )
  File "C:\Users\Ammar\OneDrive\Desktop\LMS_project\.venv\Lib\site-packages\django\contrib\admin\options.py", line 1687, in response_action
    response = func(self, request, queryset)
  File "C:\Users\Ammar\OneDrive\Desktop\LMS_project\.venv\Lib\site-packages\django\contrib\admin\actions.py", line 39, in delete_selected
    ) = modeladmin.get_deleted_objects(queryset, request)
        ~~~~~~~~~~~~~~~~~~~~~~~~~~~~~~^^^^^^^^^^^^^^^^^^^
  File "C:\Users\Ammar\OneDrive\Desktop\LMS_project\.venv\Lib\site-packages\django\contrib\admin\options.py", line 2202, in get_deleted_objects
    return get_deleted_objects(objs, request, self.admin_site)
  File "C:\Users\Ammar\OneDrive\Desktop\LMS_project\.venv\Lib\site-packages\django\contrib\admin\utils.py", line 138, in get_deleted_objects
    collector.collect(objs)
    ~~~~~~~~~~~~~~~~~^^^^^^
  File "C:\Users\Ammar\OneDrive\Desktop\LMS_project\.venv\Lib\site-packages\django\contrib\admin\utils.py", line 205, in collect
    return super().collect(objs, source_attr=source_attr, **kwargs)
           ~~~~~~~~~~~~~~~^^^^^^^^^^^^^^^^^^^^^^^^^^^^^^^^^^^^^^^^^
  File "C:\Users\Ammar\OneDrive\Desktop\LMS_project\.venv\Lib\site-packages\django\db\models\deletion.py", line 343, in collect
    if getattr(on_delete, "lazy_sub_objs", False) or sub_objs:
                                                     ^^^^^^^^
  File "C:\Users\Ammar\OneDrive\Desktop\LMS_project\.venv\Lib\site-packages\django\db\models\query.py", line 400, in __bool__
    self._fetch_all()
    ~~~~~~~~~~~~~~~^^
  File "C:\Users\Ammar\OneDrive\Desktop\LMS_project\.venv\Lib\site-packages\django\db\models\query.py", line 1954, in _fetch_all
    self._result_cache = list(self._iterable_class(self))
                         ~~~~^^^^^^^^^^^^^^^^^^^^^^^^^^^^
  File "C:\Users\Ammar\OneDrive\Desktop\LMS_project\.venv\Lib\site-packages\django\db\models\query.py", line 93, in __iter__
    results = compiler.execute_sql(
        chunked_fetch=self.chunked_fetch, chunk_size=self.chunk_size
    )
  File "C:\Users\Ammar\OneDrive\Desktop\LMS_project\.venv\Lib\site-packages\django\db\models\sql\compiler.py", line 1623, in execute_sql
    cursor.execute(sql, params)
    ~~~~~~~~~~~~~~^^^^^^^^^^^^^
  File "C:\Users\Ammar\OneDrive\Desktop\LMS_project\.venv\Lib\site-packages\django\db\backends\utils.py", line 122, in execute
    return super().execute(sql, params)
           ~~~~~~~~~~~~~~~^^^^^^^^^^^^^
  File "C:\Users\Ammar\OneDrive\Desktop\LMS_project\.venv\Lib\site-packages\django\db\backends\utils.py", line 79, in execute
    return self._execute_with_wrappers(
           ~~~~~~~~~~~~~~~~~~~~~~~~~~~^
        sql, params, many=False, executor=self._execute
        ^^^^^^^^^^^^^^^^^^^^^^^^^^^^^^^^^^^^^^^^^^^^^^^
    )
    ^
  File "C:\Users\Ammar\OneDrive\Desktop\LMS_project\.venv\Lib\site-packages\django\db\backends\utils.py", line 92, in _execute_with_wrappers
    return executor(sql, params, many, context)
  File "C:\Users\Ammar\OneDrive\Desktop\LMS_project\.venv\Lib\site-packages\django\db\backends\utils.py", line 100, in _execute
    with self.db.wrap_database_errors:
         ^^^^^^^^^^^^^^^^^^^^^^^^^^^^
  File "C:\Users\Ammar\OneDrive\Desktop\LMS_project\.venv\Lib\site-packages\django\db\utils.py", line 91, in __exit__
    raise dj_exc_value.with_traceback(traceback) from exc_value
  File "C:\Users\Ammar\OneDrive\Desktop\LMS_project\.venv\Lib\site-packages\django\db\backends\utils.py", line 105, in _execute
    return self.cursor.execute(sql, params)
           ~~~~~~~~~~~~~~~~~~~^^^^^^^^^^^^^
django.db.utils.ProgrammingError: relation "password_reset_tokens" does not exist
LINE 1: ...ser"."created_at", "users_user"."updated_at" FROM "password_...
                                                             ^

ERROR 2026-07-22 21:30:48,221 basehttp 9392 25264 "POST /admin/users/user/ HTTP/1.1" 500 218546
INFO 2026-07-22 21:32:05,217 basehttp 9392 17220 "GET /admin/ HTTP/1.1" 200 23757
INFO 2026-07-22 21:32:16,110 basehttp 9392 23596 - Broken pipe from ('127.0.0.1', 58020)
INFO 2026-07-22 21:32:16,255 basehttp 9392 17312 - Broken pipe from ('127.0.0.1', 58021)
INFO 2026-07-22 21:32:17,789 basehttp 9392 14684 "GET /admin/users/user/84/change/ HTTP/1.1" 200 47739
INFO 2026-07-22 21:32:18,378 basehttp 9392 13716 - Broken pipe from ('127.0.0.1', 58031)
INFO 2026-07-22 21:32:18,579 basehttp 9392 14684 "GET /admin/jsi18n/ HTTP/1.1" 200 3342
ERROR 2026-07-22 21:32:26,400 log 9392 22672 Internal Server Error: /admin/users/user/84/delete/
Traceback (most recent call last):
  File "C:\Users\Ammar\OneDrive\Desktop\LMS_project\.venv\Lib\site-packages\django\db\backends\utils.py", line 105, in _execute
    return self.cursor.execute(sql, params)
           ~~~~~~~~~~~~~~~~~~~^^^^^^^^^^^^^
psycopg2.errors.UndefinedTable: relation "password_reset_tokens" does not exist
LINE 1: ...ser"."created_at", "users_user"."updated_at" FROM "password_...
                                                             ^


The above exception was the direct cause of the following exception:

Traceback (most recent call last):
  File "C:\Users\Ammar\OneDrive\Desktop\LMS_project\.venv\Lib\site-packages\django\core\handlers\exception.py", line 55, in inner
    response = get_response(request)
  File "C:\Users\Ammar\OneDrive\Desktop\LMS_project\.venv\Lib\site-packages\django\core\handlers\base.py", line 197, in _get_response
    response = wrapped_callback(request, *callback_args, **callback_kwargs)
  File "C:\Users\Ammar\OneDrive\Desktop\LMS_project\.venv\Lib\site-packages\django\contrib\admin\options.py", line 720, in wrapper
    return self.admin_site.admin_view(view)(*args, **kwargs)
           ~~~~~~~~~~~~~~~~~~~~~~~~~~~~~~~~^^^^^^^^^^^^^^^^^
  File "C:\Users\Ammar\OneDrive\Desktop\LMS_project\.venv\Lib\site-packages\django\utils\decorators.py", line 192, in _view_wrapper
    result = _process_exception(request, e)
  File "C:\Users\Ammar\OneDrive\Desktop\LMS_project\.venv\Lib\site-packages\django\utils\decorators.py", line 190, in _view_wrapper
    response = view_func(request, *args, **kwargs)
  File "C:\Users\Ammar\OneDrive\Desktop\LMS_project\.venv\Lib\site-packages\django\views\decorators\cache.py", line 80, in _view_wrapper
    response = view_func(request, *args, **kwargs)
  File "C:\Users\Ammar\OneDrive\Desktop\LMS_project\.venv\Lib\site-packages\django\contrib\admin\sites.py", line 246, in inner
    return view(request, *args, **kwargs)
  File "C:\Users\Ammar\OneDrive\Desktop\LMS_project\.venv\Lib\site-packages\django\utils\decorators.py", line 48, in _wrapper
    return bound_method(*args, **kwargs)
  File "C:\Users\Ammar\OneDrive\Desktop\LMS_project\.venv\Lib\site-packages\django\utils\decorators.py", line 192, in _view_wrapper
    result = _process_exception(request, e)
  File "C:\Users\Ammar\OneDrive\Desktop\LMS_project\.venv\Lib\site-packages\django\utils\decorators.py", line 190, in _view_wrapper
    response = view_func(request, *args, **kwargs)
  File "C:\Users\Ammar\OneDrive\Desktop\LMS_project\.venv\Lib\site-packages\django\contrib\admin\options.py", line 2207, in delete_view
    return self._delete_view(request, object_id, extra_context)
           ~~~~~~~~~~~~~~~~~^^^^^^^^^^^^^^^^^^^^^^^^^^^^^^^^^^^
  File "C:\Users\Ammar\OneDrive\Desktop\LMS_project\.venv\Lib\site-packages\django\contrib\admin\options.py", line 2237, in _delete_view
    ) = self.get_deleted_objects([obj], request)
        ~~~~~~~~~~~~~~~~~~~~~~~~^^^^^^^^^^^^^^^^
  File "C:\Users\Ammar\OneDrive\Desktop\LMS_project\.venv\Lib\site-packages\django\contrib\admin\options.py", line 2202, in get_deleted_objects
    return get_deleted_objects(objs, request, self.admin_site)
  File "C:\Users\Ammar\OneDrive\Desktop\LMS_project\.venv\Lib\site-packages\django\contrib\admin\utils.py", line 138, in get_deleted_objects
    collector.collect(objs)
    ~~~~~~~~~~~~~~~~~^^^^^^
  File "C:\Users\Ammar\OneDrive\Desktop\LMS_project\.venv\Lib\site-packages\django\contrib\admin\utils.py", line 205, in collect
    return super().collect(objs, source_attr=source_attr, **kwargs)
           ~~~~~~~~~~~~~~~^^^^^^^^^^^^^^^^^^^^^^^^^^^^^^^^^^^^^^^^^
  File "C:\Users\Ammar\OneDrive\Desktop\LMS_project\.venv\Lib\site-packages\django\db\models\deletion.py", line 343, in collect
    if getattr(on_delete, "lazy_sub_objs", False) or sub_objs:
                                                     ^^^^^^^^
  File "C:\Users\Ammar\OneDrive\Desktop\LMS_project\.venv\Lib\site-packages\django\db\models\query.py", line 400, in __bool__
    self._fetch_all()
    ~~~~~~~~~~~~~~~^^
  File "C:\Users\Ammar\OneDrive\Desktop\LMS_project\.venv\Lib\site-packages\django\db\models\query.py", line 1954, in _fetch_all
    self._result_cache = list(self._iterable_class(self))
                         ~~~~^^^^^^^^^^^^^^^^^^^^^^^^^^^^
  File "C:\Users\Ammar\OneDrive\Desktop\LMS_project\.venv\Lib\site-packages\django\db\models\query.py", line 93, in __iter__
    results = compiler.execute_sql(
        chunked_fetch=self.chunked_fetch, chunk_size=self.chunk_size
    )
  File "C:\Users\Ammar\OneDrive\Desktop\LMS_project\.venv\Lib\site-packages\django\db\models\sql\compiler.py", line 1623, in execute_sql
    cursor.execute(sql, params)
    ~~~~~~~~~~~~~~^^^^^^^^^^^^^
  File "C:\Users\Ammar\OneDrive\Desktop\LMS_project\.venv\Lib\site-packages\django\db\backends\utils.py", line 122, in execute
    return super().execute(sql, params)
           ~~~~~~~~~~~~~~~^^^^^^^^^^^^^
  File "C:\Users\Ammar\OneDrive\Desktop\LMS_project\.venv\Lib\site-packages\django\db\backends\utils.py", line 79, in execute
    return self._execute_with_wrappers(
           ~~~~~~~~~~~~~~~~~~~~~~~~~~~^
        sql, params, many=False, executor=self._execute
        ^^^^^^^^^^^^^^^^^^^^^^^^^^^^^^^^^^^^^^^^^^^^^^^
    )
    ^
  File "C:\Users\Ammar\OneDrive\Desktop\LMS_project\.venv\Lib\site-packages\django\db\backends\utils.py", line 92, in _execute_with_wrappers
    return executor(sql, params, many, context)
  File "C:\Users\Ammar\OneDrive\Desktop\LMS_project\.venv\Lib\site-packages\django\db\backends\utils.py", line 100, in _execute
    with self.db.wrap_database_errors:
         ^^^^^^^^^^^^^^^^^^^^^^^^^^^^
  File "C:\Users\Ammar\OneDrive\Desktop\LMS_project\.venv\Lib\site-packages\django\db\utils.py", line 91, in __exit__
    raise dj_exc_value.with_traceback(traceback) from exc_value
  File "C:\Users\Ammar\OneDrive\Desktop\LMS_project\.venv\Lib\site-packages\django\db\backends\utils.py", line 105, in _execute
    return self.cursor.execute(sql, params)
           ~~~~~~~~~~~~~~~~~~~^^^^^^^^^^^^^
django.db.utils.ProgrammingError: relation "password_reset_tokens" does not exist
LINE 1: ...ser"."created_at", "users_user"."updated_at" FROM "password_...
                                                             ^

ERROR 2026-07-22 21:32:26,425 basehttp 9392 22672 "GET /admin/users/user/84/delete/ HTTP/1.1" 500 211410
INFO 2026-07-22 22:30:14,291 autoreload 15956 25420 Watching for file changes with StatReloader
WARNING 2026-07-22 22:30:21,086 log 15956 22948 Not Found: /
WARNING 2026-07-22 22:30:21,087 basehttp 15956 22948 "GET / HTTP/1.1" 404 4572
WARNING 2026-07-22 22:30:21,451 log 15956 22948 Not Found: /
WARNING 2026-07-22 22:30:21,453 basehttp 15956 22948 "GET / HTTP/1.1" 404 4572
INFO 2026-07-22 22:30:33,180 basehttp 15956 7084 "GET /admin/ HTTP/1.1" 200 23757
INFO 2026-07-22 22:30:37,065 basehttp 15956 7084 "GET /admin/ HTTP/1.1" 200 23757
INFO 2026-07-22 22:30:56,239 basehttp 15956 13884 "GET /admin/users/user/ HTTP/1.1" 200 33619
INFO 2026-07-22 22:30:56,243 basehttp 15956 20096 - Broken pipe from ('127.0.0.1', 53574)
INFO 2026-07-22 22:30:57,222 basehttp 15956 13884 "GET /admin/jsi18n/ HTTP/1.1" 200 3342
ERROR 2026-07-22 22:31:17,908 log 15956 27064 Internal Server Error: /admin/users/user/
Traceback (most recent call last):
  File "C:\Users\Ammar\OneDrive\Desktop\LMS_project\.venv\Lib\site-packages\django\db\backends\utils.py", line 105, in _execute
    return self.cursor.execute(sql, params)
           ~~~~~~~~~~~~~~~~~~~^^^^^^^^^^^^^
psycopg2.errors.UndefinedFunction: operator does not exist: uuid = bigint
LINE 1: ...IN "users_user" ON ("assignments"."created_by_id" = "users_u...
                                                             ^
HINT:  No operator matches the given name and argument types. You might need to add explicit type casts.


The above exception was the direct cause of the following exception:

Traceback (most recent call last):
  File "C:\Users\Ammar\OneDrive\Desktop\LMS_project\.venv\Lib\site-packages\django\core\handlers\exception.py", line 55, in inner
    response = get_response(request)
  File "C:\Users\Ammar\OneDrive\Desktop\LMS_project\.venv\Lib\site-packages\django\core\handlers\base.py", line 197, in _get_response
    response = wrapped_callback(request, *callback_args, **callback_kwargs)
  File "C:\Users\Ammar\OneDrive\Desktop\LMS_project\.venv\Lib\site-packages\django\contrib\admin\options.py", line 720, in wrapper
    return self.admin_site.admin_view(view)(*args, **kwargs)
           ~~~~~~~~~~~~~~~~~~~~~~~~~~~~~~~~^^^^^^^^^^^^^^^^^
  File "C:\Users\Ammar\OneDrive\Desktop\LMS_project\.venv\Lib\site-packages\django\utils\decorators.py", line 192, in _view_wrapper
    result = _process_exception(request, e)
  File "C:\Users\Ammar\OneDrive\Desktop\LMS_project\.venv\Lib\site-packages\django\utils\decorators.py", line 190, in _view_wrapper
    response = view_func(request, *args, **kwargs)
  File "C:\Users\Ammar\OneDrive\Desktop\LMS_project\.venv\Lib\site-packages\django\views\decorators\cache.py", line 80, in _view_wrapper
    response = view_func(request, *args, **kwargs)
  File "C:\Users\Ammar\OneDrive\Desktop\LMS_project\.venv\Lib\site-packages\django\contrib\admin\sites.py", line 246, in inner
    return view(request, *args, **kwargs)
  File "C:\Users\Ammar\OneDrive\Desktop\LMS_project\.venv\Lib\site-packages\django\utils\decorators.py", line 48, in _wrapper
    return bound_method(*args, **kwargs)
  File "C:\Users\Ammar\OneDrive\Desktop\LMS_project\.venv\Lib\site-packages\django\utils\decorators.py", line 192, in _view_wrapper
    result = _process_exception(request, e)
  File "C:\Users\Ammar\OneDrive\Desktop\LMS_project\.venv\Lib\site-packages\django\utils\decorators.py", line 190, in _view_wrapper
    response = view_func(request, *args, **kwargs)
  File "C:\Users\Ammar\OneDrive\Desktop\LMS_project\.venv\Lib\site-packages\django\contrib\admin\options.py", line 2058, in changelist_view
    response = self.response_action(
        request, queryset=cl.get_queryset(request)
    )
  File "C:\Users\Ammar\OneDrive\Desktop\LMS_project\.venv\Lib\site-packages\django\contrib\admin\options.py", line 1687, in response_action
    response = func(self, request, queryset)
  File "C:\Users\Ammar\OneDrive\Desktop\LMS_project\.venv\Lib\site-packages\django\contrib\admin\actions.py", line 39, in delete_selected
    ) = modeladmin.get_deleted_objects(queryset, request)
        ~~~~~~~~~~~~~~~~~~~~~~~~~~~~~~^^^^^^^^^^^^^^^^^^^
  File "C:\Users\Ammar\OneDrive\Desktop\LMS_project\.venv\Lib\site-packages\django\contrib\admin\options.py", line 2202, in get_deleted_objects
    return get_deleted_objects(objs, request, self.admin_site)
  File "C:\Users\Ammar\OneDrive\Desktop\LMS_project\.venv\Lib\site-packages\django\contrib\admin\utils.py", line 138, in get_deleted_objects
    collector.collect(objs)
    ~~~~~~~~~~~~~~~~~^^^^^^
  File "C:\Users\Ammar\OneDrive\Desktop\LMS_project\.venv\Lib\site-packages\django\contrib\admin\utils.py", line 205, in collect
    return super().collect(objs, source_attr=source_attr, **kwargs)
           ~~~~~~~~~~~~~~~^^^^^^^^^^^^^^^^^^^^^^^^^^^^^^^^^^^^^^^^^
  File "C:\Users\Ammar\OneDrive\Desktop\LMS_project\.venv\Lib\site-packages\django\db\models\deletion.py", line 343, in collect
    if getattr(on_delete, "lazy_sub_objs", False) or sub_objs:
                                                     ^^^^^^^^
  File "C:\Users\Ammar\OneDrive\Desktop\LMS_project\.venv\Lib\site-packages\django\db\models\query.py", line 400, in __bool__
    self._fetch_all()
    ~~~~~~~~~~~~~~~^^
  File "C:\Users\Ammar\OneDrive\Desktop\LMS_project\.venv\Lib\site-packages\django\db\models\query.py", line 1954, in _fetch_all
    self._result_cache = list(self._iterable_class(self))
                         ~~~~^^^^^^^^^^^^^^^^^^^^^^^^^^^^
  File "C:\Users\Ammar\OneDrive\Desktop\LMS_project\.venv\Lib\site-packages\django\db\models\query.py", line 93, in __iter__
    results = compiler.execute_sql(
        chunked_fetch=self.chunked_fetch, chunk_size=self.chunk_size
    )
  File "C:\Users\Ammar\OneDrive\Desktop\LMS_project\.venv\Lib\site-packages\django\db\models\sql\compiler.py", line 1623, in execute_sql
    cursor.execute(sql, params)
    ~~~~~~~~~~~~~~^^^^^^^^^^^^^
  File "C:\Users\Ammar\OneDrive\Desktop\LMS_project\.venv\Lib\site-packages\django\db\backends\utils.py", line 122, in execute
    return super().execute(sql, params)
           ~~~~~~~~~~~~~~~^^^^^^^^^^^^^
  File "C:\Users\Ammar\OneDrive\Desktop\LMS_project\.venv\Lib\site-packages\django\db\backends\utils.py", line 79, in execute
    return self._execute_with_wrappers(
           ~~~~~~~~~~~~~~~~~~~~~~~~~~~^
        sql, params, many=False, executor=self._execute
        ^^^^^^^^^^^^^^^^^^^^^^^^^^^^^^^^^^^^^^^^^^^^^^^
    )
    ^
  File "C:\Users\Ammar\OneDrive\Desktop\LMS_project\.venv\Lib\site-packages\django\db\backends\utils.py", line 92, in _execute_with_wrappers
    return executor(sql, params, many, context)
  File "C:\Users\Ammar\OneDrive\Desktop\LMS_project\.venv\Lib\site-packages\django\db\backends\utils.py", line 100, in _execute
    with self.db.wrap_database_errors:
         ^^^^^^^^^^^^^^^^^^^^^^^^^^^^
  File "C:\Users\Ammar\OneDrive\Desktop\LMS_project\.venv\Lib\site-packages\django\db\utils.py", line 91, in __exit__
    raise dj_exc_value.with_traceback(traceback) from exc_value
  File "C:\Users\Ammar\OneDrive\Desktop\LMS_project\.venv\Lib\site-packages\django\db\backends\utils.py", line 105, in _execute
    return self.cursor.execute(sql, params)
           ~~~~~~~~~~~~~~~~~~~^^^^^^^^^^^^^
django.db.utils.ProgrammingError: operator does not exist: uuid = bigint
LINE 1: ...IN "users_user" ON ("assignments"."created_by_id" = "users_u...
                                                             ^
HINT:  No operator matches the given name and argument types. You might need to add explicit type casts.

ERROR 2026-07-22 22:31:17,973 basehttp 15956 27064 "POST /admin/users/user/ HTTP/1.1" 500 220521
INFO 2026-07-22 22:32:35,382 autoreload 2224 27612 Watching for file changes with StatReloader
WARNING 2026-07-22 22:32:42,561 log 2224 17444 Not Found: /
WARNING 2026-07-22 22:32:42,562 basehttp 2224 17444 "GET / HTTP/1.1" 404 4572
INFO 2026-07-22 22:32:51,945 basehttp 2224 24020 "GET /admin/ HTTP/1.1" 200 23757
INFO 2026-07-22 22:33:00,304 basehttp 2224 21520 - Broken pipe from ('127.0.0.1', 62858)
INFO 2026-07-22 22:33:00,305 basehttp 2224 12208 - Broken pipe from ('127.0.0.1', 62857)
INFO 2026-07-22 22:33:02,273 basehttp 2224 27492 - Broken pipe from ('127.0.0.1', 62860)
INFO 2026-07-22 22:33:02,573 basehttp 2224 17012 "GET /admin/users/user/ HTTP/1.1" 200 33619
INFO 2026-07-22 22:33:06,236 basehttp 2224 17012 "GET /admin/jsi18n/ HTTP/1.1" 200 3342
ERROR 2026-07-22 22:33:27,579 log 2224 1988 Internal Server Error: /admin/users/user/
Traceback (most recent call last):
  File "C:\Users\Ammar\OneDrive\Desktop\LMS_project\.venv\Lib\site-packages\django\db\backends\utils.py", line 105, in _execute
    return self.cursor.execute(sql, params)
           ~~~~~~~~~~~~~~~~~~~^^^^^^^^^^^^^
psycopg2.errors.UndefinedFunction: operator does not exist: uuid = bigint
LINE 1: ...IN "users_user" ON ("assignments"."created_by_id" = "users_u...
                                                             ^
HINT:  No operator matches the given name and argument types. You might need to add explicit type casts.


The above exception was the direct cause of the following exception:

Traceback (most recent call last):
  File "C:\Users\Ammar\OneDrive\Desktop\LMS_project\.venv\Lib\site-packages\django\core\handlers\exception.py", line 55, in inner
    response = get_response(request)
  File "C:\Users\Ammar\OneDrive\Desktop\LMS_project\.venv\Lib\site-packages\django\core\handlers\base.py", line 197, in _get_response
    response = wrapped_callback(request, *callback_args, **callback_kwargs)
  File "C:\Users\Ammar\OneDrive\Desktop\LMS_project\.venv\Lib\site-packages\django\contrib\admin\options.py", line 720, in wrapper
    return self.admin_site.admin_view(view)(*args, **kwargs)
           ~~~~~~~~~~~~~~~~~~~~~~~~~~~~~~~~^^^^^^^^^^^^^^^^^
  File "C:\Users\Ammar\OneDrive\Desktop\LMS_project\.venv\Lib\site-packages\django\utils\decorators.py", line 192, in _view_wrapper
    result = _process_exception(request, e)
  File "C:\Users\Ammar\OneDrive\Desktop\LMS_project\.venv\Lib\site-packages\django\utils\decorators.py", line 190, in _view_wrapper
    response = view_func(request, *args, **kwargs)
  File "C:\Users\Ammar\OneDrive\Desktop\LMS_project\.venv\Lib\site-packages\django\views\decorators\cache.py", line 80, in _view_wrapper
    response = view_func(request, *args, **kwargs)
  File "C:\Users\Ammar\OneDrive\Desktop\LMS_project\.venv\Lib\site-packages\django\contrib\admin\sites.py", line 246, in inner
    return view(request, *args, **kwargs)
  File "C:\Users\Ammar\OneDrive\Desktop\LMS_project\.venv\Lib\site-packages\django\utils\decorators.py", line 48, in _wrapper
    return bound_method(*args, **kwargs)
  File "C:\Users\Ammar\OneDrive\Desktop\LMS_project\.venv\Lib\site-packages\django\utils\decorators.py", line 192, in _view_wrapper
    result = _process_exception(request, e)
  File "C:\Users\Ammar\OneDrive\Desktop\LMS_project\.venv\Lib\site-packages\django\utils\decorators.py", line 190, in _view_wrapper
    response = view_func(request, *args, **kwargs)
  File "C:\Users\Ammar\OneDrive\Desktop\LMS_project\.venv\Lib\site-packages\django\contrib\admin\options.py", line 2058, in changelist_view
    response = self.response_action(
        request, queryset=cl.get_queryset(request)
    )
  File "C:\Users\Ammar\OneDrive\Desktop\LMS_project\.venv\Lib\site-packages\django\contrib\admin\options.py", line 1687, in response_action
    response = func(self, request, queryset)
  File "C:\Users\Ammar\OneDrive\Desktop\LMS_project\.venv\Lib\site-packages\django\contrib\admin\actions.py", line 39, in delete_selected
    ) = modeladmin.get_deleted_objects(queryset, request)
        ~~~~~~~~~~~~~~~~~~~~~~~~~~~~~~^^^^^^^^^^^^^^^^^^^
  File "C:\Users\Ammar\OneDrive\Desktop\LMS_project\.venv\Lib\site-packages\django\contrib\admin\options.py", line 2202, in get_deleted_objects
    return get_deleted_objects(objs, request, self.admin_site)
  File "C:\Users\Ammar\OneDrive\Desktop\LMS_project\.venv\Lib\site-packages\django\contrib\admin\utils.py", line 138, in get_deleted_objects
    collector.collect(objs)
    ~~~~~~~~~~~~~~~~~^^^^^^
  File "C:\Users\Ammar\OneDrive\Desktop\LMS_project\.venv\Lib\site-packages\django\contrib\admin\utils.py", line 205, in collect
    return super().collect(objs, source_attr=source_attr, **kwargs)
           ~~~~~~~~~~~~~~~^^^^^^^^^^^^^^^^^^^^^^^^^^^^^^^^^^^^^^^^^
  File "C:\Users\Ammar\OneDrive\Desktop\LMS_project\.venv\Lib\site-packages\django\db\models\deletion.py", line 343, in collect
    if getattr(on_delete, "lazy_sub_objs", False) or sub_objs:
                                                     ^^^^^^^^
  File "C:\Users\Ammar\OneDrive\Desktop\LMS_project\.venv\Lib\site-packages\django\db\models\query.py", line 400, in __bool__
    self._fetch_all()
    ~~~~~~~~~~~~~~~^^
  File "C:\Users\Ammar\OneDrive\Desktop\LMS_project\.venv\Lib\site-packages\django\db\models\query.py", line 1954, in _fetch_all
    self._result_cache = list(self._iterable_class(self))
                         ~~~~^^^^^^^^^^^^^^^^^^^^^^^^^^^^
  File "C:\Users\Ammar\OneDrive\Desktop\LMS_project\.venv\Lib\site-packages\django\db\models\query.py", line 93, in __iter__
    results = compiler.execute_sql(
        chunked_fetch=self.chunked_fetch, chunk_size=self.chunk_size
    )
  File "C:\Users\Ammar\OneDrive\Desktop\LMS_project\.venv\Lib\site-packages\django\db\models\sql\compiler.py", line 1623, in execute_sql
    cursor.execute(sql, params)
    ~~~~~~~~~~~~~~^^^^^^^^^^^^^
  File "C:\Users\Ammar\OneDrive\Desktop\LMS_project\.venv\Lib\site-packages\django\db\backends\utils.py", line 122, in execute
    return super().execute(sql, params)
           ~~~~~~~~~~~~~~~^^^^^^^^^^^^^
  File "C:\Users\Ammar\OneDrive\Desktop\LMS_project\.venv\Lib\site-packages\django\db\backends\utils.py", line 79, in execute
    return self._execute_with_wrappers(
           ~~~~~~~~~~~~~~~~~~~~~~~~~~~^
        sql, params, many=False, executor=self._execute
        ^^^^^^^^^^^^^^^^^^^^^^^^^^^^^^^^^^^^^^^^^^^^^^^
    )
    ^
  File "C:\Users\Ammar\OneDrive\Desktop\LMS_project\.venv\Lib\site-packages\django\db\backends\utils.py", line 92, in _execute_with_wrappers
    return executor(sql, params, many, context)
  File "C:\Users\Ammar\OneDrive\Desktop\LMS_project\.venv\Lib\site-packages\django\db\backends\utils.py", line 100, in _execute
    with self.db.wrap_database_errors:
         ^^^^^^^^^^^^^^^^^^^^^^^^^^^^
  File "C:\Users\Ammar\OneDrive\Desktop\LMS_project\.venv\Lib\site-packages\django\db\utils.py", line 91, in __exit__
    raise dj_exc_value.with_traceback(traceback) from exc_value
  File "C:\Users\Ammar\OneDrive\Desktop\LMS_project\.venv\Lib\site-packages\django\db\backends\utils.py", line 105, in _execute
    return self.cursor.execute(sql, params)
           ~~~~~~~~~~~~~~~~~~~^^^^^^^^^^^^^
django.db.utils.ProgrammingError: operator does not exist: uuid = bigint
LINE 1: ...IN "users_user" ON ("assignments"."created_by_id" = "users_u...
                                                             ^
HINT:  No operator matches the given name and argument types. You might need to add explicit type casts.

ERROR 2026-07-22 22:33:27,661 basehttp 2224 1988 "POST /admin/users/user/ HTTP/1.1" 500 220521
INFO 2026-07-23 20:28:48,142 autoreload 5936 8980 Watching for file changes with StatReloader
WARNING 2026-07-23 20:28:56,964 log 5936 16616 Not Found: /
WARNING 2026-07-23 20:28:56,964 basehttp 5936 16616 "GET / HTTP/1.1" 404 4572
WARNING 2026-07-23 20:28:58,018 log 5936 3320 Not Found: /favicon.ico
WARNING 2026-07-23 20:28:58,020 basehttp 5936 3320 "GET /favicon.ico HTTP/1.1" 404 4623
WARNING 2026-07-23 20:29:09,035 exceptions 5936 7256 API error 401: Authentication credentials were not provided.
WARNING 2026-07-23 20:29:09,093 log 5936 7256 Unauthorized: /api/courses/
WARNING 2026-07-23 20:29:09,094 basehttp 5936 7256 "GET /api/courses/ HTTP/1.1" 401 5304
INFO 2026-07-23 20:29:09,449 basehttp 5936 3400 "GET /static/rest_framework/css/bootstrap.min.css HTTP/1.1" 200 121457
INFO 2026-07-23 20:29:09,456 basehttp 5936 3400 "GET /static/rest_framework/js/csrf.js HTTP/1.1" 200 1793
INFO 2026-07-23 20:29:09,460 basehttp 5936 3400 "GET /static/rest_framework/js/bootstrap.min.js HTTP/1.1" 200 39680
INFO 2026-07-23 20:29:09,464 basehttp 5936 17412 "GET /static/rest_framework/css/default.css HTTP/1.1" 200 1152
INFO 2026-07-23 20:29:09,467 basehttp 5936 3400 "GET /static/rest_framework/js/prettify-min.js HTTP/1.1" 200 13632
INFO 2026-07-23 20:29:09,469 basehttp 5936 3400 "GET /static/rest_framework/js/load-ajax-form.js HTTP/1.1" 200 59
INFO 2026-07-23 20:29:09,470 basehttp 5936 17412 "GET /static/rest_framework/js/default.js HTTP/1.1" 200 1268
INFO 2026-07-23 20:29:09,475 basehttp 5936 17836 "GET /static/rest_framework/css/prettify.css HTTP/1.1" 200 817
INFO 2026-07-23 20:29:09,483 basehttp 5936 7276 "GET /static/rest_framework/js/jquery-3.7.1.min.js HTTP/1.1" 200 87533
INFO 2026-07-23 20:29:09,492 basehttp 5936 7256 "GET /static/rest_framework/css/bootstrap-tweaks.css HTTP/1.1" 200 3426
INFO 2026-07-23 20:29:09,496 basehttp 5936 12168 "GET /static/rest_framework/js/ajax-form.js HTTP/1.1" 200 3796
INFO 2026-07-23 20:29:09,518 basehttp 5936 12168 "GET /static/rest_framework/img/grid.png HTTP/1.1" 200 1458
INFO 2026-07-23 21:26:01,595 autoreload 5900 6208 Watching for file changes with StatReloader
WARNING 2026-07-23 21:26:08,181 exceptions 5900 9808 API error 401: Authentication credentials were not provided.
WARNING 2026-07-23 21:26:08,185 log 5900 9808 Unauthorized: /api/assignments/
WARNING 2026-07-23 21:26:08,186 basehttp 5900 9808 "GET /api/assignments/ HTTP/1.1" 401 165
INFO 2026-07-23 21:27:25,941 basehttp 5900 9436 "POST /api/auth/login/ HTTP/1.1" 200 752
WARNING 2026-07-23 21:28:15,108 exceptions 5900 9436 API error 401: Authentication credentials were not provided.
WARNING 2026-07-23 21:28:15,123 log 5900 9436 Unauthorized: /api/assignments/
WARNING 2026-07-23 21:28:15,125 basehttp 5900 9436 "GET /api/assignments/ HTTP/1.1" 401 165
WARNING 2026-07-23 21:28:18,185 exceptions 5900 9436 API error 401: Authentication credentials were not provided.
WARNING 2026-07-23 21:28:18,186 log 5900 9436 Unauthorized: /api/assignments/
WARNING 2026-07-23 21:28:18,186 basehttp 5900 9436 "GET /api/assignments/ HTTP/1.1" 401 165
INFO 2026-07-23 21:29:11,065 basehttp 5900 9436 "POST /api/auth/login/ HTTP/1.1" 200 752
WARNING 2026-07-23 21:29:50,939 exceptions 5900 9436 API error 401: Authentication credentials were not provided.
WARNING 2026-07-23 21:29:50,944 log 5900 9436 Unauthorized: /api/assignments/
WARNING 2026-07-23 21:29:50,946 basehttp 5900 9436 "GET /api/assignments/ HTTP/1.1" 401 165
INFO 2026-07-23 21:30:29,156 basehttp 5900 9436 "GET /api/assignments/ HTTP/1.1" 200 76
WARNING 2026-07-23 21:34:57,355 exceptions 5900 9196 API error 401: Given token not valid for any token type
WARNING 2026-07-23 21:34:57,362 log 5900 9196 Unauthorized: /api/courses/
WARNING 2026-07-23 21:34:57,363 basehttp 5900 9196 "POST /api/courses/ HTTP/1.1" 401 274
WARNING 2026-07-23 21:35:44,153 exceptions 5900 9196 API error 403: You do not have permission to perform this action.
INFO 2026-07-23 21:35:44,156 middleware 5900 9196 user=82 method=POST path=/api/courses/ status=403 ip=127.0.0.1
WARNING 2026-07-23 21:35:44,156 log 5900 9196 Forbidden: /api/courses/
WARNING 2026-07-23 21:35:44,157 basehttp 5900 9196 "POST /api/courses/ HTTP/1.1" 403 175
INFO 2026-07-23 21:37:17,555 basehttp 5900 17996 "POST /api/auth/login/ HTTP/1.1" 200 758
INFO 2026-07-23 21:38:01,148 basehttp 5900 17996 "GET /api/courses/ HTTP/1.1" 200 6159
INFO 2026-07-23 21:39:11,482 autoreload 10272 6156 Watching for file changes with StatReloader
WARNING 2026-07-23 21:40:21,910 exceptions 10272 16528 API error 401: Authentication credentials were not provided.
WARNING 2026-07-23 21:40:21,938 log 10272 16528 Unauthorized: /api/courses/19/
WARNING 2026-07-23 21:40:21,943 basehttp 10272 16528 "GET /api/courses/19/ HTTP/1.1" 401 165
WARNING 2026-07-23 21:42:00,586 exceptions 10272 17568 API error 401: Authentication credentials were not provided.
WARNING 2026-07-23 21:42:00,604 log 10272 17568 Unauthorized: /api/courses/19/
WARNING 2026-07-23 21:42:00,608 basehttp 10272 17568 "GET /api/courses/19/ HTTP/1.1" 401 165
INFO 2026-07-23 21:42:28,465 basehttp 10272 17568 "GET /api/courses/19/ HTTP/1.1" 200 648
INFO 2026-07-23 21:43:52,799 basehttp 10272 9236 "GET /api/courses/19/ HTTP/1.1" 200 648
INFO 2026-07-23 21:44:41,789 basehttp 10272 9236 "GET /api/courses/19/ HTTP/1.1" 200 648
WARNING 2026-07-23 21:47:20,830 exceptions 10272 13168 API error 403: You do not have permission to perform this action.
INFO 2026-07-23 21:47:20,839 middleware 10272 13168 user=82 method=POST path=/api/courses/ status=403 ip=127.0.0.1
WARNING 2026-07-23 21:47:20,842 log 10272 13168 Forbidden: /api/courses/
WARNING 2026-07-23 21:47:20,843 basehttp 10272 13168 "POST /api/courses/ HTTP/1.1" 403 175
INFO 2026-07-23 21:49:01,398 middleware 10272 6260 user=83 method=POST path=/api/courses/ status=201 ip=127.0.0.1
INFO 2026-07-23 21:49:01,403 basehttp 10272 6260 "POST /api/courses/ HTTP/1.1" 201 283
WARNING 2026-07-23 21:50:34,227 exceptions 10272 8288 API error 403: You do not have permission to perform this action.
INFO 2026-07-23 21:50:34,244 middleware 10272 8288 user=82 method=DELETE path=/api/courses/19/ status=403 ip=127.0.0.1
WARNING 2026-07-23 21:50:34,247 log 10272 8288 Forbidden: /api/courses/19/
WARNING 2026-07-23 21:50:34,249 basehttp 10272 8288 "DELETE /api/courses/19/ HTTP/1.1" 403 175
WARNING 2026-07-23 21:53:22,921 exceptions 10272 6496 API error 403: You do not have permission to perform this action.
INFO 2026-07-23 21:53:22,927 middleware 10272 6496 user=82 method=DELETE path=/api/courses/19/ status=403 ip=127.0.0.1
WARNING 2026-07-23 21:53:22,928 log 10272 6496 Forbidden: /api/courses/19/
WARNING 2026-07-23 21:53:22,928 basehttp 10272 6496 "DELETE /api/courses/19/ HTTP/1.1" 403 175
ERROR 2026-07-23 21:54:13,051 exceptions 10272 6496 Unhandled exception: column quizzes_quiz.lesson_id does not exist
LINE 1: ... "quizzes_quiz"."id", "quizzes_quiz"."course_id", "quizzes_q...
                                                             ^

Traceback (most recent call last):
  File "C:\Users\Ammar\OneDrive\Desktop\LMS_project\.venv\Lib\site-packages\django\db\backends\utils.py", line 105, in _execute
    return self.cursor.execute(sql, params)
           ~~~~~~~~~~~~~~~~~~~^^^^^^^^^^^^^
psycopg2.errors.UndefinedColumn: column quizzes_quiz.lesson_id does not exist
LINE 1: ... "quizzes_quiz"."id", "quizzes_quiz"."course_id", "quizzes_q...
                                                             ^


The above exception was the direct cause of the following exception:

Traceback (most recent call last):
  File "C:\Users\Ammar\OneDrive\Desktop\LMS_project\.venv\Lib\site-packages\rest_framework\views.py", line 512, in dispatch
    response = handler(request, *args, **kwargs)
  File "C:\Users\Ammar\OneDrive\Desktop\LMS_project\.venv\Lib\site-packages\rest_framework\mixins.py", line 91, in destroy
    self.perform_destroy(instance)
    ~~~~~~~~~~~~~~~~~~~~^^^^^^^^^^
  File "C:\Users\Ammar\OneDrive\Desktop\LMS_project\.venv\Lib\site-packages\rest_framework\mixins.py", line 95, in perform_destroy
    instance.delete()
    ~~~~~~~~~~~~~~~^^
  File "C:\Users\Ammar\OneDrive\Desktop\LMS_project\.venv\Lib\site-packages\django\db\models\base.py", line 1280, in delete
    collector.collect([self], keep_parents=keep_parents)
    ~~~~~~~~~~~~~~~~~^^^^^^^^^^^^^^^^^^^^^^^^^^^^^^^^^^^
  File "C:\Users\Ammar\OneDrive\Desktop\LMS_project\.venv\Lib\site-packages\django\db\models\deletion.py", line 343, in collect
    if getattr(on_delete, "lazy_sub_objs", False) or sub_objs:
                                                     ^^^^^^^^
  File "C:\Users\Ammar\OneDrive\Desktop\LMS_project\.venv\Lib\site-packages\django\db\models\query.py", line 400, in __bool__
    self._fetch_all()
    ~~~~~~~~~~~~~~~^^
  File "C:\Users\Ammar\OneDrive\Desktop\LMS_project\.venv\Lib\site-packages\django\db\models\query.py", line 1954, in _fetch_all
    self._result_cache = list(self._iterable_class(self))
                         ~~~~^^^^^^^^^^^^^^^^^^^^^^^^^^^^
  File "C:\Users\Ammar\OneDrive\Desktop\LMS_project\.venv\Lib\site-packages\django\db\models\query.py", line 93, in __iter__
    results = compiler.execute_sql(
        chunked_fetch=self.chunked_fetch, chunk_size=self.chunk_size
    )
  File "C:\Users\Ammar\OneDrive\Desktop\LMS_project\.venv\Lib\site-packages\django\db\models\sql\compiler.py", line 1623, in execute_sql
    cursor.execute(sql, params)
    ~~~~~~~~~~~~~~^^^^^^^^^^^^^
  File "C:\Users\Ammar\OneDrive\Desktop\LMS_project\.venv\Lib\site-packages\django\db\backends\utils.py", line 122, in execute
    return super().execute(sql, params)
           ~~~~~~~~~~~~~~~^^^^^^^^^^^^^
  File "C:\Users\Ammar\OneDrive\Desktop\LMS_project\.venv\Lib\site-packages\django\db\backends\utils.py", line 79, in execute
    return self._execute_with_wrappers(
           ~~~~~~~~~~~~~~~~~~~~~~~~~~~^
        sql, params, many=False, executor=self._execute
        ^^^^^^^^^^^^^^^^^^^^^^^^^^^^^^^^^^^^^^^^^^^^^^^
    )
    ^
  File "C:\Users\Ammar\OneDrive\Desktop\LMS_project\.venv\Lib\site-packages\django\db\backends\utils.py", line 92, in _execute_with_wrappers
    return executor(sql, params, many, context)
  File "C:\Users\Ammar\OneDrive\Desktop\LMS_project\.venv\Lib\site-packages\django\db\backends\utils.py", line 100, in _execute
    with self.db.wrap_database_errors:
         ^^^^^^^^^^^^^^^^^^^^^^^^^^^^
  File "C:\Users\Ammar\OneDrive\Desktop\LMS_project\.venv\Lib\site-packages\django\db\utils.py", line 91, in __exit__
    raise dj_exc_value.with_traceback(traceback) from exc_value
  File "C:\Users\Ammar\OneDrive\Desktop\LMS_project\.venv\Lib\site-packages\django\db\backends\utils.py", line 105, in _execute
    return self.cursor.execute(sql, params)
           ~~~~~~~~~~~~~~~~~~~^^^^^^^^^^^^^
django.db.utils.ProgrammingError: column quizzes_quiz.lesson_id does not exist
LINE 1: ... "quizzes_quiz"."id", "quizzes_quiz"."course_id", "quizzes_q...
                                                             ^


INFO 2026-07-23 21:54:13,065 middleware 10272 6496 user=83 method=DELETE path=/api/courses/19/ status=500 ip=127.0.0.1
ERROR 2026-07-23 21:54:13,066 log 10272 6496 Internal Server Error: /api/courses/19/
ERROR 2026-07-23 21:54:13,068 basehttp 10272 6496 "DELETE /api/courses/19/ HTTP/1.1" 500 80
INFO 2026-07-23 22:10:35,515 autoreload 1620 7592 Watching for file changes with StatReloader
ERROR 2026-07-23 22:10:47,490 exceptions 1620 17224 Unhandled exception: column quizzes_quiz.created_by_id does not exist
LINE 1: ...s_published", "quizzes_quiz"."shuffle_questions", "quizzes_q...
                                                             ^

Traceback (most recent call last):
  File "C:\Users\Ammar\OneDrive\Desktop\LMS_project\.venv\Lib\site-packages\django\db\backends\utils.py", line 105, in _execute
    return self.cursor.execute(sql, params)
           ~~~~~~~~~~~~~~~~~~~^^^^^^^^^^^^^
psycopg2.errors.UndefinedColumn: column quizzes_quiz.created_by_id does not exist
LINE 1: ...s_published", "quizzes_quiz"."shuffle_questions", "quizzes_q...
                                                             ^


The above exception was the direct cause of the following exception:

Traceback (most recent call last):
  File "C:\Users\Ammar\OneDrive\Desktop\LMS_project\.venv\Lib\site-packages\rest_framework\views.py", line 512, in dispatch
    response = handler(request, *args, **kwargs)
  File "C:\Users\Ammar\OneDrive\Desktop\LMS_project\.venv\Lib\site-packages\rest_framework\mixins.py", line 91, in destroy
    self.perform_destroy(instance)
    ~~~~~~~~~~~~~~~~~~~~^^^^^^^^^^
  File "C:\Users\Ammar\OneDrive\Desktop\LMS_project\.venv\Lib\site-packages\rest_framework\mixins.py", line 95, in perform_destroy
    instance.delete()
    ~~~~~~~~~~~~~~~^^
  File "C:\Users\Ammar\OneDrive\Desktop\LMS_project\.venv\Lib\site-packages\django\db\models\base.py", line 1280, in delete
    collector.collect([self], keep_parents=keep_parents)
    ~~~~~~~~~~~~~~~~~^^^^^^^^^^^^^^^^^^^^^^^^^^^^^^^^^^^
  File "C:\Users\Ammar\OneDrive\Desktop\LMS_project\.venv\Lib\site-packages\django\db\models\deletion.py", line 343, in collect
    if getattr(on_delete, "lazy_sub_objs", False) or sub_objs:
                                                     ^^^^^^^^
  File "C:\Users\Ammar\OneDrive\Desktop\LMS_project\.venv\Lib\site-packages\django\db\models\query.py", line 400, in __bool__
    self._fetch_all()
    ~~~~~~~~~~~~~~~^^
  File "C:\Users\Ammar\OneDrive\Desktop\LMS_project\.venv\Lib\site-packages\django\db\models\query.py", line 1954, in _fetch_all
    self._result_cache = list(self._iterable_class(self))
                         ~~~~^^^^^^^^^^^^^^^^^^^^^^^^^^^^
  File "C:\Users\Ammar\OneDrive\Desktop\LMS_project\.venv\Lib\site-packages\django\db\models\query.py", line 93, in __iter__
    results = compiler.execute_sql(
        chunked_fetch=self.chunked_fetch, chunk_size=self.chunk_size
    )
  File "C:\Users\Ammar\OneDrive\Desktop\LMS_project\.venv\Lib\site-packages\django\db\models\sql\compiler.py", line 1623, in execute_sql
    cursor.execute(sql, params)
    ~~~~~~~~~~~~~~^^^^^^^^^^^^^
  File "C:\Users\Ammar\OneDrive\Desktop\LMS_project\.venv\Lib\site-packages\django\db\backends\utils.py", line 122, in execute
    return super().execute(sql, params)
           ~~~~~~~~~~~~~~~^^^^^^^^^^^^^
  File "C:\Users\Ammar\OneDrive\Desktop\LMS_project\.venv\Lib\site-packages\django\db\backends\utils.py", line 79, in execute
    return self._execute_with_wrappers(
           ~~~~~~~~~~~~~~~~~~~~~~~~~~~^
        sql, params, many=False, executor=self._execute
        ^^^^^^^^^^^^^^^^^^^^^^^^^^^^^^^^^^^^^^^^^^^^^^^
    )
    ^
  File "C:\Users\Ammar\OneDrive\Desktop\LMS_project\.venv\Lib\site-packages\django\db\backends\utils.py", line 92, in _execute_with_wrappers
    return executor(sql, params, many, context)
  File "C:\Users\Ammar\OneDrive\Desktop\LMS_project\.venv\Lib\site-packages\django\db\backends\utils.py", line 100, in _execute
    with self.db.wrap_database_errors:
         ^^^^^^^^^^^^^^^^^^^^^^^^^^^^
  File "C:\Users\Ammar\OneDrive\Desktop\LMS_project\.venv\Lib\site-packages\django\db\utils.py", line 91, in __exit__
    raise dj_exc_value.with_traceback(traceback) from exc_value
  File "C:\Users\Ammar\OneDrive\Desktop\LMS_project\.venv\Lib\site-packages\django\db\backends\utils.py", line 105, in _execute
    return self.cursor.execute(sql, params)
           ~~~~~~~~~~~~~~~~~~~^^^^^^^^^^^^^
django.db.utils.ProgrammingError: column quizzes_quiz.created_by_id does not exist
LINE 1: ...s_published", "quizzes_quiz"."shuffle_questions", "quizzes_q...
                                                             ^


INFO 2026-07-23 22:10:47,498 middleware 1620 17224 user=83 method=DELETE path=/api/courses/19/ status=500 ip=127.0.0.1
ERROR 2026-07-23 22:10:47,502 log 1620 17224 Internal Server Error: /api/courses/19/
ERROR 2026-07-23 22:10:47,502 basehttp 1620 17224 "DELETE /api/courses/19/ HTTP/1.1" 500 80
ERROR 2026-07-23 22:10:57,548 exceptions 1620 17224 Unhandled exception: column quizzes_quiz.created_by_id does not exist
LINE 1: ...s_published", "quizzes_quiz"."shuffle_questions", "quizzes_q...
                                                             ^

Traceback (most recent call last):
  File "C:\Users\Ammar\OneDrive\Desktop\LMS_project\.venv\Lib\site-packages\django\db\backends\utils.py", line 105, in _execute
    return self.cursor.execute(sql, params)
           ~~~~~~~~~~~~~~~~~~~^^^^^^^^^^^^^
psycopg2.errors.UndefinedColumn: column quizzes_quiz.created_by_id does not exist
LINE 1: ...s_published", "quizzes_quiz"."shuffle_questions", "quizzes_q...
                                                             ^


The above exception was the direct cause of the following exception:

Traceback (most recent call last):
  File "C:\Users\Ammar\OneDrive\Desktop\LMS_project\.venv\Lib\site-packages\rest_framework\views.py", line 512, in dispatch
    response = handler(request, *args, **kwargs)
  File "C:\Users\Ammar\OneDrive\Desktop\LMS_project\.venv\Lib\site-packages\rest_framework\mixins.py", line 91, in destroy
    self.perform_destroy(instance)
    ~~~~~~~~~~~~~~~~~~~~^^^^^^^^^^
  File "C:\Users\Ammar\OneDrive\Desktop\LMS_project\.venv\Lib\site-packages\rest_framework\mixins.py", line 95, in perform_destroy
    instance.delete()
    ~~~~~~~~~~~~~~~^^
  File "C:\Users\Ammar\OneDrive\Desktop\LMS_project\.venv\Lib\site-packages\django\db\models\base.py", line 1280, in delete
    collector.collect([self], keep_parents=keep_parents)
    ~~~~~~~~~~~~~~~~~^^^^^^^^^^^^^^^^^^^^^^^^^^^^^^^^^^^
  File "C:\Users\Ammar\OneDrive\Desktop\LMS_project\.venv\Lib\site-packages\django\db\models\deletion.py", line 343, in collect
    if getattr(on_delete, "lazy_sub_objs", False) or sub_objs:
                                                     ^^^^^^^^
  File "C:\Users\Ammar\OneDrive\Desktop\LMS_project\.venv\Lib\site-packages\django\db\models\query.py", line 400, in __bool__
    self._fetch_all()
    ~~~~~~~~~~~~~~~^^
  File "C:\Users\Ammar\OneDrive\Desktop\LMS_project\.venv\Lib\site-packages\django\db\models\query.py", line 1954, in _fetch_all
    self._result_cache = list(self._iterable_class(self))
                         ~~~~^^^^^^^^^^^^^^^^^^^^^^^^^^^^
  File "C:\Users\Ammar\OneDrive\Desktop\LMS_project\.venv\Lib\site-packages\django\db\models\query.py", line 93, in __iter__
    results = compiler.execute_sql(
        chunked_fetch=self.chunked_fetch, chunk_size=self.chunk_size
    )
  File "C:\Users\Ammar\OneDrive\Desktop\LMS_project\.venv\Lib\site-packages\django\db\models\sql\compiler.py", line 1623, in execute_sql
    cursor.execute(sql, params)
    ~~~~~~~~~~~~~~^^^^^^^^^^^^^
  File "C:\Users\Ammar\OneDrive\Desktop\LMS_project\.venv\Lib\site-packages\django\db\backends\utils.py", line 122, in execute
    return super().execute(sql, params)
           ~~~~~~~~~~~~~~~^^^^^^^^^^^^^
  File "C:\Users\Ammar\OneDrive\Desktop\LMS_project\.venv\Lib\site-packages\django\db\backends\utils.py", line 79, in execute
    return self._execute_with_wrappers(
           ~~~~~~~~~~~~~~~~~~~~~~~~~~~^
        sql, params, many=False, executor=self._execute
        ^^^^^^^^^^^^^^^^^^^^^^^^^^^^^^^^^^^^^^^^^^^^^^^
    )
    ^
  File "C:\Users\Ammar\OneDrive\Desktop\LMS_project\.venv\Lib\site-packages\django\db\backends\utils.py", line 92, in _execute_with_wrappers
    return executor(sql, params, many, context)
  File "C:\Users\Ammar\OneDrive\Desktop\LMS_project\.venv\Lib\site-packages\django\db\backends\utils.py", line 100, in _execute
    with self.db.wrap_database_errors:
         ^^^^^^^^^^^^^^^^^^^^^^^^^^^^
  File "C:\Users\Ammar\OneDrive\Desktop\LMS_project\.venv\Lib\site-packages\django\db\utils.py", line 91, in __exit__
    raise dj_exc_value.with_traceback(traceback) from exc_value
  File "C:\Users\Ammar\OneDrive\Desktop\LMS_project\.venv\Lib\site-packages\django\db\backends\utils.py", line 105, in _execute
    return self.cursor.execute(sql, params)
           ~~~~~~~~~~~~~~~~~~~^^^^^^^^^^^^^
django.db.utils.ProgrammingError: column quizzes_quiz.created_by_id does not exist
LINE 1: ...s_published", "quizzes_quiz"."shuffle_questions", "quizzes_q...
                                                             ^


INFO 2026-07-23 22:10:57,550 middleware 1620 17224 user=83 method=DELETE path=/api/courses/19/ status=500 ip=127.0.0.1
ERROR 2026-07-23 22:10:57,550 log 1620 17224 Internal Server Error: /api/courses/19/
ERROR 2026-07-23 22:10:57,551 basehttp 1620 17224 "DELETE /api/courses/19/ HTTP/1.1" 500 80
INFO 2026-07-23 22:17:06,913 autoreload 15504 4108 Watching for file changes with StatReloader
ERROR 2026-07-23 22:17:13,311 exceptions 15504 17872 Unhandled exception: column progress_student_progress.lesson_id does not exist
LINE 1: ...ent_id", "progress_student_progress"."course_id", "progress_...
                                                             ^

Traceback (most recent call last):
  File "C:\Users\Ammar\OneDrive\Desktop\LMS_project\.venv\Lib\site-packages\django\db\backends\utils.py", line 105, in _execute
    return self.cursor.execute(sql, params)
           ~~~~~~~~~~~~~~~~~~~^^^^^^^^^^^^^
psycopg2.errors.UndefinedColumn: column progress_student_progress.lesson_id does not exist
LINE 1: ...ent_id", "progress_student_progress"."course_id", "progress_...
                                                             ^


The above exception was the direct cause of the following exception:

Traceback (most recent call last):
  File "C:\Users\Ammar\OneDrive\Desktop\LMS_project\.venv\Lib\site-packages\rest_framework\views.py", line 512, in dispatch
    response = handler(request, *args, **kwargs)
  File "C:\Users\Ammar\OneDrive\Desktop\LMS_project\.venv\Lib\site-packages\rest_framework\mixins.py", line 91, in destroy
    self.perform_destroy(instance)
    ~~~~~~~~~~~~~~~~~~~~^^^^^^^^^^
  File "C:\Users\Ammar\OneDrive\Desktop\LMS_project\.venv\Lib\site-packages\rest_framework\mixins.py", line 95, in perform_destroy
    instance.delete()
    ~~~~~~~~~~~~~~~^^
  File "C:\Users\Ammar\OneDrive\Desktop\LMS_project\.venv\Lib\site-packages\django\db\models\base.py", line 1280, in delete
    collector.collect([self], keep_parents=keep_parents)
    ~~~~~~~~~~~~~~~~~^^^^^^^^^^^^^^^^^^^^^^^^^^^^^^^^^^^
  File "C:\Users\Ammar\OneDrive\Desktop\LMS_project\.venv\Lib\site-packages\django\db\models\deletion.py", line 343, in collect
    if getattr(on_delete, "lazy_sub_objs", False) or sub_objs:
                                                     ^^^^^^^^
  File "C:\Users\Ammar\OneDrive\Desktop\LMS_project\.venv\Lib\site-packages\django\db\models\query.py", line 400, in __bool__
    self._fetch_all()
    ~~~~~~~~~~~~~~~^^
  File "C:\Users\Ammar\OneDrive\Desktop\LMS_project\.venv\Lib\site-packages\django\db\models\query.py", line 1954, in _fetch_all
    self._result_cache = list(self._iterable_class(self))
                         ~~~~^^^^^^^^^^^^^^^^^^^^^^^^^^^^
  File "C:\Users\Ammar\OneDrive\Desktop\LMS_project\.venv\Lib\site-packages\django\db\models\query.py", line 93, in __iter__
    results = compiler.execute_sql(
        chunked_fetch=self.chunked_fetch, chunk_size=self.chunk_size
    )
  File "C:\Users\Ammar\OneDrive\Desktop\LMS_project\.venv\Lib\site-packages\django\db\models\sql\compiler.py", line 1623, in execute_sql
    cursor.execute(sql, params)
    ~~~~~~~~~~~~~~^^^^^^^^^^^^^
  File "C:\Users\Ammar\OneDrive\Desktop\LMS_project\.venv\Lib\site-packages\django\db\backends\utils.py", line 122, in execute
    return super().execute(sql, params)
           ~~~~~~~~~~~~~~~^^^^^^^^^^^^^
  File "C:\Users\Ammar\OneDrive\Desktop\LMS_project\.venv\Lib\site-packages\django\db\backends\utils.py", line 79, in execute
    return self._execute_with_wrappers(
           ~~~~~~~~~~~~~~~~~~~~~~~~~~~^
        sql, params, many=False, executor=self._execute
        ^^^^^^^^^^^^^^^^^^^^^^^^^^^^^^^^^^^^^^^^^^^^^^^
    )
    ^
  File "C:\Users\Ammar\OneDrive\Desktop\LMS_project\.venv\Lib\site-packages\django\db\backends\utils.py", line 92, in _execute_with_wrappers
    return executor(sql, params, many, context)
  File "C:\Users\Ammar\OneDrive\Desktop\LMS_project\.venv\Lib\site-packages\django\db\backends\utils.py", line 100, in _execute
    with self.db.wrap_database_errors:
         ^^^^^^^^^^^^^^^^^^^^^^^^^^^^
  File "C:\Users\Ammar\OneDrive\Desktop\LMS_project\.venv\Lib\site-packages\django\db\utils.py", line 91, in __exit__
    raise dj_exc_value.with_traceback(traceback) from exc_value
  File "C:\Users\Ammar\OneDrive\Desktop\LMS_project\.venv\Lib\site-packages\django\db\backends\utils.py", line 105, in _execute
    return self.cursor.execute(sql, params)
           ~~~~~~~~~~~~~~~~~~~^^^^^^^^^^^^^
django.db.utils.ProgrammingError: column progress_student_progress.lesson_id does not exist
LINE 1: ...ent_id", "progress_student_progress"."course_id", "progress_...
                                                             ^


INFO 2026-07-23 22:17:13,315 middleware 15504 17872 user=83 method=DELETE path=/api/courses/19/ status=500 ip=127.0.0.1
ERROR 2026-07-23 22:17:13,318 log 15504 17872 Internal Server Error: /api/courses/19/
ERROR 2026-07-23 22:17:13,320 basehttp 15504 17872 "DELETE /api/courses/19/ HTTP/1.1" 500 80
INFO 2026-07-26 11:52:32,385 autoreload 20096 14656 Watching for file changes with StatReloader
INFO 2026-07-26 11:55:35,408 basehttp 20096 3320 "POST /api/auth/login/ HTTP/1.1" 200 758
INFO 2026-07-26 11:57:06,953 middleware 20096 20452 user=83 method=DELETE path=/api/courses/19/ status=204 ip=127.0.0.1
INFO 2026-07-26 11:57:06,964 basehttp 20096 20452 "DELETE /api/courses/19/ HTTP/1.1" 204 0
INFO 2026-07-26 12:16:33,073 autoreload 19428 16052 Watching for file changes with StatReloader
INFO 2026-08-01 19:43:34,504 autoreload 2640 9000 Watching for file changes with StatReloader
INFO 2026-08-01 19:57:10,581 services 2640 9168 Verification email queued for user 85
INFO 2026-08-01 19:57:10,629 basehttp 2640 9168 "POST /api/auth/register/ HTTP/1.1" 201 146
INFO 2026-08-04 16:32:04,246 autoreload 7444 476 Watching for file changes with StatReloader
INFO 2026-08-04 16:32:45,200 autoreload 7444 476 C:\Users\Ammar\OneDrive\Desktop\LMS_project\hope_academy\settings.py changed, reloading.
INFO 2026-08-04 16:32:46,988 autoreload 3444 3904 Watching for file changes with StatReloader
INFO 2026-08-04 16:43:06,483 autoreload 3444 3904 C:\Users\Ammar\OneDrive\Desktop\LMS_project\hope_academy\settings.py changed, reloading.
INFO 2026-08-04 16:43:08,956 autoreload 8672 15520 Watching for file changes with StatReloader
INFO 2026-08-04 17:14:52,739 autoreload 16468 12516 Watching for file changes with StatReloader
INFO 2026-08-04 18:01:14,754 autoreload 16468 12516 C:\Users\Ammar\OneDrive\Desktop\LMS_project\apps\users\services.py changed, reloading.
INFO 2026-08-04 18:01:18,321 autoreload 12788 10512 Watching for file changes with StatReloader
INFO 2026-08-04 18:02:34,874 autoreload 12788 10512 C:\Users\Ammar\OneDrive\Desktop\LMS_project\apps\users\services.py changed, reloading.
INFO 2026-08-04 18:02:37,405 autoreload 15356 4696 Watching for file changes with StatReloader
WARNING 2026-08-04 18:54:38,281 log 15356 11172 Not Found: /
WARNING 2026-08-04 18:54:38,357 basehttp 15356 11172 "GET / HTTP/1.1" 404 4572
WARNING 2026-08-04 18:54:38,554 log 15356 11172 Not Found: /favicon.ico
WARNING 2026-08-04 18:54:38,555 basehttp 15356 11172 "GET /favicon.ico HTTP/1.1" 404 4623
INFO 2026-08-04 18:54:47,193 basehttp 15356 8456 "GET /api/docs/ HTTP/1.1" 200 4662
ERROR 2026-08-04 18:54:53,616 exceptions 15356 12272 Unhandled exception: Field name `lesson` is not valid for model `Quiz` in `apps.quizzes.serializers.QuizCreateSerializer`.
Traceback (most recent call last):
  File "C:\Users\Ammar\OneDrive\Desktop\LMS_project\.venv\Lib\site-packages\rest_framework\views.py", line 512, in dispatch
    response = handler(request, *args, **kwargs)
  File "C:\Users\Ammar\OneDrive\Desktop\LMS_project\.venv\Lib\site-packages\drf_spectacular\views.py", line 84, in get
    return self._get_schema_response(request)
           ~~~~~~~~~~~~~~~~~~~~~~~~~^^^^^^^^^
  File "C:\Users\Ammar\OneDrive\Desktop\LMS_project\.venv\Lib\site-packages\drf_spectacular\views.py", line 92, in _get_schema_response
    data=generator.get_schema(request=request, public=self.serve_public),
         ~~~~~~~~~~~~~~~~~~~~^^^^^^^^^^^^^^^^^^^^^^^^^^^^^^^^^^^^^^^^^^^
  File "C:\Users\Ammar\OneDrive\Desktop\LMS_project\.venv\Lib\site-packages\drf_spectacular\generators.py", line 287, in get_schema
    paths=self.parse(request, public),
          ~~~~~~~~~~^^^^^^^^^^^^^^^^^
  File "C:\Users\Ammar\OneDrive\Desktop\LMS_project\.venv\Lib\site-packages\drf_spectacular\generators.py", line 258, in parse
    operation = view.schema.get_operation(
        path, path_regex, path_prefix, method, self.registry
    )
  File "C:\Users\Ammar\OneDrive\Desktop\LMS_project\.venv\Lib\site-packages\drf_spectacular\openapi.py", line 101, in get_operation
    request_body = self._get_request_body()
  File "C:\Users\Ammar\OneDrive\Desktop\LMS_project\.venv\Lib\site-packages\drf_spectacular\openapi.py", line 1331, in _get_request_body
    schema, partial_request_body_required = self._get_request_for_media_type(serializer, direction)
                                            ~~~~~~~~~~~~~~~~~~~~~~~~~~~~~~~~^^^^^^^^^^^^^^^^^^^^^^^
  File "C:\Users\Ammar\OneDrive\Desktop\LMS_project\.venv\Lib\site-packages\drf_spectacular\openapi.py", line 1363, in _get_request_for_media_type
    component = self.resolve_serializer(serializer, direction)
  File "C:\Users\Ammar\OneDrive\Desktop\LMS_project\.venv\Lib\site-packages\drf_spectacular\openapi.py", line 1658, in resolve_serializer
    component.schema = self._map_serializer(serializer, direction, bypass_extensions)
                       ~~~~~~~~~~~~~~~~~~~~^^^^^^^^^^^^^^^^^^^^^^^^^^^^^^^^^^^^^^^^^^
  File "C:\Users\Ammar\OneDrive\Desktop\LMS_project\.venv\Lib\site-packages\drf_spectacular\openapi.py", line 959, in _map_serializer
    schema = self._map_basic_serializer(serializer, direction)
  File "C:\Users\Ammar\OneDrive\Desktop\LMS_project\.venv\Lib\site-packages\drf_spectacular\openapi.py", line 1052, in _map_basic_serializer
    for field in serializer.fields.values():
                 ^^^^^^^^^^^^^^^^^
  File "C:\Users\Ammar\OneDrive\Desktop\LMS_project\.venv\Lib\site-packages\django\utils\functional.py", line 47, in __get__
    res = instance.__dict__[self.name] = self.func(instance)
                                         ~~~~~~~~~^^^^^^^^^^
  File "C:\Users\Ammar\OneDrive\Desktop\LMS_project\.venv\Lib\site-packages\rest_framework\serializers.py", line 386, in fields
    for key, value in self.get_fields().items():
                      ~~~~~~~~~~~~~~~^^
  File "C:\Users\Ammar\OneDrive\Desktop\LMS_project\.venv\Lib\site-packages\rest_framework\serializers.py", line 1132, in get_fields
    field_class, field_kwargs = self.build_field(
                                ~~~~~~~~~~~~~~~~^
        source, info, model, depth
        ^^^^^^^^^^^^^^^^^^^^^^^^^^
    )
    ^
  File "C:\Users\Ammar\OneDrive\Desktop\LMS_project\.venv\Lib\site-packages\rest_framework\serializers.py", line 1278, in build_field
    return self.build_unknown_field(field_name, model_class)
           ~~~~~~~~~~~~~~~~~~~~~~~~^^^^^^^^^^^^^^^^^^^^^^^^^
  File "C:\Users\Ammar\OneDrive\Desktop\LMS_project\.venv\Lib\site-packages\rest_framework\serializers.py", line 1396, in build_unknown_field
    raise ImproperlyConfigured(
    ...<2 lines>...
    )
django.core.exceptions.ImproperlyConfigured: Field name `lesson` is not valid for model `Quiz` in `apps.quizzes.serializers.QuizCreateSerializer`.

ERROR 2026-08-04 18:54:53,638 log 15356 12272 Internal Server Error: /api/schema/
ERROR 2026-08-04 18:54:53,640 basehttp 15356 12272 "GET /api/schema/ HTTP/1.1" 500 118
ERROR 2026-08-04 18:54:53,949 exceptions 15356 12272 Unhandled exception: Field name `lesson` is not valid for model `Quiz` in `apps.quizzes.serializers.QuizCreateSerializer`.
Traceback (most recent call last):
  File "C:\Users\Ammar\OneDrive\Desktop\LMS_project\.venv\Lib\site-packages\rest_framework\views.py", line 512, in dispatch
    response = handler(request, *args, **kwargs)
  File "C:\Users\Ammar\OneDrive\Desktop\LMS_project\.venv\Lib\site-packages\drf_spectacular\views.py", line 84, in get
    return self._get_schema_response(request)
           ~~~~~~~~~~~~~~~~~~~~~~~~~^^^^^^^^^
  File "C:\Users\Ammar\OneDrive\Desktop\LMS_project\.venv\Lib\site-packages\drf_spectacular\views.py", line 92, in _get_schema_response
    data=generator.get_schema(request=request, public=self.serve_public),
         ~~~~~~~~~~~~~~~~~~~~^^^^^^^^^^^^^^^^^^^^^^^^^^^^^^^^^^^^^^^^^^^
  File "C:\Users\Ammar\OneDrive\Desktop\LMS_project\.venv\Lib\site-packages\drf_spectacular\generators.py", line 287, in get_schema
    paths=self.parse(request, public),
          ~~~~~~~~~~^^^^^^^^^^^^^^^^^
  File "C:\Users\Ammar\OneDrive\Desktop\LMS_project\.venv\Lib\site-packages\drf_spectacular\generators.py", line 258, in parse
    operation = view.schema.get_operation(
        path, path_regex, path_prefix, method, self.registry
    )
  File "C:\Users\Ammar\OneDrive\Desktop\LMS_project\.venv\Lib\site-packages\drf_spectacular\openapi.py", line 101, in get_operation
    request_body = self._get_request_body()
  File "C:\Users\Ammar\OneDrive\Desktop\LMS_project\.venv\Lib\site-packages\drf_spectacular\openapi.py", line 1331, in _get_request_body
    schema, partial_request_body_required = self._get_request_for_media_type(serializer, direction)
                                            ~~~~~~~~~~~~~~~~~~~~~~~~~~~~~~~~^^^^^^^^^^^^^^^^^^^^^^^
  File "C:\Users\Ammar\OneDrive\Desktop\LMS_project\.venv\Lib\site-packages\drf_spectacular\openapi.py", line 1363, in _get_request_for_media_type
    component = self.resolve_serializer(serializer, direction)
  File "C:\Users\Ammar\OneDrive\Desktop\LMS_project\.venv\Lib\site-packages\drf_spectacular\openapi.py", line 1658, in resolve_serializer
    component.schema = self._map_serializer(serializer, direction, bypass_extensions)
                       ~~~~~~~~~~~~~~~~~~~~^^^^^^^^^^^^^^^^^^^^^^^^^^^^^^^^^^^^^^^^^^
  File "C:\Users\Ammar\OneDrive\Desktop\LMS_project\.venv\Lib\site-packages\drf_spectacular\openapi.py", line 959, in _map_serializer
    schema = self._map_basic_serializer(serializer, direction)
  File "C:\Users\Ammar\OneDrive\Desktop\LMS_project\.venv\Lib\site-packages\drf_spectacular\openapi.py", line 1052, in _map_basic_serializer
    for field in serializer.fields.values():
                 ^^^^^^^^^^^^^^^^^
  File "C:\Users\Ammar\OneDrive\Desktop\LMS_project\.venv\Lib\site-packages\django\utils\functional.py", line 47, in __get__
    res = instance.__dict__[self.name] = self.func(instance)
                                         ~~~~~~~~~^^^^^^^^^^
  File "C:\Users\Ammar\OneDrive\Desktop\LMS_project\.venv\Lib\site-packages\rest_framework\serializers.py", line 386, in fields
    for key, value in self.get_fields().items():
                      ~~~~~~~~~~~~~~~^^
  File "C:\Users\Ammar\OneDrive\Desktop\LMS_project\.venv\Lib\site-packages\rest_framework\serializers.py", line 1132, in get_fields
    field_class, field_kwargs = self.build_field(
                                ~~~~~~~~~~~~~~~~^
        source, info, model, depth
        ^^^^^^^^^^^^^^^^^^^^^^^^^^
    )
    ^
  File "C:\Users\Ammar\OneDrive\Desktop\LMS_project\.venv\Lib\site-packages\rest_framework\serializers.py", line 1278, in build_field
    return self.build_unknown_field(field_name, model_class)
           ~~~~~~~~~~~~~~~~~~~~~~~~^^^^^^^^^^^^^^^^^^^^^^^^^
  File "C:\Users\Ammar\OneDrive\Desktop\LMS_project\.venv\Lib\site-packages\rest_framework\serializers.py", line 1396, in build_unknown_field
    raise ImproperlyConfigured(
    ...<2 lines>...
    )
django.core.exceptions.ImproperlyConfigured: Field name `lesson` is not valid for model `Quiz` in `apps.quizzes.serializers.QuizCreateSerializer`.

ERROR 2026-08-04 18:54:53,955 log 15356 12272 Internal Server Error: /api/schema/
ERROR 2026-08-04 18:54:53,957 basehttp 15356 12272 "GET /api/schema/ HTTP/1.1" 500 118
ERROR 2026-08-04 18:55:37,910 exceptions 15356 17292 Unhandled exception: Field name `lesson` is not valid for model `Quiz` in `apps.quizzes.serializers.QuizCreateSerializer`.
Traceback (most recent call last):
  File "C:\Users\Ammar\OneDrive\Desktop\LMS_project\.venv\Lib\site-packages\rest_framework\views.py", line 512, in dispatch
    response = handler(request, *args, **kwargs)
  File "C:\Users\Ammar\OneDrive\Desktop\LMS_project\.venv\Lib\site-packages\drf_spectacular\views.py", line 84, in get
    return self._get_schema_response(request)
           ~~~~~~~~~~~~~~~~~~~~~~~~~^^^^^^^^^
  File "C:\Users\Ammar\OneDrive\Desktop\LMS_project\.venv\Lib\site-packages\drf_spectacular\views.py", line 92, in _get_schema_response
    data=generator.get_schema(request=request, public=self.serve_public),
         ~~~~~~~~~~~~~~~~~~~~^^^^^^^^^^^^^^^^^^^^^^^^^^^^^^^^^^^^^^^^^^^
  File "C:\Users\Ammar\OneDrive\Desktop\LMS_project\.venv\Lib\site-packages\drf_spectacular\generators.py", line 287, in get_schema
    paths=self.parse(request, public),
          ~~~~~~~~~~^^^^^^^^^^^^^^^^^
  File "C:\Users\Ammar\OneDrive\Desktop\LMS_project\.venv\Lib\site-packages\drf_spectacular\generators.py", line 258, in parse
    operation = view.schema.get_operation(
        path, path_regex, path_prefix, method, self.registry
    )
  File "C:\Users\Ammar\OneDrive\Desktop\LMS_project\.venv\Lib\site-packages\drf_spectacular\openapi.py", line 101, in get_operation
    request_body = self._get_request_body()
  File "C:\Users\Ammar\OneDrive\Desktop\LMS_project\.venv\Lib\site-packages\drf_spectacular\openapi.py", line 1331, in _get_request_body
    schema, partial_request_body_required = self._get_request_for_media_type(serializer, direction)
                                            ~~~~~~~~~~~~~~~~~~~~~~~~~~~~~~~~^^^^^^^^^^^^^^^^^^^^^^^
  File "C:\Users\Ammar\OneDrive\Desktop\LMS_project\.venv\Lib\site-packages\drf_spectacular\openapi.py", line 1363, in _get_request_for_media_type
    component = self.resolve_serializer(serializer, direction)
  File "C:\Users\Ammar\OneDrive\Desktop\LMS_project\.venv\Lib\site-packages\drf_spectacular\openapi.py", line 1658, in resolve_serializer
    component.schema = self._map_serializer(serializer, direction, bypass_extensions)
                       ~~~~~~~~~~~~~~~~~~~~^^^^^^^^^^^^^^^^^^^^^^^^^^^^^^^^^^^^^^^^^^
  File "C:\Users\Ammar\OneDrive\Desktop\LMS_project\.venv\Lib\site-packages\drf_spectacular\openapi.py", line 959, in _map_serializer
    schema = self._map_basic_serializer(serializer, direction)
  File "C:\Users\Ammar\OneDrive\Desktop\LMS_project\.venv\Lib\site-packages\drf_spectacular\openapi.py", line 1052, in _map_basic_serializer
    for field in serializer.fields.values():
                 ^^^^^^^^^^^^^^^^^
  File "C:\Users\Ammar\OneDrive\Desktop\LMS_project\.venv\Lib\site-packages\django\utils\functional.py", line 47, in __get__
    res = instance.__dict__[self.name] = self.func(instance)
                                         ~~~~~~~~~^^^^^^^^^^
  File "C:\Users\Ammar\OneDrive\Desktop\LMS_project\.venv\Lib\site-packages\rest_framework\serializers.py", line 386, in fields
    for key, value in self.get_fields().items():
                      ~~~~~~~~~~~~~~~^^
  File "C:\Users\Ammar\OneDrive\Desktop\LMS_project\.venv\Lib\site-packages\rest_framework\serializers.py", line 1132, in get_fields
    field_class, field_kwargs = self.build_field(
                                ~~~~~~~~~~~~~~~~^
        source, info, model, depth
        ^^^^^^^^^^^^^^^^^^^^^^^^^^
    )
    ^
  File "C:\Users\Ammar\OneDrive\Desktop\LMS_project\.venv\Lib\site-packages\rest_framework\serializers.py", line 1278, in build_field
    return self.build_unknown_field(field_name, model_class)
           ~~~~~~~~~~~~~~~~~~~~~~~~^^^^^^^^^^^^^^^^^^^^^^^^^
  File "C:\Users\Ammar\OneDrive\Desktop\LMS_project\.venv\Lib\site-packages\rest_framework\serializers.py", line 1396, in build_unknown_field
    raise ImproperlyConfigured(
    ...<2 lines>...
    )
django.core.exceptions.ImproperlyConfigured: Field name `lesson` is not valid for model `Quiz` in `apps.quizzes.serializers.QuizCreateSerializer`.

ERROR 2026-08-04 18:55:37,933 log 15356 17292 Internal Server Error: /api/schema/
ERROR 2026-08-04 18:55:37,936 basehttp 15356 17292 "GET /api/schema/ HTTP/1.1" 500 75
ERROR 2026-08-04 18:55:39,293 exceptions 15356 17292 Unhandled exception: Field name `lesson` is not valid for model `Quiz` in `apps.quizzes.serializers.QuizCreateSerializer`.
Traceback (most recent call last):
  File "C:\Users\Ammar\OneDrive\Desktop\LMS_project\.venv\Lib\site-packages\rest_framework\views.py", line 512, in dispatch
    response = handler(request, *args, **kwargs)
  File "C:\Users\Ammar\OneDrive\Desktop\LMS_project\.venv\Lib\site-packages\drf_spectacular\views.py", line 84, in get
    return self._get_schema_response(request)
           ~~~~~~~~~~~~~~~~~~~~~~~~~^^^^^^^^^
  File "C:\Users\Ammar\OneDrive\Desktop\LMS_project\.venv\Lib\site-packages\drf_spectacular\views.py", line 92, in _get_schema_response
    data=generator.get_schema(request=request, public=self.serve_public),
         ~~~~~~~~~~~~~~~~~~~~^^^^^^^^^^^^^^^^^^^^^^^^^^^^^^^^^^^^^^^^^^^
  File "C:\Users\Ammar\OneDrive\Desktop\LMS_project\.venv\Lib\site-packages\drf_spectacular\generators.py", line 287, in get_schema
    paths=self.parse(request, public),
          ~~~~~~~~~~^^^^^^^^^^^^^^^^^
  File "C:\Users\Ammar\OneDrive\Desktop\LMS_project\.venv\Lib\site-packages\drf_spectacular\generators.py", line 258, in parse
    operation = view.schema.get_operation(
        path, path_regex, path_prefix, method, self.registry
    )
  File "C:\Users\Ammar\OneDrive\Desktop\LMS_project\.venv\Lib\site-packages\drf_spectacular\openapi.py", line 101, in get_operation
    request_body = self._get_request_body()
  File "C:\Users\Ammar\OneDrive\Desktop\LMS_project\.venv\Lib\site-packages\drf_spectacular\openapi.py", line 1331, in _get_request_body
    schema, partial_request_body_required = self._get_request_for_media_type(serializer, direction)
                                            ~~~~~~~~~~~~~~~~~~~~~~~~~~~~~~~~^^^^^^^^^^^^^^^^^^^^^^^
  File "C:\Users\Ammar\OneDrive\Desktop\LMS_project\.venv\Lib\site-packages\drf_spectacular\openapi.py", line 1363, in _get_request_for_media_type
    component = self.resolve_serializer(serializer, direction)
  File "C:\Users\Ammar\OneDrive\Desktop\LMS_project\.venv\Lib\site-packages\drf_spectacular\openapi.py", line 1658, in resolve_serializer
    component.schema = self._map_serializer(serializer, direction, bypass_extensions)
                       ~~~~~~~~~~~~~~~~~~~~^^^^^^^^^^^^^^^^^^^^^^^^^^^^^^^^^^^^^^^^^^
  File "C:\Users\Ammar\OneDrive\Desktop\LMS_project\.venv\Lib\site-packages\drf_spectacular\openapi.py", line 959, in _map_serializer
    schema = self._map_basic_serializer(serializer, direction)
  File "C:\Users\Ammar\OneDrive\Desktop\LMS_project\.venv\Lib\site-packages\drf_spectacular\openapi.py", line 1052, in _map_basic_serializer
    for field in serializer.fields.values():
                 ^^^^^^^^^^^^^^^^^
  File "C:\Users\Ammar\OneDrive\Desktop\LMS_project\.venv\Lib\site-packages\django\utils\functional.py", line 47, in __get__
    res = instance.__dict__[self.name] = self.func(instance)
                                         ~~~~~~~~~^^^^^^^^^^
  File "C:\Users\Ammar\OneDrive\Desktop\LMS_project\.venv\Lib\site-packages\rest_framework\serializers.py", line 386, in fields
    for key, value in self.get_fields().items():
                      ~~~~~~~~~~~~~~~^^
  File "C:\Users\Ammar\OneDrive\Desktop\LMS_project\.venv\Lib\site-packages\rest_framework\serializers.py", line 1132, in get_fields
    field_class, field_kwargs = self.build_field(
                                ~~~~~~~~~~~~~~~~^
        source, info, model, depth
        ^^^^^^^^^^^^^^^^^^^^^^^^^^
    )
    ^
  File "C:\Users\Ammar\OneDrive\Desktop\LMS_project\.venv\Lib\site-packages\rest_framework\serializers.py", line 1278, in build_field
    return self.build_unknown_field(field_name, model_class)
           ~~~~~~~~~~~~~~~~~~~~~~~~^^^^^^^^^^^^^^^^^^^^^^^^^
  File "C:\Users\Ammar\OneDrive\Desktop\LMS_project\.venv\Lib\site-packages\rest_framework\serializers.py", line 1396, in build_unknown_field
    raise ImproperlyConfigured(
    ...<2 lines>...
    )
django.core.exceptions.ImproperlyConfigured: Field name `lesson` is not valid for model `Quiz` in `apps.quizzes.serializers.QuizCreateSerializer`.

ERROR 2026-08-04 18:55:39,296 log 15356 17292 Internal Server Error: /api/schema/
ERROR 2026-08-04 18:55:39,296 basehttp 15356 17292 "GET /api/schema/ HTTP/1.1" 500 75
ERROR 2026-08-04 18:55:44,852 exceptions 15356 18932 Unhandled exception: Field name `lesson` is not valid for model `Quiz` in `apps.quizzes.serializers.QuizCreateSerializer`.
Traceback (most recent call last):
  File "C:\Users\Ammar\OneDrive\Desktop\LMS_project\.venv\Lib\site-packages\rest_framework\views.py", line 512, in dispatch
    response = handler(request, *args, **kwargs)
  File "C:\Users\Ammar\OneDrive\Desktop\LMS_project\.venv\Lib\site-packages\drf_spectacular\views.py", line 84, in get
    return self._get_schema_response(request)
           ~~~~~~~~~~~~~~~~~~~~~~~~~^^^^^^^^^
  File "C:\Users\Ammar\OneDrive\Desktop\LMS_project\.venv\Lib\site-packages\drf_spectacular\views.py", line 92, in _get_schema_response
    data=generator.get_schema(request=request, public=self.serve_public),
         ~~~~~~~~~~~~~~~~~~~~^^^^^^^^^^^^^^^^^^^^^^^^^^^^^^^^^^^^^^^^^^^
  File "C:\Users\Ammar\OneDrive\Desktop\LMS_project\.venv\Lib\site-packages\drf_spectacular\generators.py", line 287, in get_schema
    paths=self.parse(request, public),
          ~~~~~~~~~~^^^^^^^^^^^^^^^^^
  File "C:\Users\Ammar\OneDrive\Desktop\LMS_project\.venv\Lib\site-packages\drf_spectacular\generators.py", line 258, in parse
    operation = view.schema.get_operation(
        path, path_regex, path_prefix, method, self.registry
    )
  File "C:\Users\Ammar\OneDrive\Desktop\LMS_project\.venv\Lib\site-packages\drf_spectacular\openapi.py", line 101, in get_operation
    request_body = self._get_request_body()
  File "C:\Users\Ammar\OneDrive\Desktop\LMS_project\.venv\Lib\site-packages\drf_spectacular\openapi.py", line 1331, in _get_request_body
    schema, partial_request_body_required = self._get_request_for_media_type(serializer, direction)
                                            ~~~~~~~~~~~~~~~~~~~~~~~~~~~~~~~~^^^^^^^^^^^^^^^^^^^^^^^
  File "C:\Users\Ammar\OneDrive\Desktop\LMS_project\.venv\Lib\site-packages\drf_spectacular\openapi.py", line 1363, in _get_request_for_media_type
    component = self.resolve_serializer(serializer, direction)
  File "C:\Users\Ammar\OneDrive\Desktop\LMS_project\.venv\Lib\site-packages\drf_spectacular\openapi.py", line 1658, in resolve_serializer
    component.schema = self._map_serializer(serializer, direction, bypass_extensions)
                       ~~~~~~~~~~~~~~~~~~~~^^^^^^^^^^^^^^^^^^^^^^^^^^^^^^^^^^^^^^^^^^
  File "C:\Users\Ammar\OneDrive\Desktop\LMS_project\.venv\Lib\site-packages\drf_spectacular\openapi.py", line 959, in _map_serializer
    schema = self._map_basic_serializer(serializer, direction)
  File "C:\Users\Ammar\OneDrive\Desktop\LMS_project\.venv\Lib\site-packages\drf_spectacular\openapi.py", line 1052, in _map_basic_serializer
    for field in serializer.fields.values():
                 ^^^^^^^^^^^^^^^^^
  File "C:\Users\Ammar\OneDrive\Desktop\LMS_project\.venv\Lib\site-packages\django\utils\functional.py", line 47, in __get__
    res = instance.__dict__[self.name] = self.func(instance)
                                         ~~~~~~~~~^^^^^^^^^^
  File "C:\Users\Ammar\OneDrive\Desktop\LMS_project\.venv\Lib\site-packages\rest_framework\serializers.py", line 386, in fields
    for key, value in self.get_fields().items():
                      ~~~~~~~~~~~~~~~^^
  File "C:\Users\Ammar\OneDrive\Desktop\LMS_project\.venv\Lib\site-packages\rest_framework\serializers.py", line 1132, in get_fields
    field_class, field_kwargs = self.build_field(
                                ~~~~~~~~~~~~~~~~^
        source, info, model, depth
        ^^^^^^^^^^^^^^^^^^^^^^^^^^
    )
    ^
  File "C:\Users\Ammar\OneDrive\Desktop\LMS_project\.venv\Lib\site-packages\rest_framework\serializers.py", line 1278, in build_field
    return self.build_unknown_field(field_name, model_class)
           ~~~~~~~~~~~~~~~~~~~~~~~~^^^^^^^^^^^^^^^^^^^^^^^^^
  File "C:\Users\Ammar\OneDrive\Desktop\LMS_project\.venv\Lib\site-packages\rest_framework\serializers.py", line 1396, in build_unknown_field
    raise ImproperlyConfigured(
    ...<2 lines>...
    )
django.core.exceptions.ImproperlyConfigured: Field name `lesson` is not valid for model `Quiz` in `apps.quizzes.serializers.QuizCreateSerializer`.

ERROR 2026-08-04 18:55:44,865 log 15356 18932 Internal Server Error: /api/schema/
ERROR 2026-08-04 18:55:44,867 basehttp 15356 18932 "GET /api/schema/ HTTP/1.1" 500 75
ERROR 2026-08-04 18:56:15,182 exceptions 15356 10272 Unhandled exception: Field name `lesson` is not valid for model `Quiz` in `apps.quizzes.serializers.QuizCreateSerializer`.
Traceback (most recent call last):
  File "C:\Users\Ammar\OneDrive\Desktop\LMS_project\.venv\Lib\site-packages\rest_framework\views.py", line 512, in dispatch
    response = handler(request, *args, **kwargs)
  File "C:\Users\Ammar\OneDrive\Desktop\LMS_project\.venv\Lib\site-packages\drf_spectacular\views.py", line 84, in get
    return self._get_schema_response(request)
           ~~~~~~~~~~~~~~~~~~~~~~~~~^^^^^^^^^
  File "C:\Users\Ammar\OneDrive\Desktop\LMS_project\.venv\Lib\site-packages\drf_spectacular\views.py", line 92, in _get_schema_response
    data=generator.get_schema(request=request, public=self.serve_public),
         ~~~~~~~~~~~~~~~~~~~~^^^^^^^^^^^^^^^^^^^^^^^^^^^^^^^^^^^^^^^^^^^
  File "C:\Users\Ammar\OneDrive\Desktop\LMS_project\.venv\Lib\site-packages\drf_spectacular\generators.py", line 287, in get_schema
    paths=self.parse(request, public),
          ~~~~~~~~~~^^^^^^^^^^^^^^^^^
  File "C:\Users\Ammar\OneDrive\Desktop\LMS_project\.venv\Lib\site-packages\drf_spectacular\generators.py", line 258, in parse
    operation = view.schema.get_operation(
        path, path_regex, path_prefix, method, self.registry
    )
  File "C:\Users\Ammar\OneDrive\Desktop\LMS_project\.venv\Lib\site-packages\drf_spectacular\openapi.py", line 101, in get_operation
    request_body = self._get_request_body()
  File "C:\Users\Ammar\OneDrive\Desktop\LMS_project\.venv\Lib\site-packages\drf_spectacular\openapi.py", line 1331, in _get_request_body
    schema, partial_request_body_required = self._get_request_for_media_type(serializer, direction)
                                            ~~~~~~~~~~~~~~~~~~~~~~~~~~~~~~~~^^^^^^^^^^^^^^^^^^^^^^^
  File "C:\Users\Ammar\OneDrive\Desktop\LMS_project\.venv\Lib\site-packages\drf_spectacular\openapi.py", line 1363, in _get_request_for_media_type
    component = self.resolve_serializer(serializer, direction)
  File "C:\Users\Ammar\OneDrive\Desktop\LMS_project\.venv\Lib\site-packages\drf_spectacular\openapi.py", line 1658, in resolve_serializer
    component.schema = self._map_serializer(serializer, direction, bypass_extensions)
                       ~~~~~~~~~~~~~~~~~~~~^^^^^^^^^^^^^^^^^^^^^^^^^^^^^^^^^^^^^^^^^^
  File "C:\Users\Ammar\OneDrive\Desktop\LMS_project\.venv\Lib\site-packages\drf_spectacular\openapi.py", line 959, in _map_serializer
    schema = self._map_basic_serializer(serializer, direction)
  File "C:\Users\Ammar\OneDrive\Desktop\LMS_project\.venv\Lib\site-packages\drf_spectacular\openapi.py", line 1052, in _map_basic_serializer
    for field in serializer.fields.values():
                 ^^^^^^^^^^^^^^^^^
  File "C:\Users\Ammar\OneDrive\Desktop\LMS_project\.venv\Lib\site-packages\django\utils\functional.py", line 47, in __get__
    res = instance.__dict__[self.name] = self.func(instance)
                                         ~~~~~~~~~^^^^^^^^^^
  File "C:\Users\Ammar\OneDrive\Desktop\LMS_project\.venv\Lib\site-packages\rest_framework\serializers.py", line 386, in fields
    for key, value in self.get_fields().items():
                      ~~~~~~~~~~~~~~~^^
  File "C:\Users\Ammar\OneDrive\Desktop\LMS_project\.venv\Lib\site-packages\rest_framework\serializers.py", line 1132, in get_fields
    field_class, field_kwargs = self.build_field(
                                ~~~~~~~~~~~~~~~~^
        source, info, model, depth
        ^^^^^^^^^^^^^^^^^^^^^^^^^^
    )
    ^
  File "C:\Users\Ammar\OneDrive\Desktop\LMS_project\.venv\Lib\site-packages\rest_framework\serializers.py", line 1278, in build_field
    return self.build_unknown_field(field_name, model_class)
           ~~~~~~~~~~~~~~~~~~~~~~~~^^^^^^^^^^^^^^^^^^^^^^^^^
  File "C:\Users\Ammar\OneDrive\Desktop\LMS_project\.venv\Lib\site-packages\rest_framework\serializers.py", line 1396, in build_unknown_field
    raise ImproperlyConfigured(
    ...<2 lines>...
    )
django.core.exceptions.ImproperlyConfigured: Field name `lesson` is not valid for model `Quiz` in `apps.quizzes.serializers.QuizCreateSerializer`.

ERROR 2026-08-04 18:56:15,183 log 15356 10272 Internal Server Error: /api/schema/
ERROR 2026-08-04 18:56:15,184 basehttp 15356 10272 "GET /api/schema/ HTTP/1.1" 500 75
ERROR 2026-08-04 18:57:15,904 exceptions 15356 19128 Unhandled exception: Field name `lesson` is not valid for model `Quiz` in `apps.quizzes.serializers.QuizCreateSerializer`.
Traceback (most recent call last):
  File "C:\Users\Ammar\OneDrive\Desktop\LMS_project\.venv\Lib\site-packages\rest_framework\views.py", line 512, in dispatch
    response = handler(request, *args, **kwargs)
  File "C:\Users\Ammar\OneDrive\Desktop\LMS_project\.venv\Lib\site-packages\drf_spectacular\views.py", line 84, in get
    return self._get_schema_response(request)
           ~~~~~~~~~~~~~~~~~~~~~~~~~^^^^^^^^^
  File "C:\Users\Ammar\OneDrive\Desktop\LMS_project\.venv\Lib\site-packages\drf_spectacular\views.py", line 92, in _get_schema_response
    data=generator.get_schema(request=request, public=self.serve_public),
         ~~~~~~~~~~~~~~~~~~~~^^^^^^^^^^^^^^^^^^^^^^^^^^^^^^^^^^^^^^^^^^^
  File "C:\Users\Ammar\OneDrive\Desktop\LMS_project\.venv\Lib\site-packages\drf_spectacular\generators.py", line 287, in get_schema
    paths=self.parse(request, public),
          ~~~~~~~~~~^^^^^^^^^^^^^^^^^
  File "C:\Users\Ammar\OneDrive\Desktop\LMS_project\.venv\Lib\site-packages\drf_spectacular\generators.py", line 258, in parse
    operation = view.schema.get_operation(
        path, path_regex, path_prefix, method, self.registry
    )
  File "C:\Users\Ammar\OneDrive\Desktop\LMS_project\.venv\Lib\site-packages\drf_spectacular\openapi.py", line 101, in get_operation
    request_body = self._get_request_body()
  File "C:\Users\Ammar\OneDrive\Desktop\LMS_project\.venv\Lib\site-packages\drf_spectacular\openapi.py", line 1331, in _get_request_body
    schema, partial_request_body_required = self._get_request_for_media_type(serializer, direction)
                                            ~~~~~~~~~~~~~~~~~~~~~~~~~~~~~~~~^^^^^^^^^^^^^^^^^^^^^^^
  File "C:\Users\Ammar\OneDrive\Desktop\LMS_project\.venv\Lib\site-packages\drf_spectacular\openapi.py", line 1363, in _get_request_for_media_type
    component = self.resolve_serializer(serializer, direction)
  File "C:\Users\Ammar\OneDrive\Desktop\LMS_project\.venv\Lib\site-packages\drf_spectacular\openapi.py", line 1658, in resolve_serializer
    component.schema = self._map_serializer(serializer, direction, bypass_extensions)
                       ~~~~~~~~~~~~~~~~~~~~^^^^^^^^^^^^^^^^^^^^^^^^^^^^^^^^^^^^^^^^^^
  File "C:\Users\Ammar\OneDrive\Desktop\LMS_project\.venv\Lib\site-packages\drf_spectacular\openapi.py", line 959, in _map_serializer
    schema = self._map_basic_serializer(serializer, direction)
  File "C:\Users\Ammar\OneDrive\Desktop\LMS_project\.venv\Lib\site-packages\drf_spectacular\openapi.py", line 1052, in _map_basic_serializer
    for field in serializer.fields.values():
                 ^^^^^^^^^^^^^^^^^
  File "C:\Users\Ammar\OneDrive\Desktop\LMS_project\.venv\Lib\site-packages\django\utils\functional.py", line 47, in __get__
    res = instance.__dict__[self.name] = self.func(instance)
                                         ~~~~~~~~~^^^^^^^^^^
  File "C:\Users\Ammar\OneDrive\Desktop\LMS_project\.venv\Lib\site-packages\rest_framework\serializers.py", line 386, in fields
    for key, value in self.get_fields().items():
                      ~~~~~~~~~~~~~~~^^
  File "C:\Users\Ammar\OneDrive\Desktop\LMS_project\.venv\Lib\site-packages\rest_framework\serializers.py", line 1132, in get_fields
    field_class, field_kwargs = self.build_field(
                                ~~~~~~~~~~~~~~~~^
        source, info, model, depth
        ^^^^^^^^^^^^^^^^^^^^^^^^^^
    )
    ^
  File "C:\Users\Ammar\OneDrive\Desktop\LMS_project\.venv\Lib\site-packages\rest_framework\serializers.py", line 1278, in build_field
    return self.build_unknown_field(field_name, model_class)
           ~~~~~~~~~~~~~~~~~~~~~~~~^^^^^^^^^^^^^^^^^^^^^^^^^
  File "C:\Users\Ammar\OneDrive\Desktop\LMS_project\.venv\Lib\site-packages\rest_framework\serializers.py", line 1396, in build_unknown_field
    raise ImproperlyConfigured(
    ...<2 lines>...
    )
django.core.exceptions.ImproperlyConfigured: Field name `lesson` is not valid for model `Quiz` in `apps.quizzes.serializers.QuizCreateSerializer`.

ERROR 2026-08-04 18:57:15,917 log 15356 19128 Internal Server Error: /api/schema/
ERROR 2026-08-04 18:57:15,920 basehttp 15356 19128 "GET /api/schema/ HTTP/1.1" 500 75
ERROR 2026-08-04 19:02:16,519 exceptions 15356 16052 Unhandled exception: Field name `lesson` is not valid for model `Quiz` in `apps.quizzes.serializers.QuizCreateSerializer`.
Traceback (most recent call last):
  File "C:\Users\Ammar\OneDrive\Desktop\LMS_project\.venv\Lib\site-packages\rest_framework\views.py", line 512, in dispatch
    response = handler(request, *args, **kwargs)
  File "C:\Users\Ammar\OneDrive\Desktop\LMS_project\.venv\Lib\site-packages\drf_spectacular\views.py", line 84, in get
    return self._get_schema_response(request)
           ~~~~~~~~~~~~~~~~~~~~~~~~~^^^^^^^^^
  File "C:\Users\Ammar\OneDrive\Desktop\LMS_project\.venv\Lib\site-packages\drf_spectacular\views.py", line 92, in _get_schema_response
    data=generator.get_schema(request=request, public=self.serve_public),
         ~~~~~~~~~~~~~~~~~~~~^^^^^^^^^^^^^^^^^^^^^^^^^^^^^^^^^^^^^^^^^^^
  File "C:\Users\Ammar\OneDrive\Desktop\LMS_project\.venv\Lib\site-packages\drf_spectacular\generators.py", line 287, in get_schema
    paths=self.parse(request, public),
          ~~~~~~~~~~^^^^^^^^^^^^^^^^^
  File "C:\Users\Ammar\OneDrive\Desktop\LMS_project\.venv\Lib\site-packages\drf_spectacular\generators.py", line 258, in parse
    operation = view.schema.get_operation(
        path, path_regex, path_prefix, method, self.registry
    )
  File "C:\Users\Ammar\OneDrive\Desktop\LMS_project\.venv\Lib\site-packages\drf_spectacular\openapi.py", line 101, in get_operation
    request_body = self._get_request_body()
  File "C:\Users\Ammar\OneDrive\Desktop\LMS_project\.venv\Lib\site-packages\drf_spectacular\openapi.py", line 1331, in _get_request_body
    schema, partial_request_body_required = self._get_request_for_media_type(serializer, direction)
                                            ~~~~~~~~~~~~~~~~~~~~~~~~~~~~~~~~^^^^^^^^^^^^^^^^^^^^^^^
  File "C:\Users\Ammar\OneDrive\Desktop\LMS_project\.venv\Lib\site-packages\drf_spectacular\openapi.py", line 1363, in _get_request_for_media_type
    component = self.resolve_serializer(serializer, direction)
  File "C:\Users\Ammar\OneDrive\Desktop\LMS_project\.venv\Lib\site-packages\drf_spectacular\openapi.py", line 1658, in resolve_serializer
    component.schema = self._map_serializer(serializer, direction, bypass_extensions)
                       ~~~~~~~~~~~~~~~~~~~~^^^^^^^^^^^^^^^^^^^^^^^^^^^^^^^^^^^^^^^^^^
  File "C:\Users\Ammar\OneDrive\Desktop\LMS_project\.venv\Lib\site-packages\drf_spectacular\openapi.py", line 959, in _map_serializer
    schema = self._map_basic_serializer(serializer, direction)
  File "C:\Users\Ammar\OneDrive\Desktop\LMS_project\.venv\Lib\site-packages\drf_spectacular\openapi.py", line 1052, in _map_basic_serializer
    for field in serializer.fields.values():
                 ^^^^^^^^^^^^^^^^^
  File "C:\Users\Ammar\OneDrive\Desktop\LMS_project\.venv\Lib\site-packages\django\utils\functional.py", line 47, in __get__
    res = instance.__dict__[self.name] = self.func(instance)
                                         ~~~~~~~~~^^^^^^^^^^
  File "C:\Users\Ammar\OneDrive\Desktop\LMS_project\.venv\Lib\site-packages\rest_framework\serializers.py", line 386, in fields
    for key, value in self.get_fields().items():
                      ~~~~~~~~~~~~~~~^^
  File "C:\Users\Ammar\OneDrive\Desktop\LMS_project\.venv\Lib\site-packages\rest_framework\serializers.py", line 1132, in get_fields
    field_class, field_kwargs = self.build_field(
                                ~~~~~~~~~~~~~~~~^
        source, info, model, depth
        ^^^^^^^^^^^^^^^^^^^^^^^^^^
    )
    ^
  File "C:\Users\Ammar\OneDrive\Desktop\LMS_project\.venv\Lib\site-packages\rest_framework\serializers.py", line 1278, in build_field
    return self.build_unknown_field(field_name, model_class)
           ~~~~~~~~~~~~~~~~~~~~~~~~^^^^^^^^^^^^^^^^^^^^^^^^^
  File "C:\Users\Ammar\OneDrive\Desktop\LMS_project\.venv\Lib\site-packages\rest_framework\serializers.py", line 1396, in build_unknown_field
    raise ImproperlyConfigured(
    ...<2 lines>...
    )
django.core.exceptions.ImproperlyConfigured: Field name `lesson` is not valid for model `Quiz` in `apps.quizzes.serializers.QuizCreateSerializer`.

ERROR 2026-08-04 19:02:16,530 log 15356 16052 Internal Server Error: /api/schema/
ERROR 2026-08-04 19:02:16,532 basehttp 15356 16052 "GET /api/schema/ HTTP/1.1" 500 75
INFO 2026-08-04 19:02:31,644 autoreload 15356 4696 C:\Users\Ammar\OneDrive\Desktop\LMS_project\apps\quizzes\serializers.py changed, reloading.
INFO 2026-08-04 19:02:34,578 autoreload 19036 7264 Watching for file changes with StatReloader
WARNING 2026-08-04 19:02:40,056 log 19036 14512 Not Found: /
WARNING 2026-08-04 19:02:40,057 basehttp 19036 14512 "GET / HTTP/1.1" 404 4572
WARNING 2026-08-04 19:02:50,820 log 19036 12828 Not Found: /schema/
WARNING 2026-08-04 19:02:50,828 basehttp 19036 12828 "GET /schema/ HTTP/1.1" 404 4611
ERROR 2026-08-04 19:03:02,085 exceptions 19036 10884 Unhandled exception: Field name `lesson` is not valid for model `Quiz` in `apps.quizzes.serializers.QuizCreateSerializer`.
Traceback (most recent call last):
  File "C:\Users\Ammar\OneDrive\Desktop\LMS_project\.venv\Lib\site-packages\rest_framework\views.py", line 512, in dispatch
    response = handler(request, *args, **kwargs)
  File "C:\Users\Ammar\OneDrive\Desktop\LMS_project\.venv\Lib\site-packages\drf_spectacular\views.py", line 84, in get
    return self._get_schema_response(request)
           ~~~~~~~~~~~~~~~~~~~~~~~~~^^^^^^^^^
  File "C:\Users\Ammar\OneDrive\Desktop\LMS_project\.venv\Lib\site-packages\drf_spectacular\views.py", line 92, in _get_schema_response
    data=generator.get_schema(request=request, public=self.serve_public),
         ~~~~~~~~~~~~~~~~~~~~^^^^^^^^^^^^^^^^^^^^^^^^^^^^^^^^^^^^^^^^^^^
  File "C:\Users\Ammar\OneDrive\Desktop\LMS_project\.venv\Lib\site-packages\drf_spectacular\generators.py", line 287, in get_schema
    paths=self.parse(request, public),
          ~~~~~~~~~~^^^^^^^^^^^^^^^^^
  File "C:\Users\Ammar\OneDrive\Desktop\LMS_project\.venv\Lib\site-packages\drf_spectacular\generators.py", line 258, in parse
    operation = view.schema.get_operation(
        path, path_regex, path_prefix, method, self.registry
    )
  File "C:\Users\Ammar\OneDrive\Desktop\LMS_project\.venv\Lib\site-packages\drf_spectacular\openapi.py", line 101, in get_operation
    request_body = self._get_request_body()
  File "C:\Users\Ammar\OneDrive\Desktop\LMS_project\.venv\Lib\site-packages\drf_spectacular\openapi.py", line 1331, in _get_request_body
    schema, partial_request_body_required = self._get_request_for_media_type(serializer, direction)
                                            ~~~~~~~~~~~~~~~~~~~~~~~~~~~~~~~~^^^^^^^^^^^^^^^^^^^^^^^
  File "C:\Users\Ammar\OneDrive\Desktop\LMS_project\.venv\Lib\site-packages\drf_spectacular\openapi.py", line 1363, in _get_request_for_media_type
    component = self.resolve_serializer(serializer, direction)
  File "C:\Users\Ammar\OneDrive\Desktop\LMS_project\.venv\Lib\site-packages\drf_spectacular\openapi.py", line 1658, in resolve_serializer
    component.schema = self._map_serializer(serializer, direction, bypass_extensions)
                       ~~~~~~~~~~~~~~~~~~~~^^^^^^^^^^^^^^^^^^^^^^^^^^^^^^^^^^^^^^^^^^
  File "C:\Users\Ammar\OneDrive\Desktop\LMS_project\.venv\Lib\site-packages\drf_spectacular\openapi.py", line 959, in _map_serializer
    schema = self._map_basic_serializer(serializer, direction)
  File "C:\Users\Ammar\OneDrive\Desktop\LMS_project\.venv\Lib\site-packages\drf_spectacular\openapi.py", line 1052, in _map_basic_serializer
    for field in serializer.fields.values():
                 ^^^^^^^^^^^^^^^^^
  File "C:\Users\Ammar\OneDrive\Desktop\LMS_project\.venv\Lib\site-packages\django\utils\functional.py", line 47, in __get__
    res = instance.__dict__[self.name] = self.func(instance)
                                         ~~~~~~~~~^^^^^^^^^^
  File "C:\Users\Ammar\OneDrive\Desktop\LMS_project\.venv\Lib\site-packages\rest_framework\serializers.py", line 386, in fields
    for key, value in self.get_fields().items():
                      ~~~~~~~~~~~~~~~^^
  File "C:\Users\Ammar\OneDrive\Desktop\LMS_project\.venv\Lib\site-packages\rest_framework\serializers.py", line 1132, in get_fields
    field_class, field_kwargs = self.build_field(
                                ~~~~~~~~~~~~~~~~^
        source, info, model, depth
        ^^^^^^^^^^^^^^^^^^^^^^^^^^
    )
    ^
  File "C:\Users\Ammar\OneDrive\Desktop\LMS_project\.venv\Lib\site-packages\rest_framework\serializers.py", line 1278, in build_field
    return self.build_unknown_field(field_name, model_class)
           ~~~~~~~~~~~~~~~~~~~~~~~~^^^^^^^^^^^^^^^^^^^^^^^^^
  File "C:\Users\Ammar\OneDrive\Desktop\LMS_project\.venv\Lib\site-packages\rest_framework\serializers.py", line 1396, in build_unknown_field
    raise ImproperlyConfigured(
    ...<2 lines>...
    )
django.core.exceptions.ImproperlyConfigured: Field name `lesson` is not valid for model `Quiz` in `apps.quizzes.serializers.QuizCreateSerializer`.

ERROR 2026-08-04 19:03:02,100 log 19036 10884 Internal Server Error: /api/schema/
ERROR 2026-08-04 19:03:02,101 basehttp 19036 10884 "GET /api/schema/ HTTP/1.1" 500 75
ERROR 2026-08-04 19:03:03,359 exceptions 19036 3304 Unhandled exception: Field name `lesson` is not valid for model `Quiz` in `apps.quizzes.serializers.QuizCreateSerializer`.
Traceback (most recent call last):
  File "C:\Users\Ammar\OneDrive\Desktop\LMS_project\.venv\Lib\site-packages\rest_framework\views.py", line 512, in dispatch
    response = handler(request, *args, **kwargs)
  File "C:\Users\Ammar\OneDrive\Desktop\LMS_project\.venv\Lib\site-packages\drf_spectacular\views.py", line 84, in get
    return self._get_schema_response(request)
           ~~~~~~~~~~~~~~~~~~~~~~~~~^^^^^^^^^
  File "C:\Users\Ammar\OneDrive\Desktop\LMS_project\.venv\Lib\site-packages\drf_spectacular\views.py", line 92, in _get_schema_response
    data=generator.get_schema(request=request, public=self.serve_public),
         ~~~~~~~~~~~~~~~~~~~~^^^^^^^^^^^^^^^^^^^^^^^^^^^^^^^^^^^^^^^^^^^
  File "C:\Users\Ammar\OneDrive\Desktop\LMS_project\.venv\Lib\site-packages\drf_spectacular\generators.py", line 287, in get_schema
    paths=self.parse(request, public),
          ~~~~~~~~~~^^^^^^^^^^^^^^^^^
  File "C:\Users\Ammar\OneDrive\Desktop\LMS_project\.venv\Lib\site-packages\drf_spectacular\generators.py", line 258, in parse
    operation = view.schema.get_operation(
        path, path_regex, path_prefix, method, self.registry
    )
  File "C:\Users\Ammar\OneDrive\Desktop\LMS_project\.venv\Lib\site-packages\drf_spectacular\openapi.py", line 101, in get_operation
    request_body = self._get_request_body()
  File "C:\Users\Ammar\OneDrive\Desktop\LMS_project\.venv\Lib\site-packages\drf_spectacular\openapi.py", line 1331, in _get_request_body
    schema, partial_request_body_required = self._get_request_for_media_type(serializer, direction)
                                            ~~~~~~~~~~~~~~~~~~~~~~~~~~~~~~~~^^^^^^^^^^^^^^^^^^^^^^^
  File "C:\Users\Ammar\OneDrive\Desktop\LMS_project\.venv\Lib\site-packages\drf_spectacular\openapi.py", line 1363, in _get_request_for_media_type
    component = self.resolve_serializer(serializer, direction)
  File "C:\Users\Ammar\OneDrive\Desktop\LMS_project\.venv\Lib\site-packages\drf_spectacular\openapi.py", line 1658, in resolve_serializer
    component.schema = self._map_serializer(serializer, direction, bypass_extensions)
                       ~~~~~~~~~~~~~~~~~~~~^^^^^^^^^^^^^^^^^^^^^^^^^^^^^^^^^^^^^^^^^^
  File "C:\Users\Ammar\OneDrive\Desktop\LMS_project\.venv\Lib\site-packages\drf_spectacular\openapi.py", line 959, in _map_serializer
    schema = self._map_basic_serializer(serializer, direction)
  File "C:\Users\Ammar\OneDrive\Desktop\LMS_project\.venv\Lib\site-packages\drf_spectacular\openapi.py", line 1052, in _map_basic_serializer
    for field in serializer.fields.values():
                 ^^^^^^^^^^^^^^^^^
  File "C:\Users\Ammar\OneDrive\Desktop\LMS_project\.venv\Lib\site-packages\django\utils\functional.py", line 47, in __get__
    res = instance.__dict__[self.name] = self.func(instance)
                                         ~~~~~~~~~^^^^^^^^^^
  File "C:\Users\Ammar\OneDrive\Desktop\LMS_project\.venv\Lib\site-packages\rest_framework\serializers.py", line 386, in fields
    for key, value in self.get_fields().items():
                      ~~~~~~~~~~~~~~~^^
  File "C:\Users\Ammar\OneDrive\Desktop\LMS_project\.venv\Lib\site-packages\rest_framework\serializers.py", line 1132, in get_fields
    field_class, field_kwargs = self.build_field(
                                ~~~~~~~~~~~~~~~~^
        source, info, model, depth
        ^^^^^^^^^^^^^^^^^^^^^^^^^^
    )
    ^
  File "C:\Users\Ammar\OneDrive\Desktop\LMS_project\.venv\Lib\site-packages\rest_framework\serializers.py", line 1278, in build_field
    return self.build_unknown_field(field_name, model_class)
           ~~~~~~~~~~~~~~~~~~~~~~~~^^^^^^^^^^^^^^^^^^^^^^^^^
  File "C:\Users\Ammar\OneDrive\Desktop\LMS_project\.venv\Lib\site-packages\rest_framework\serializers.py", line 1396, in build_unknown_field
    raise ImproperlyConfigured(
    ...<2 lines>...
    )
django.core.exceptions.ImproperlyConfigured: Field name `lesson` is not valid for model `Quiz` in `apps.quizzes.serializers.QuizCreateSerializer`.

ERROR 2026-08-04 19:03:03,362 log 19036 3304 Internal Server Error: /api/schema/
ERROR 2026-08-04 19:03:03,362 basehttp 19036 3304 "GET /api/schema/ HTTP/1.1" 500 75
ERROR 2026-08-04 19:03:08,752 exceptions 19036 14128 Unhandled exception: Field name `lesson` is not valid for model `Quiz` in `apps.quizzes.serializers.QuizCreateSerializer`.
Traceback (most recent call last):
  File "C:\Users\Ammar\OneDrive\Desktop\LMS_project\.venv\Lib\site-packages\rest_framework\views.py", line 512, in dispatch
    response = handler(request, *args, **kwargs)
  File "C:\Users\Ammar\OneDrive\Desktop\LMS_project\.venv\Lib\site-packages\drf_spectacular\views.py", line 84, in get
    return self._get_schema_response(request)
           ~~~~~~~~~~~~~~~~~~~~~~~~~^^^^^^^^^
  File "C:\Users\Ammar\OneDrive\Desktop\LMS_project\.venv\Lib\site-packages\drf_spectacular\views.py", line 92, in _get_schema_response
    data=generator.get_schema(request=request, public=self.serve_public),
         ~~~~~~~~~~~~~~~~~~~~^^^^^^^^^^^^^^^^^^^^^^^^^^^^^^^^^^^^^^^^^^^
  File "C:\Users\Ammar\OneDrive\Desktop\LMS_project\.venv\Lib\site-packages\drf_spectacular\generators.py", line 287, in get_schema
    paths=self.parse(request, public),
          ~~~~~~~~~~^^^^^^^^^^^^^^^^^
  File "C:\Users\Ammar\OneDrive\Desktop\LMS_project\.venv\Lib\site-packages\drf_spectacular\generators.py", line 258, in parse
    operation = view.schema.get_operation(
        path, path_regex, path_prefix, method, self.registry
    )
  File "C:\Users\Ammar\OneDrive\Desktop\LMS_project\.venv\Lib\site-packages\drf_spectacular\openapi.py", line 101, in get_operation
    request_body = self._get_request_body()
  File "C:\Users\Ammar\OneDrive\Desktop\LMS_project\.venv\Lib\site-packages\drf_spectacular\openapi.py", line 1331, in _get_request_body
    schema, partial_request_body_required = self._get_request_for_media_type(serializer, direction)
                                            ~~~~~~~~~~~~~~~~~~~~~~~~~~~~~~~~^^^^^^^^^^^^^^^^^^^^^^^
  File "C:\Users\Ammar\OneDrive\Desktop\LMS_project\.venv\Lib\site-packages\drf_spectacular\openapi.py", line 1363, in _get_request_for_media_type
    component = self.resolve_serializer(serializer, direction)
  File "C:\Users\Ammar\OneDrive\Desktop\LMS_project\.venv\Lib\site-packages\drf_spectacular\openapi.py", line 1658, in resolve_serializer
    component.schema = self._map_serializer(serializer, direction, bypass_extensions)
                       ~~~~~~~~~~~~~~~~~~~~^^^^^^^^^^^^^^^^^^^^^^^^^^^^^^^^^^^^^^^^^^
  File "C:\Users\Ammar\OneDrive\Desktop\LMS_project\.venv\Lib\site-packages\drf_spectacular\openapi.py", line 959, in _map_serializer
    schema = self._map_basic_serializer(serializer, direction)
  File "C:\Users\Ammar\OneDrive\Desktop\LMS_project\.venv\Lib\site-packages\drf_spectacular\openapi.py", line 1052, in _map_basic_serializer
    for field in serializer.fields.values():
                 ^^^^^^^^^^^^^^^^^
  File "C:\Users\Ammar\OneDrive\Desktop\LMS_project\.venv\Lib\site-packages\django\utils\functional.py", line 47, in __get__
    res = instance.__dict__[self.name] = self.func(instance)
                                         ~~~~~~~~~^^^^^^^^^^
  File "C:\Users\Ammar\OneDrive\Desktop\LMS_project\.venv\Lib\site-packages\rest_framework\serializers.py", line 386, in fields
    for key, value in self.get_fields().items():
                      ~~~~~~~~~~~~~~~^^
  File "C:\Users\Ammar\OneDrive\Desktop\LMS_project\.venv\Lib\site-packages\rest_framework\serializers.py", line 1132, in get_fields
    field_class, field_kwargs = self.build_field(
                                ~~~~~~~~~~~~~~~~^
        source, info, model, depth
        ^^^^^^^^^^^^^^^^^^^^^^^^^^
    )
    ^
  File "C:\Users\Ammar\OneDrive\Desktop\LMS_project\.venv\Lib\site-packages\rest_framework\serializers.py", line 1278, in build_field
    return self.build_unknown_field(field_name, model_class)
           ~~~~~~~~~~~~~~~~~~~~~~~~^^^^^^^^^^^^^^^^^^^^^^^^^
  File "C:\Users\Ammar\OneDrive\Desktop\LMS_project\.venv\Lib\site-packages\rest_framework\serializers.py", line 1396, in build_unknown_field
    raise ImproperlyConfigured(
    ...<2 lines>...
    )
django.core.exceptions.ImproperlyConfigured: Field name `lesson` is not valid for model `Quiz` in `apps.quizzes.serializers.QuizCreateSerializer`.

ERROR 2026-08-04 19:03:08,755 log 19036 14128 Internal Server Error: /api/schema/
ERROR 2026-08-04 19:03:08,758 basehttp 19036 14128 "GET /api/schema/ HTTP/1.1" 500 75
ERROR 2026-08-04 19:03:39,346 exceptions 19036 7596 Unhandled exception: Field name `lesson` is not valid for model `Quiz` in `apps.quizzes.serializers.QuizCreateSerializer`.
Traceback (most recent call last):
  File "C:\Users\Ammar\OneDrive\Desktop\LMS_project\.venv\Lib\site-packages\rest_framework\views.py", line 512, in dispatch
    response = handler(request, *args, **kwargs)
  File "C:\Users\Ammar\OneDrive\Desktop\LMS_project\.venv\Lib\site-packages\drf_spectacular\views.py", line 84, in get
    return self._get_schema_response(request)
           ~~~~~~~~~~~~~~~~~~~~~~~~~^^^^^^^^^
  File "C:\Users\Ammar\OneDrive\Desktop\LMS_project\.venv\Lib\site-packages\drf_spectacular\views.py", line 92, in _get_schema_response
    data=generator.get_schema(request=request, public=self.serve_public),
         ~~~~~~~~~~~~~~~~~~~~^^^^^^^^^^^^^^^^^^^^^^^^^^^^^^^^^^^^^^^^^^^
  File "C:\Users\Ammar\OneDrive\Desktop\LMS_project\.venv\Lib\site-packages\drf_spectacular\generators.py", line 287, in get_schema
    paths=self.parse(request, public),
          ~~~~~~~~~~^^^^^^^^^^^^^^^^^
  File "C:\Users\Ammar\OneDrive\Desktop\LMS_project\.venv\Lib\site-packages\drf_spectacular\generators.py", line 258, in parse
    operation = view.schema.get_operation(
        path, path_regex, path_prefix, method, self.registry
    )
  File "C:\Users\Ammar\OneDrive\Desktop\LMS_project\.venv\Lib\site-packages\drf_spectacular\openapi.py", line 101, in get_operation
    request_body = self._get_request_body()
  File "C:\Users\Ammar\OneDrive\Desktop\LMS_project\.venv\Lib\site-packages\drf_spectacular\openapi.py", line 1331, in _get_request_body
    schema, partial_request_body_required = self._get_request_for_media_type(serializer, direction)
                                            ~~~~~~~~~~~~~~~~~~~~~~~~~~~~~~~~^^^^^^^^^^^^^^^^^^^^^^^
  File "C:\Users\Ammar\OneDrive\Desktop\LMS_project\.venv\Lib\site-packages\drf_spectacular\openapi.py", line 1363, in _get_request_for_media_type
    component = self.resolve_serializer(serializer, direction)
  File "C:\Users\Ammar\OneDrive\Desktop\LMS_project\.venv\Lib\site-packages\drf_spectacular\openapi.py", line 1658, in resolve_serializer
    component.schema = self._map_serializer(serializer, direction, bypass_extensions)
                       ~~~~~~~~~~~~~~~~~~~~^^^^^^^^^^^^^^^^^^^^^^^^^^^^^^^^^^^^^^^^^^
  File "C:\Users\Ammar\OneDrive\Desktop\LMS_project\.venv\Lib\site-packages\drf_spectacular\openapi.py", line 959, in _map_serializer
    schema = self._map_basic_serializer(serializer, direction)
  File "C:\Users\Ammar\OneDrive\Desktop\LMS_project\.venv\Lib\site-packages\drf_spectacular\openapi.py", line 1052, in _map_basic_serializer
    for field in serializer.fields.values():
                 ^^^^^^^^^^^^^^^^^
  File "C:\Users\Ammar\OneDrive\Desktop\LMS_project\.venv\Lib\site-packages\django\utils\functional.py", line 47, in __get__
    res = instance.__dict__[self.name] = self.func(instance)
                                         ~~~~~~~~~^^^^^^^^^^
  File "C:\Users\Ammar\OneDrive\Desktop\LMS_project\.venv\Lib\site-packages\rest_framework\serializers.py", line 386, in fields
    for key, value in self.get_fields().items():
                      ~~~~~~~~~~~~~~~^^
  File "C:\Users\Ammar\OneDrive\Desktop\LMS_project\.venv\Lib\site-packages\rest_framework\serializers.py", line 1132, in get_fields
    field_class, field_kwargs = self.build_field(
                                ~~~~~~~~~~~~~~~~^
        source, info, model, depth
        ^^^^^^^^^^^^^^^^^^^^^^^^^^
    )
    ^
  File "C:\Users\Ammar\OneDrive\Desktop\LMS_project\.venv\Lib\site-packages\rest_framework\serializers.py", line 1278, in build_field
    return self.build_unknown_field(field_name, model_class)
           ~~~~~~~~~~~~~~~~~~~~~~~~^^^^^^^^^^^^^^^^^^^^^^^^^
  File "C:\Users\Ammar\OneDrive\Desktop\LMS_project\.venv\Lib\site-packages\rest_framework\serializers.py", line 1396, in build_unknown_field
    raise ImproperlyConfigured(
    ...<2 lines>...
    )
django.core.exceptions.ImproperlyConfigured: Field name `lesson` is not valid for model `Quiz` in `apps.quizzes.serializers.QuizCreateSerializer`.

ERROR 2026-08-04 19:03:39,357 log 19036 7596 Internal Server Error: /api/schema/
ERROR 2026-08-04 19:03:39,359 basehttp 19036 7596 "GET /api/schema/ HTTP/1.1" 500 75
ERROR 2026-08-04 19:04:40,004 exceptions 19036 2316 Unhandled exception: Field name `lesson` is not valid for model `Quiz` in `apps.quizzes.serializers.QuizCreateSerializer`.
Traceback (most recent call last):
  File "C:\Users\Ammar\OneDrive\Desktop\LMS_project\.venv\Lib\site-packages\rest_framework\views.py", line 512, in dispatch
    response = handler(request, *args, **kwargs)
  File "C:\Users\Ammar\OneDrive\Desktop\LMS_project\.venv\Lib\site-packages\drf_spectacular\views.py", line 84, in get
    return self._get_schema_response(request)
           ~~~~~~~~~~~~~~~~~~~~~~~~~^^^^^^^^^
  File "C:\Users\Ammar\OneDrive\Desktop\LMS_project\.venv\Lib\site-packages\drf_spectacular\views.py", line 92, in _get_schema_response
    data=generator.get_schema(request=request, public=self.serve_public),
         ~~~~~~~~~~~~~~~~~~~~^^^^^^^^^^^^^^^^^^^^^^^^^^^^^^^^^^^^^^^^^^^
  File "C:\Users\Ammar\OneDrive\Desktop\LMS_project\.venv\Lib\site-packages\drf_spectacular\generators.py", line 287, in get_schema
    paths=self.parse(request, public),
          ~~~~~~~~~~^^^^^^^^^^^^^^^^^
  File "C:\Users\Ammar\OneDrive\Desktop\LMS_project\.venv\Lib\site-packages\drf_spectacular\generators.py", line 258, in parse
    operation = view.schema.get_operation(
        path, path_regex, path_prefix, method, self.registry
    )
  File "C:\Users\Ammar\OneDrive\Desktop\LMS_project\.venv\Lib\site-packages\drf_spectacular\openapi.py", line 101, in get_operation
    request_body = self._get_request_body()
  File "C:\Users\Ammar\OneDrive\Desktop\LMS_project\.venv\Lib\site-packages\drf_spectacular\openapi.py", line 1331, in _get_request_body
    schema, partial_request_body_required = self._get_request_for_media_type(serializer, direction)
                                            ~~~~~~~~~~~~~~~~~~~~~~~~~~~~~~~~^^^^^^^^^^^^^^^^^^^^^^^
  File "C:\Users\Ammar\OneDrive\Desktop\LMS_project\.venv\Lib\site-packages\drf_spectacular\openapi.py", line 1363, in _get_request_for_media_type
    component = self.resolve_serializer(serializer, direction)
  File "C:\Users\Ammar\OneDrive\Desktop\LMS_project\.venv\Lib\site-packages\drf_spectacular\openapi.py", line 1658, in resolve_serializer
    component.schema = self._map_serializer(serializer, direction, bypass_extensions)
                       ~~~~~~~~~~~~~~~~~~~~^^^^^^^^^^^^^^^^^^^^^^^^^^^^^^^^^^^^^^^^^^
  File "C:\Users\Ammar\OneDrive\Desktop\LMS_project\.venv\Lib\site-packages\drf_spectacular\openapi.py", line 959, in _map_serializer
    schema = self._map_basic_serializer(serializer, direction)
  File "C:\Users\Ammar\OneDrive\Desktop\LMS_project\.venv\Lib\site-packages\drf_spectacular\openapi.py", line 1052, in _map_basic_serializer
    for field in serializer.fields.values():
                 ^^^^^^^^^^^^^^^^^
  File "C:\Users\Ammar\OneDrive\Desktop\LMS_project\.venv\Lib\site-packages\django\utils\functional.py", line 47, in __get__
    res = instance.__dict__[self.name] = self.func(instance)
                                         ~~~~~~~~~^^^^^^^^^^
  File "C:\Users\Ammar\OneDrive\Desktop\LMS_project\.venv\Lib\site-packages\rest_framework\serializers.py", line 386, in fields
    for key, value in self.get_fields().items():
                      ~~~~~~~~~~~~~~~^^
  File "C:\Users\Ammar\OneDrive\Desktop\LMS_project\.venv\Lib\site-packages\rest_framework\serializers.py", line 1132, in get_fields
    field_class, field_kwargs = self.build_field(
                                ~~~~~~~~~~~~~~~~^
        source, info, model, depth
        ^^^^^^^^^^^^^^^^^^^^^^^^^^
    )
    ^
  File "C:\Users\Ammar\OneDrive\Desktop\LMS_project\.venv\Lib\site-packages\rest_framework\serializers.py", line 1278, in build_field
    return self.build_unknown_field(field_name, model_class)
           ~~~~~~~~~~~~~~~~~~~~~~~~^^^^^^^^^^^^^^^^^^^^^^^^^
  File "C:\Users\Ammar\OneDrive\Desktop\LMS_project\.venv\Lib\site-packages\rest_framework\serializers.py", line 1396, in build_unknown_field
    raise ImproperlyConfigured(
    ...<2 lines>...
    )
django.core.exceptions.ImproperlyConfigured: Field name `lesson` is not valid for model `Quiz` in `apps.quizzes.serializers.QuizCreateSerializer`.

ERROR 2026-08-04 19:04:40,041 log 19036 2316 Internal Server Error: /api/schema/
ERROR 2026-08-04 19:04:40,043 basehttp 19036 2316 "GET /api/schema/ HTTP/1.1" 500 75
INFO 2026-08-04 19:07:49,274 autoreload 19036 7264 C:\Users\Ammar\OneDrive\Desktop\LMS_project\apps\quizzes\serializers.py changed, reloading.
INFO 2026-08-04 19:07:51,768 autoreload 13080 18032 Watching for file changes with StatReloader
WARNING 2026-08-04 19:07:57,141 log 13080 9900 Not Found: /
WARNING 2026-08-04 19:07:57,142 basehttp 13080 9900 "GET / HTTP/1.1" 404 4572
INFO 2026-08-04 19:08:19,997 basehttp 13080 9004 "GET /api/schema/ HTTP/1.1" 200 86788
INFO 2026-08-04 19:08:35,755 basehttp 13080 16276 "GET /api/docs/ HTTP/1.1" 200 4662
INFO 2026-08-04 19:08:36,239 basehttp 13080 16276 "GET /api/schema/ HTTP/1.1" 200 191413
WARNING 2026-08-04 19:14:04,124 exceptions 13080 4456 API error 401: Authentication credentials were not provided.
WARNING 2026-08-04 19:14:04,172 log 13080 4456 Unauthorized: /api/courses/
WARNING 2026-08-04 19:14:04,184 basehttp 13080 4456 "GET /api/courses/ HTTP/1.1" 401 165
INFO 2026-08-04 19:16:16,564 basehttp 13080 12716 "POST /api/auth/login/ HTTP/1.1" 200 752
INFO 2026-08-04 19:17:53,029 basehttp 13080 12716 "POST /api/auth/login/ HTTP/1.1" 200 758
WARNING 2026-08-04 19:19:44,320 exceptions 13080 19628 API error 401: Given token not valid for any token type
WARNING 2026-08-04 19:19:44,349 log 13080 19628 Unauthorized: /api/courses/
WARNING 2026-08-04 19:19:44,354 basehttp 13080 19628 "POST /api/courses/ HTTP/1.1" 401 274
WARNING 2026-08-04 19:22:42,417 exceptions 13080 1144 API error 401: Given token not valid for any token type
WARNING 2026-08-04 19:22:42,443 log 13080 1144 Unauthorized: /api/courses/
WARNING 2026-08-04 19:22:42,451 basehttp 13080 1144 "POST /api/courses/ HTTP/1.1" 401 274
INFO 2026-08-04 19:23:53,371 autoreload 7380 19648 Watching for file changes with StatReloader
WARNING 2026-08-04 19:24:33,113 exceptions 7380 17436 API error 401: Given token not valid for any token type
WARNING 2026-08-04 19:24:33,128 log 7380 17436 Unauthorized: /api/courses/
WARNING 2026-08-04 19:24:33,133 basehttp 7380 17436 "POST /api/courses/ HTTP/1.1" 401 274
INFO 2026-08-04 19:26:43,107 middleware 7380 18088 user=83 method=POST path=/api/courses/ status=201 ip=127.0.0.1
INFO 2026-08-04 19:26:43,124 basehttp 7380 18088 "POST /api/courses/ HTTP/1.1" 201 306
WARNING 2026-08-04 19:28:55,865 exceptions 7380 6632 API error 403: You do not have permission to perform this action.
INFO 2026-08-04 19:28:55,875 middleware 7380 6632 user=82 method=POST path=/api/courses/ status=403 ip=127.0.0.1
WARNING 2026-08-04 19:28:55,879 log 7380 6632 Forbidden: /api/courses/
WARNING 2026-08-04 19:28:55,883 basehttp 7380 6632 "POST /api/courses/ HTTP/1.1" 403 175
INFO 2026-08-05 19:56:17,713 autoreload 3956 14568 Watching for file changes with StatReloader
INFO 2026-08-05 20:07:31,824 autoreload 9820 5492 Watching for file changes with StatReloader
INFO 2026-08-05 20:08:40,336 basehttp 9820 1508 "POST /api/auth/login/ HTTP/1.1" 200 742
WARNING 2026-08-05 20:10:06,371 log 9820 15204 Not Found: /api/admin/users/
WARNING 2026-08-05 20:10:06,376 basehttp 9820 15204 "GET /api/admin/users/ HTTP/1.1" 404 4638
WARNING 2026-08-05 20:14:42,826 exceptions 9820 21796 API error 403: You do not have permission to perform this action.
WARNING 2026-08-05 20:14:42,838 log 9820 21796 Forbidden: /api/auth/users/
WARNING 2026-08-05 20:14:42,840 basehttp 9820 21796 "GET /api/auth/users/ HTTP/1.1" 403 175
INFO 2026-08-05 20:25:43,316 autoreload 30276 24520 Watching for file changes with StatReloader
INFO 2026-08-05 20:25:53,781 basehttp 30276 31628 "POST /api/auth/login/ HTTP/1.1" 200 734
INFO 2026-08-05 20:26:25,127 basehttp 30276 31628 "GET /api/auth/users/ HTTP/1.1" 200 4549
